/*
SQLyog Enterprise - MySQL GUI v7.15 
MySQL - 5.6.42 : Database - bluenet_nap_stg
*********************************************************************
*/


/*!40101 SET NAMES utf8 */;

/*!40101 SET SQL_MODE=''*/;

/*!40014 SET @OLD_FOREIGN_KEY_CHECKS=@@FOREIGN_KEY_CHECKS, FOREIGN_KEY_CHECKS=0 */;
/*!40101 SET @OLD_SQL_MODE=@@SQL_MODE, SQL_MODE='NO_AUTO_VALUE_ON_ZERO' */;

CREATE DATABASE /*!32312 IF NOT EXISTS*/`bluenet_nap_stg` /*!40100 DEFAULT CHARACTER SET utf8 */;

USE `bluenet_nap_stg`;

/*Table structure for table `department` */

DROP TABLE IF EXISTS `department`;

CREATE TABLE `department` (
  `department_id` int(11) NOT NULL AUTO_INCREMENT,
  `department_name` varchar(50) NOT NULL,
  `department_description` varchar(255) NOT NULL,
  `created_on` timestamp NOT NULL DEFAULT CURRENT_TIMESTAMP ON UPDATE CURRENT_TIMESTAMP,
  `updated_on` timestamp NOT NULL DEFAULT '0000-00-00 00:00:00',
  `fun_area_id` int(11) NOT NULL,
  PRIMARY KEY (`department_id`)
) ENGINE=InnoDB AUTO_INCREMENT=53 DEFAULT CHARSET=latin1;

/*Data for the table `department` */

insert  into `department`(`department_id`,`department_name`,`department_description`,`created_on`,`updated_on`,`fun_area_id`) values (7,'Sales','Sales','2019-01-23 12:00:13','0000-00-00 00:00:00',0),(8,'Marketing','Marketing','2019-01-23 12:00:21','0000-00-00 00:00:00',0),(9,'Commercial Development','Commercial Development','2019-01-23 12:00:29','0000-00-00 00:00:00',0),(10,'Product Testing','Product Testing','2019-01-23 12:00:36','0000-00-00 00:00:00',0),(11,'software testing','evaluate the functionality of a software application','2019-02-20 05:10:00','0000-00-00 00:00:00',0),(12,'Histology Instruments','Histology Instruments Description','2019-02-21 12:20:31','0000-00-00 00:00:00',14),(13,'Histology Consumables','Histology Consumables Description','2019-02-21 12:20:58','0000-00-00 00:00:00',14),(14,'Advanced Staining','Advanced Staining Description','2019-02-21 12:21:27','0000-00-00 00:00:00',14),(15,'Pathology','Pathology Description','2019-02-21 12:21:45','0000-00-00 00:00:00',14),(16,'Other','Other Description','2019-02-21 12:22:06','0000-00-00 00:00:00',14),(17,'Histology Instruments','Histology Instruments Description','2019-02-21 12:22:43','0000-00-00 00:00:00',15),(18,'Histology Consumables','Histology Consumables Description','2019-02-21 12:23:10','0000-00-00 00:00:00',15),(19,'Advanced Staining','Advanced Staining Description','2019-02-21 12:24:00','0000-00-00 00:00:00',15),(20,'Pathology','Pathology Description','2019-02-21 12:24:18','0000-00-00 00:00:00',15),(21,'Other','Other Description','2019-02-21 12:24:42','0000-00-00 00:00:00',15),(22,'Corporate Accounts','Corporate Accounts Description','2019-02-21 12:25:14','0000-00-00 00:00:00',16),(23,'Canada Sales','Canada Sales Description','2019-02-21 12:25:42','0000-00-00 00:00:00',16),(24,'Commercial Development','Commercial Development Description','2019-02-21 12:26:03','0000-00-00 00:00:00',16),(25,'Other','Other Description','2019-02-21 12:26:31','0000-00-00 00:00:00',16),(26,'ePathology','ePathology Description','2019-02-21 12:27:47','0000-00-00 00:00:00',17),(27,'Life Science','Life Science Description','2019-02-21 12:28:07','0000-00-00 00:00:00',17),(28,'Cytovision','Cytovision Description','2019-02-21 12:28:32','0000-00-00 00:00:00',17),(29,'Other','Other Description','2019-02-21 12:28:52','0000-00-00 00:00:00',17),(30,'U.S. Applications','U.S. Applications Description','2019-02-21 12:41:10','0000-00-00 00:00:00',18),(31,'LATAM Applications','LATAM Applications Description','2019-02-21 12:41:30','0000-00-00 00:00:00',18),(32,'LIS Integration','LIS Integration Description','2019-02-21 12:41:46','0000-00-00 00:00:00',18),(33,'Other','Other Description','2019-02-21 12:42:05','0000-00-00 00:00:00',18),(34,'Sales','Sales Description','2019-02-21 12:42:29','0000-00-00 00:00:00',19),(35,'Field Technical Service','Field Technical Service Description','2019-02-21 13:11:59','2019-02-21 13:11:59',19),(36,'Marketing','Marketing Description','2019-02-21 12:43:19','2019-02-21 12:43:19',19),(37,'Office Support','Office Support Description','2019-02-21 12:43:43','0000-00-00 00:00:00',19),(38,'U.S. Field Service','U.S. Field Service Description','2019-02-21 13:15:58','0000-00-00 00:00:00',21),(39,'Canada Field Service','Canada Field Service Description','2019-02-21 13:16:22','0000-00-00 00:00:00',21),(40,'Support Administration','Support Administration Description','2019-02-21 13:16:47','0000-00-00 00:00:00',21),(41,'Marketing & Sales Service','Marketing & Sales Service Description','2019-02-21 13:17:12','0000-00-00 00:00:00',21),(42,'Service Call Center','Service Call Center Description','2019-02-21 13:17:30','0000-00-00 00:00:00',21),(43,'Technical Support - California','Technical Support - California Description','2019-02-21 13:17:50','0000-00-00 00:00:00',21),(44,'Other','Other Description','2019-02-21 13:18:22','0000-00-00 00:00:00',21),(45,'Sales Training','Sales Training Description','2019-02-21 13:19:47','0000-00-00 00:00:00',22),(46,'Inside Sales','Inside Sales Description','2019-02-21 13:20:08','0000-00-00 00:00:00',22),(47,'Finance','Finance Description','2019-02-21 13:21:51','0000-00-00 00:00:00',24),(48,'Commercial Operations','Commercial Operations Description','2019-02-21 13:22:11','0000-00-00 00:00:00',24),(49,'Other','Other Description','2019-02-21 13:22:30','0000-00-00 00:00:00',24),(50,'testing','testing','2019-02-25 06:50:10','0000-00-00 00:00:00',13),(52,'Calling','Calling','2019-02-26 06:49:43','2019-02-26 06:49:43',8);

/*Table structure for table `document` */

DROP TABLE IF EXISTS `document`;

CREATE TABLE `document` (
  `document_id` int(11) NOT NULL AUTO_INCREMENT,
  `document_title` varchar(255) DEFAULT '',
  `document_template` text,
  `doc_folder_id` int(11) NOT NULL COMMENT 'doc_folder_id from document_folder table',
  `doc_category_id` int(11) NOT NULL COMMENT 'doc_category_id from document_category table',
  `status` int(11) NOT NULL,
  `created_on` datetime NOT NULL,
  `updated_on` datetime NOT NULL,
  `form_steps` tinyint(2) DEFAULT '1',
  PRIMARY KEY (`document_id`),
  KEY `doc_folder_id` (`doc_folder_id`),
  KEY `doc_category_id` (`doc_category_id`),
  CONSTRAINT `document_ibfk_1` FOREIGN KEY (`doc_folder_id`) REFERENCES `document_folder` (`doc_folder_id`),
  CONSTRAINT `document_ibfk_2` FOREIGN KEY (`doc_category_id`) REFERENCES `document_category` (`doc_category_id`)
) ENGINE=InnoDB AUTO_INCREMENT=27 DEFAULT CHARSET=utf8mb4;

/*Data for the table `document` */

insert  into `document`(`document_id`,`document_title`,`document_template`,`doc_folder_id`,`doc_category_id`,`status`,`created_on`,`updated_on`,`form_steps`) values (14,'Some Template','<p>Dear {firstname},</p>\r\n<p>Welcome to Leica Biosystems. We are taking you on as a {designation} with compensation of {salary}.</p>\r\n<p>&nbsp;</p>\r\n<p>Regards,</p>\r\n<p>Rohit Naik</p>\r\n<p>{signature_hr_admin}</p>\r\n<p>&nbsp;</p>\r\n<p>Acknowledgement Note : {acknowledgement_note}</p>\r\n<p>&nbsp;</p>',7,8,1,'2019-01-23 12:12:19','2019-01-24 11:53:33',2),(15,'Joining Letter','<p>Dear {first_name},</p>\r\n<p>Welcome to our Organization. You are employed with our organization effective {joining_date}. Your designation will be {designation}.</p>\r\n<p>Please sign this letter as acceptance.</p>\r\n<p>&nbsp;</p>\r\n<p>Warm Regards,</p>\r\n<p>{signature_hr_admin}</p>\r\n<p>HR Admin</p>\r\n<p>&nbsp;</p>\r\n<p>I accept the offer.</p>\r\n<p>{signature_new_associate}</p>',7,8,1,'2019-01-23 12:15:50','0000-00-00 00:00:00',2),(16,'Offer Letter','<p>Dear {first_name},</p>\r\n<p>&nbsp; Do you accept this fantastic offer. I don\'t believe you will get a better one anywhere. If you do please sign below my signature.</p>\r\n<p>&nbsp;</p>\r\n<p>HR ADMIN</p>\r\n<p>{signature_hr_admin}</p>\r\n<p>&nbsp;</p>\r\n<p>I accept this absolutely fantastic offer.</p>\r\n<p>&nbsp;</p>\r\n<p>ASSOCIATE</p>\r\n<p>{signature_new_associate}</p>\r\n<p>&nbsp;</p>\r\n<p>&nbsp;</p>',7,8,1,'2019-01-23 13:16:54','2019-01-31 10:55:30',2),(17,'Thank you note','<p>Hi,</p>\r\n<p>{thank_you_note}</p>\r\n<p>&nbsp;</p>\r\n<p>&nbsp;</p>\r\n<p>{signature_new_associate}</p>',8,9,1,'2019-01-24 11:24:40','0000-00-00 00:00:00',1),(18,'Test letter','							<p>This is a test letter.</p>\r\n<p>{signature_hr_admin}</p>\r\n<p> </p>\r\n<p>I accept</p>\r\n<p>{signature_new_associate}</p>						',7,8,0,'2019-01-28 06:19:26','2019-02-25 05:58:06',2),(19,'Testing Document','<p>Hello {name},</p>\r\n<p>This is testing document.</p>\r\n<p>&nbsp;</p>\r\n<p>{signature_hr_admin}</p>\r\n<p>&nbsp;</p>\r\n<p>{full_name} is new associate.</p>\r\n<p>{signature_new_associate}</p>',7,8,1,'2019-01-31 09:39:33','0000-00-00 00:00:00',2),(20,'GM_Two_Signature Form','<p>Dear {first_name},</p>\r\n<p>&nbsp;</p>\r\n<p>This is a document to create couple of signatures. One for the HR Admin</p>\r\n<p>{signature_hr_admin}</p>\r\n<p>&nbsp;</p>\r\n<p>I, {first_name} {last_name} And the second one for the New Associate.</p>\r\n<p>{signature_new_associate}</p>\r\n<p>&nbsp;</p>',7,8,1,'2019-02-04 06:36:04','0000-00-00 00:00:00',2),(21,'GM_One_Step_Form','<p>Dear {first_name},</p>\r\n<p>&nbsp; Please sign the doucment here and return.</p>\r\n<p>&nbsp;</p>\r\n<p>Signature,</p>\r\n<p>{signature_new_associate}</p>\r\n<p>&nbsp;</p>\r\n<p>&nbsp;</p>\r\n<p>&nbsp;</p>',8,9,1,'2019-02-04 06:42:31','0000-00-00 00:00:00',1),(22,'Test Doucment','',7,8,1,'2019-02-10 06:46:51','2019-02-13 04:09:41',2),(23,'Communication Document','<p>Hello <a class=\"active-variable justify-content-between list-group-item list-group-item-action border-0\" data-field_name=\"FirstName\" data-varname=\"{firstname}\">{firstname}<span class=\"badge badge-primary badge-pill\">HR Associate,</span></a></p>\r\n<p>This is a test.</p>\r\n<p><a class=\"active-variable justify-content-between list-group-item list-group-item-action border-0\" data-field_name=\"HRSignature\" data-varname=\"{hrsignature}\">{hrsignature}<span class=\"badge badge-primary badge-pill\">HR Associate</span></a></p>\r\n<p>&nbsp;</p>\r\n<p><span class=\"badge badge-primary badge-pill\">I acknowledge</span></p>\r\n<p><a class=\"active-variable justify-content-between list-group-item list-group-item-action border-0\" data-field_name=\"NewAssociate\" data-varname=\"{newassociate}\">{newassociate}<span class=\"badge badge-primary badge-pill\">New Associate</span></a></p>',7,8,1,'2019-02-13 04:09:07','2019-02-13 04:12:08',2),(24,'Electronic Communication Policy','<p style=\"text-align: center;\"><span style=\"text-decoration: underline;\">LEICA MICROSYSTEMS, INC.</span><br /><span style=\"text-decoration: underline;\">ELECTRONIC COMMUNICATIONS POLICY</span></p>\r\n<p style=\"text-align: center;\">&nbsp;</p>\r\n<p style=\"text-align: left;\"><span style=\"text-decoration: underline;\">Scope of Policy</span><br />This document sets forth the policies of Leica Microsystems, Inc. (&ldquo;Leica&rdquo;) regarding the use of its electronic communications systems (&ldquo;systems&rdquo;), which include but are not limited to electronic mail, voice mail, facsimiles, computers and related equipment, the intranet, and the Internet and the World Wide Web. All those who use Leica&rsquo;s systems agree by such use to comply with the rules outlined in this Policy. Use of Leica&rsquo;s systems is a privilege that may be revoked in Leica&rsquo;s sole discretion, and one that automatically terminates upon your departure from Leica.</p>\r\n<p style=\"text-align: left;\"><br /><span style=\"text-decoration: underline;\">Ownership of Information and Employee Responsibility</span><br />Leica&rsquo;s systems and all information stored on them are Leica property. All information and messages that are created, sent, received, accessed, or stored using Leica&rsquo;s systems constitute Leica records. Leica owns all information on its systems as well as all information related to Leica business stored on your own personal computer. Upon employment, each individual permitted to use Leica&rsquo;s computer network becomes responsible for protecting the resources and data over which he or she has control. This includes protection of physical property and electronic data, regardless of how the data is collected or stored. The unauthorized use, modification, or destruction of data or other computing resources is prohibited. Employees must respect the rights of other computer network users. Knowingly accessing or sharing data files without owners permission is prohibited. It is the employee responsibility to report loss of, or damage to, any Leica computer or information. Individual users are also responsible for their own computer files and protecting Leica passwords. Users should not circumvent normal resource limits, logon procedures, or security provisions.</p>\r\n<p style=\"text-align: left;\"><span style=\"text-decoration: underline;\">Business Use</span><br />Leica&rsquo;s systems are provided at Leica&rsquo;s expense and should be used to conduct Leica business. Your use of Leica\'s systems should not interfere with the performance of your job or with others&rsquo; performance of their jobs, should not otherwise interfere with Leica business, and should not otherwise violate this Policy or other Leica policies.<br />Security of Electronic Communications<br />Because electronic communications are not inherently secure, you should not send confidential, proprietary, or sensitive information to third parties through e-mail, the Internet, or the World Wide Web without prior authorization from your<br />manager or without first encrypting such messages using Leica-authorized encryption.<br />Leica Electronic Communications Policy, Page 2<br />No Presumption of Privacy/Leica&rsquo;s Right to Monitor Messages<br />Communications on Leica&rsquo;s systems are not private. Any passwords or user IDs used to access Leica&rsquo;s systems are designed to protect Leica&rsquo;s confidential information from outside third parties, not to provide users of Leica&rsquo;s systems with personal privacy in the messages. You should also recognize that all connections and sites you visit in surfing the Internet and World Wide Web may be monitored and recorded. Leica reserves the rights to monitor, access, retrieve, and read all messages created, sent, accessed, received, or stored on Leica&rsquo;s systems without prior notice to the originators and recipients of such messages. Leica may also disclose such messages to law enforcement officials, to other third parties when Leica is legally required to do so, and to third parties and authorized Leica personnel where required for business purposes. Without limitation to the above, Leica also reserves the right to monitor chat rooms and newsgroups, and may examine any material you have uploaded from or downloaded to any of Leica&rsquo;s systems. Leica may at any time monitor, access, retrieve, read, and disclose your electronic communications involving any of Leica\'s systems under the following circumstances:<br />&bull; When Leica has a legitimate business need to do so;<br />&bull; When Leica suspects that a Leica systems user has engaged, or is about to engage, in inappropriate conduct using any of Leica&rsquo;s systems, including violating this Policy or any other Leica policy;<br />&bull; When required by law, by legal duties to third parties, or in order to protect Leica&rsquo;s own interests; or<br />&bull; When the Leica systems user in question is unavailable (e.g., ill, on vacation or leave, no longer working for Leica).<br />Leica reserves the right to keep your e-mail address active for a reasonable period of time following your departure from Leica to ensure that important business communications reach Leica.<br />Message Restrictions<br />Communications on Leica&rsquo;s systems may not contain content that a reasonable person would consider to be defamatory, offensive, profane, abusive, obscene, threatening, harassing, disruptive, or derogatory, including but not limited to sexual comments or images, racial or ethnic slurs, or other comments or images that would reasonably offend someone on the basis of race, color, religion, national origin, citizenship status, veterans&rsquo; status, sex, sexual orientation, marital status, disability, age, or any other characteristic protected by law.<br />Leica Electronic Communications Policy, Page 3<br />Prohibited Activities<br />You may not use Leica&rsquo;s systems to:<br />&bull; Upload, download, or otherwise transmit copyrighted, trademarked, or patented material; trade secrets; or other confidential, private, or proprietary information or materials in violation of the law;<br />&bull; Upload, download, or otherwise transmit any illegal information or materials, or otherwise engage in any illegal activity;<br />&bull; Upload, download, access, create, distribute, or otherwise transmit sexually explicit materials;<br />&bull; Upload, download, access, create, distribute or otherwise transmit materials that advocate violence, hatred, or discrimination toward other people;<br />&bull; Gain unauthorized access to remote computers or other systems, or damage, alter, or disrupt such computers or systems in any way;<br />&bull; Use someone else&rsquo;s code or password, or disclose anyone&rsquo;s code or password, including your own;<br />&bull; Create, distribute, or otherwise transmit chain letters, junk e-mail or faxes, or any other electronic communications that could constitute a nuisance or violate the law;<br />&bull; Falsify addressing information to conceal the sender&rsquo;s or recipient&rsquo;s identity or otherwise create or distribute anonymous messages;<br />&bull; Enable unauthorized third parties to have access to or use Leica&rsquo;s systems, or otherwise jeopardize the security of Leica&rsquo;s systems;<br />&bull; Pass off your views as representing those of Leica or commit Leica to a particular position without appropriate authorization;<br />&bull; Post information, opinions, or comments to Internet discussion groups, subscriber lists, and other such forums unless such postings are related to a legitimate business activity of Leica; are professional (e.g., must not disparage a competitor or competitor product), accurate, and not contrary to any Leica interests or policy; and do not contain confidential or otherwise inappropriate details about Leica product plans, customers, or technology;<br />&bull; Additionally, you may not use any non-Leica authorized encryption in connection with any of Leica&rsquo;s systems;<br />&bull; Send inappropriate jokes or other offensive communications; political causes; football pools or other sorts of gambling; subscription lists for non-Leica purposes; or solicitations or advertisements for non-Leica purposes.<br />Leica Electronic Communications Policy, Page 4<br />Message Creation<br />Although electronic communications seem transitory, like a phone call, they are in fact remarkably permanent. Because creating electronic messages is very much like using electronic letterhead that carries your name and Leica&rsquo;s name, you must use great care in creating and transmitting messages on Leica&rsquo;s systems. Even when a message has been deleted, it may still exist on a back-up system, may be recreated, may have been printed out, may have been forwarded to someone else, or may have been viewed by someone other than your intended recipient (whose own e-mail communications may be monitored by an employer, for example). The electronic messages that you are creating today may someday have to be produced by Leica in connection with a lawsuit. Always remember that all of your electronic communications reflect on Leica, despite any disclaimers that you may make.<br />Record Retention and Deletion<br />As with paper documents that you create and receive, it is your responsibility to ensure that electronic messages are saved or deleted according to Leica&rsquo;s record retention policies. Any related questions should be directed to your supervisor/manager.<br />Viruses and Tampering<br />Any files downloaded from the Internet, attachments to e-mail messages, and computer disks received from non-Leica sources must be scanned with virus detection software before installation, execution, or use. Introduction of viruses, attempts to breach system security, or other malicious tampering with regard to any of Leica&rsquo;s systems are expressly prohibited. You must immediately report any viruses, tampering, or other breaches of any of Leica&rsquo;s systems to your supervisor/manager.<br />Selling and Purchasing<br />Leica&rsquo;s standard purchase and sales policies apply to all purchase- and sales-related activities conducted via Leica&rsquo;s systems. Absent permission from your supervisor/manager, you may not use Leica resources to pay Internet/World Wide Web subscription fees or access charges, including but not limited to independent Internet service provider subscription fees.<br />Violations<br />Employees should report any violations of this policy to their Supervisor. Violations of this Policy, including breaches of confidentiality or security, may result in suspension of systems privileges and disciplinary action, up to and including termination. To the extent that violations of this Policy may also constitute violations of other Leica policies or various laws, Leica reserves the right to take additional action in accordance with such policies or laws. Leica reserves the right to hold you personally liable for any violations of this Policy.<br />Leica Electronic Communications Policy, Page 5<br />Leica Electronic Communications Policy<br />I have read Leica Microsystems, Inc.\'s Electronic Communications Policy and agree to abide by it as consideration for my continued employment by Leica Microsystems, Inc. I understand that violation of any above policies may result in my termination.</p>\r\n<p style=\"text-align: left;\">&nbsp;</p>\r\n<p style=\"text-align: left;\">-----------------------------------------------------</p>\r\n<p style=\"text-align: left;\">{employee_name}</p>\r\n<p style=\"text-align: left;\">&nbsp;</p>\r\n<p style=\"text-align: left;\">&nbsp;</p>\r\n<p style=\"text-align: left;\">------------------------------------------------------</p>\r\n<p style=\"text-align: left;\">{signature_new_associate}</p>\r\n<p style=\"text-align: left;\">&nbsp;</p>\r\n<p style=\"text-align: left;\">------------------------------------------------------</p>\r\n<p style=\"text-align: left;\">{date}</p>\r\n<p style=\"text-align: left;\">&nbsp;</p>\r\n<p style=\"text-align: left;\">&nbsp;</p>\r\n<p style=\"text-align: left;\">&nbsp;</p>',7,9,1,'2019-02-22 08:37:55','2019-02-22 13:30:28',2),(25,'Equipment Acceptance and Reimbursement Agreement','<p>EQUIPMENT ACCEPTANCE AND REIMBURSEMENT AGREEMENT<br />I, <span style=\"text-decoration: underline;\">{full_name}</span>, hereby acknowledge, agree and<br />(Employee\'s Name)<br />understand that Leica Microsystems Inc. (hereinafter \"the Company\") has provided me<br />with Company inventory, demo equipment or other tangible items (hereinafter<br />\"equipment\") which are solely and exclusively for the purpose of, and necessary to, my<br />employment with the Company. I further acknowledge, agree and understand that I<br />have been provided with this equipment to assist me with the performance of my duties<br />on behalf of the Company and for no other purpose; that this arrangement operates to<br />my benefit; and that the equipment provided to me by the Company is, and remains at<br />all times, the sole and exclusive property of the Company</p>\r\n<p>&nbsp;</p>\r\n<p>By {full_name}</p>\r\n<p>-----------------------------------------</p>\r\n<p>Name</p>\r\n<p>&nbsp;</p>\r\n<p>{signature_hr_admin}</p>\r\n<p>-----------------------------------------</p>\r\n<p>Signature</p>\r\n<p>&nbsp;</p>\r\n<p>{todays_date}</p>\r\n<p>-----------------------------------------</p>\r\n<p>Date</p>',8,9,1,'2019-02-22 09:42:36','2019-02-22 09:43:26',1),(26,'SOFTWARE POLICY','<p><span style=\"text-decoration: underline;\">General Statement of Policy</span><br />It is the policy of Leica Microsystems, Inc. to respect all computer software copyrights and to adhere to the terms of all software licenses to which Leica Microsystems, Inc. is a party. The IT Department manages license compliance, and is charged with the responsibility for enforcing these guidelines.<br />Leica Microsystems, Inc. users may not duplicate any licensed software or related documentation for use either on Leica Microsystems, Inc. premises or elsewhere unless Leica Microsystems, Inc. is expressly authorized to do so by agreement with the licenser. Unauthorized duplication of software may subject users and/or Leica Microsystems, Inc. to both civil and criminal penalties under the United States Copyright Act.</p>\r\n<p>{fullname}</p>\r\n<p>-------------------------------------</p>\r\n<p>User Name</p>\r\n<p>&nbsp;</p>\r\n<p>{signature_new_associate}</p>\r\n<p>--------------------------------------</p>\r\n<p>Signature</p>\r\n<p>&nbsp;</p>\r\n<p>{todays_date}</p>\r\n<p>---------------------------------------</p>\r\n<p>Date</p>',7,8,1,'2019-02-22 13:26:54','0000-00-00 00:00:00',2);

/*Table structure for table `document_category` */

DROP TABLE IF EXISTS `document_category`;

CREATE TABLE `document_category` (
  `doc_category_id` int(11) NOT NULL AUTO_INCREMENT,
  `doc_category_name` varchar(50) NOT NULL,
  `doc_category_description` varchar(255) NOT NULL,
  `created_on` timestamp NOT NULL DEFAULT CURRENT_TIMESTAMP ON UPDATE CURRENT_TIMESTAMP,
  `updated_on` timestamp NOT NULL DEFAULT '0000-00-00 00:00:00',
  PRIMARY KEY (`doc_category_id`)
) ENGINE=InnoDB AUTO_INCREMENT=14 DEFAULT CHARSET=latin1;

/*Data for the table `document_category` */

insert  into `document_category`(`doc_category_id`,`doc_category_name`,`doc_category_description`,`created_on`,`updated_on`) values (8,'Two Step Verification','Document that need two steps for felling form.','2019-01-23 12:01:19','0000-00-00 00:00:00'),(9,'One step verification','All forms of one step verifcation.','2019-01-24 11:19:39','0000-00-00 00:00:00');

/*Table structure for table `document_folder` */

DROP TABLE IF EXISTS `document_folder`;

CREATE TABLE `document_folder` (
  `doc_folder_id` int(11) NOT NULL AUTO_INCREMENT,
  `doc_folder_name` varchar(50) NOT NULL,
  `doc_folder_description` varchar(255) NOT NULL,
  `created_on` timestamp NOT NULL DEFAULT CURRENT_TIMESTAMP ON UPDATE CURRENT_TIMESTAMP,
  `updated_on` timestamp NOT NULL DEFAULT '0000-00-00 00:00:00',
  PRIMARY KEY (`doc_folder_id`)
) ENGINE=InnoDB AUTO_INCREMENT=12 DEFAULT CHARSET=latin1;

/*Data for the table `document_folder` */

insert  into `document_folder`(`doc_folder_id`,`doc_folder_name`,`doc_folder_description`,`created_on`,`updated_on`) values (7,'2_step_verification','This folder have 2 step verification documents.','2019-01-28 05:13:31','0000-00-00 00:00:00'),(8,'1_step_verification','This folder have 1 step verification documents.','2019-01-28 05:13:48','2019-01-24 11:20:19');

/*Table structure for table `document_form_steps` */

DROP TABLE IF EXISTS `document_form_steps`;

CREATE TABLE `document_form_steps` (
  `document_id` int(11) NOT NULL,
  `role_id` int(11) NOT NULL,
  `form_step` tinyint(2) DEFAULT '1',
  KEY `role_id` (`role_id`),
  KEY `document_id` (`document_id`),
  CONSTRAINT `document_form_steps_ibfk_1` FOREIGN KEY (`role_id`) REFERENCES `role` (`role_id`),
  CONSTRAINT `document_form_steps_ibfk_2` FOREIGN KEY (`document_id`) REFERENCES `document` (`document_id`)
) ENGINE=InnoDB DEFAULT CHARSET=latin1;

/*Data for the table `document_form_steps` */

insert  into `document_form_steps`(`document_id`,`role_id`,`form_step`) values (14,1,1),(14,4,2),(15,1,1),(15,4,2),(16,1,1),(16,4,2),(17,4,1),(18,2,1),(18,4,2),(19,1,1),(19,4,2),(20,1,1),(20,4,2),(21,4,1),(22,2,1),(22,4,2),(25,4,1),(26,1,1),(26,4,2),(24,1,1),(24,4,2);

/*Table structure for table `document_job_position_mapping` */

DROP TABLE IF EXISTS `document_job_position_mapping`;

CREATE TABLE `document_job_position_mapping` (
  `document_job_position_mapping_id` int(11) NOT NULL AUTO_INCREMENT,
  `document_id` int(11) NOT NULL COMMENT 'document_id from document table',
  `position_id` int(11) NOT NULL COMMENT 'position_id from position table',
  `doc_folder_id` int(11) NOT NULL,
  PRIMARY KEY (`document_job_position_mapping_id`),
  KEY `document_id` (`document_id`),
  KEY `doc_folder_id` (`doc_folder_id`),
  KEY `position_id` (`position_id`),
  CONSTRAINT `document_job_position_mapping_ibfk_1` FOREIGN KEY (`document_id`) REFERENCES `document` (`document_id`),
  CONSTRAINT `document_job_position_mapping_ibfk_2` FOREIGN KEY (`doc_folder_id`) REFERENCES `document_folder` (`doc_folder_id`),
  CONSTRAINT `document_job_position_mapping_ibfk_3` FOREIGN KEY (`position_id`) REFERENCES `job_position` (`position_id`)
) ENGINE=InnoDB AUTO_INCREMENT=62 DEFAULT CHARSET=latin1;

/*Data for the table `document_job_position_mapping` */

insert  into `document_job_position_mapping`(`document_job_position_mapping_id`,`document_id`,`position_id`,`doc_folder_id`) values (17,14,10,7),(18,15,10,7),(19,16,10,7),(25,16,11,7),(26,18,11,7),(27,19,11,7),(31,16,12,7),(32,20,12,7),(33,15,14,7),(34,16,14,7),(35,18,14,7),(36,19,14,7),(37,20,14,7),(46,14,15,7),(47,15,15,7),(48,16,15,7),(49,18,15,7),(50,20,15,7),(51,22,15,7),(52,15,20,7),(53,16,20,7),(54,18,20,7),(55,19,20,7),(59,24,22,7),(60,25,22,7),(61,26,22,7);

/*Table structure for table `document_reject_comment` */

DROP TABLE IF EXISTS `document_reject_comment`;

CREATE TABLE `document_reject_comment` (
  `reject_comment_id` int(11) NOT NULL AUTO_INCREMENT,
  `user_id` int(11) NOT NULL COMMENT 'associate_id from new_associate table',
  `document_id` int(11) NOT NULL,
  `comment` varchar(255) NOT NULL,
  `rejected_date` timestamp NOT NULL DEFAULT CURRENT_TIMESTAMP ON UPDATE CURRENT_TIMESTAMP,
  PRIMARY KEY (`reject_comment_id`),
  KEY `document_id` (`document_id`),
  KEY `user_id` (`user_id`),
  CONSTRAINT `document_reject_comment_ibfk_1` FOREIGN KEY (`document_id`) REFERENCES `document` (`document_id`),
  CONSTRAINT `document_reject_comment_ibfk_2` FOREIGN KEY (`user_id`) REFERENCES `new_associate` (`associate_id`)
) ENGINE=InnoDB AUTO_INCREMENT=7 DEFAULT CHARSET=latin1;

/*Data for the table `document_reject_comment` */

insert  into `document_reject_comment`(`reject_comment_id`,`user_id`,`document_id`,`comment`,`rejected_date`) values (1,35,14,'not filled correctly','2019-02-11 04:58:50'),(2,41,20,'Signature is not valid','2019-02-12 06:06:41'),(3,41,20,'s','2019-02-12 06:09:03'),(4,55,14,'dfg','2019-02-15 07:36:10'),(5,56,20,'sss','2019-02-15 09:04:29'),(6,68,15,'signature is not correct','2019-02-25 06:04:40');

/*Table structure for table `document_variables` */

DROP TABLE IF EXISTS `document_variables`;

CREATE TABLE `document_variables` (
  `variable_id` int(11) NOT NULL AUTO_INCREMENT,
  `document_id` int(11) NOT NULL,
  `field_name` varchar(253) DEFAULT '',
  `varname` varchar(255) DEFAULT '',
  `role_id` int(11) NOT NULL,
  PRIMARY KEY (`variable_id`),
  KEY `document_id` (`document_id`),
  KEY `role_id` (`role_id`),
  CONSTRAINT `document_variables_ibfk_1` FOREIGN KEY (`document_id`) REFERENCES `document` (`document_id`),
  CONSTRAINT `document_variables_ibfk_2` FOREIGN KEY (`role_id`) REFERENCES `role` (`role_id`)
) ENGINE=InnoDB AUTO_INCREMENT=107 DEFAULT CHARSET=utf8mb4;

/*Data for the table `document_variables` */

insert  into `document_variables`(`variable_id`,`document_id`,`field_name`,`varname`,`role_id`) values (64,14,'Signature','{signature_hr_admin}',1),(65,14,'acknowledgement note','{acknowledgement_note}',4),(66,14,'salary','{salary}',1),(67,14,'designation','{designation}',1),(68,14,'firstname','{firstname}',1),(69,15,'Signature 2','{signature_new_associate}',4),(70,15,'Signature','{signature_hr_admin}',1),(71,15,'designation','{designation}',1),(72,15,'joining date','{joining_date}',1),(73,15,'first name','{first_name}',1),(74,16,'first name','{first_name}',1),(75,16,'Signature','{signature_hr_admin}',1),(76,17,'Signature','{signature_hr_admin}',1),(77,17,'thank you note','{thank_you_note}',4),(78,18,'Signature 2','{signature_new_associate}',4),(79,18,'Signature','{signature_hr_admin}',1),(80,19,'Signature New Associate','{signature_new_associate}',4),(81,19,'Signature HR Admin','{signature_hr_admin}',1),(82,19,'full name','{full_name}',4),(83,19,'name','{name}',1),(84,16,'Signature New Associate','{signature_new_associate}',4),(85,20,'First Name','{first_name}',1),(86,20,'Last Name','{last_name}',4),(87,20,'Signature New Associate','{signature_new_associate}',4),(88,20,'Signature HR Admin','{signature_hr_admin}',1),(89,21,'Signature New Associate','{signature_new_associate}',4),(90,21,'First Name','{first_name}',4),(91,22,'Assosiate Signature','{assosiate_signature}',4),(92,22,'Signature HR Associate','{signature_hr_associate}',2),(93,23,'NewAssociate','{newassociate}',4),(94,23,'HRSignature','{hrsignature}',2),(95,23,'FirstName','{firstname}',2),(96,23,'Signature New Associate','{signature_new_associate}',4),(97,23,'Signature HR Admin','{signature_hr_admin}',1),(98,24,'date','{date}',4),(99,24,'Signature New Associate','{signature_new_associate}',4),(100,24,'Employee Name','{employee_name}',3),(101,25,'todays_date','{todays_date}',4),(102,25,'Signature HR Admin','{signature_hr_admin}',4),(103,25,'full name','{full_name}',4),(104,26,'todays date','{todays_date}',4),(105,26,'Signature New Associate','{signature_new_associate}',4),(106,26,'fullname','{fullname}',1);

/*Table structure for table `email_template` */

DROP TABLE IF EXISTS `email_template`;

CREATE TABLE `email_template` (
  `template_id` int(11) NOT NULL AUTO_INCREMENT,
  `template_name` varchar(255) NOT NULL,
  `template_description` varchar(255) NOT NULL,
  `template_subject` varchar(200) NOT NULL,
  `template_body` text NOT NULL,
  `updated_on` timestamp NOT NULL DEFAULT CURRENT_TIMESTAMP ON UPDATE CURRENT_TIMESTAMP,
  PRIMARY KEY (`template_id`)
) ENGINE=InnoDB AUTO_INCREMENT=6 DEFAULT CHARSET=latin1;

/*Data for the table `email_template` */

insert  into `email_template`(`template_id`,`template_name`,`template_description`,`template_subject`,`template_body`,`updated_on`) values (1,'forgot_password','This template is used for forgot password email.','Forgot Password from template','<p>This is template for forgot password {first_name}.</p>','2019-02-15 06:32:14'),(2,'welcome_associate','This template is used when new associate is created.','Welcome','<p>Welcome to Leica Biosystems!</p>\r\n<p>It\'s going to be a great year and we are excited to have you join Leica Biosystems and be part of our team.</p>\r\n<p>Your first day will be on {start_date} and reporting to {manager_name}, HR Manager.</p>\r\n<p>We are a Danaher Company.  We believe our associates are our best asset and as we say here “Best Team Wins”, regardless of whether you will be dealing directly with customers or providing support to those associates who do. </p>\r\n<p>It is our associates who uphold our Mission - Advancing Cancer Diagnostics, Improving Lives and our Vision24 - enabling patients to receive their diagnosis within 24 hours from biopsy.  No other company is positioned to streamline the whole process.  We truly have an impact on improving lives.  We are so excited that you joined us in our journey.</p>\r\n<p>Following this letter, is your New Associate Packet.  Please review all the documents.  All documents requiring your signature will need to be submitted.  Your timeliness on signing the forms will help to make your onboarding process a success.</p>\r\n<p>Again, welcome to the Team and we are so excited about your decision to join Leica Biosystems!  All of us extend a warm welcome to you and wish you the best of success at Leica!</p>\r\n<p>If you have questions prior to the start date, please contact me at 847-405-5457 or send me an email at alina.waity@leicabiosystems.com.   We look forward to having you come onboard.</p>\r\n<p>Your can login on {welcome_url} with username : {user_name} and password : 123456.</p>\r\n<p> </p>\r\n<p>Best Regards,</p>\r\n<p>Alina Waity</p>\r\n<p>Sr. Human Resources Coordinator</p>','2019-02-22 05:05:17'),(3,'verified_document','This template is used when document is verified.','Document Verified','<p>Dear {first_name} {last_name},</p>\r\n<p>Congratulations!</p>\r\n<p>You have successfully returned all required documents and your onboarding process is well underway.  We are looking forward for you to attend the New Associate Orientation (NAO) held in Buffalo Grove, IL.  Please lookout for further NAO communications to your home email address from me.</p>\r\n<p>If you have questions prior to the start date, please contact me at 847-405-5457 or send me an email at alina.waity@leicabiosystems.com.   We look forward to having you come onboard.</p>\r\n<p> </p>\r\n<p>Best Regards,</p>\r\n<p>Alina Waity</p>\r\n<p>Sr. Human Resources Coordinator</p>','2019-02-08 06:03:10'),(4,'rejected_document','This template is used when document is rejected.','Document Rejected','<p>Dear {first_name} {last_name},</p>\r\n<p>Upon reviewing your signed documents, I have noticed the following missing documents:</p>\r\n<p>{document_title}</p>\r\n<p>You will need to sign in back to your portal and complete/sign the remaining documents.  Your timeliness on signing the forms will help to make your onboarding process a success.</p>\r\n<p>If you have questions prior to the start date, please contact me at 847-405-5457 or send me an email at alina.waity@leicabiosystems.com.   We look forward to having you come onboard.</p>\r\n<p> </p>\r\n<p>Best Regards,</p>\r\n<p>Alina Waity</p>\r\n<p>Sr. Human Resources Coordinator</p>','2019-02-08 06:04:09'),(5,'follow_up','This template is used for follow-up email which is sent manually to new associate.','Follow-Up letter','<p>Hello {first_name} {last_name},</p>\r\n<p>I am following up regarding your New Associate Packet.  As of today, I have not yet received your signed documents back. </p>\r\n<p>Please review all the documents.  All documents requiring your signature will need to be submitted.  Your timeliness on signing the forms will help to make your onboarding process a success.</p>\r\n<p>If you have questions prior to the start date, please contact me at 847-405-5457 or send me an email at alina.waity@leicabiosystems.com.   We look forward to having you come onboard.</p>\r\n<p> </p>\r\n<p>Best Regards,</p>\r\n<p>Alina Waity</p>\r\n<p>Sr. Human Resources Coordinator</p>','2019-02-08 06:05:37');

/*Table structure for table `functional_area` */

DROP TABLE IF EXISTS `functional_area`;

CREATE TABLE `functional_area` (
  `fun_area_id` int(11) NOT NULL AUTO_INCREMENT,
  `fun_area_name` varchar(50) NOT NULL,
  `fun_area_description` varchar(255) NOT NULL,
  `created_on` timestamp NOT NULL DEFAULT CURRENT_TIMESTAMP ON UPDATE CURRENT_TIMESTAMP,
  `updated_on` timestamp NOT NULL DEFAULT '0000-00-00 00:00:00',
  `org_unit_id` int(11) NOT NULL,
  PRIMARY KEY (`fun_area_id`)
) ENGINE=InnoDB AUTO_INCREMENT=27 DEFAULT CHARSET=latin1;

/*Data for the table `functional_area` */

insert  into `functional_area`(`fun_area_id`,`fun_area_name`,`fun_area_description`,`created_on`,`updated_on`,`org_unit_id`) values (8,'Customer Service','Customer Service','2019-02-21 09:15:14','2019-02-21 09:15:14',7),(9,'Field Technical Service','Field Technical Service','2019-01-23 11:57:11','0000-00-00 00:00:00',0),(10,'Sales','Sales','2019-01-23 11:57:29','0000-00-00 00:00:00',0),(11,'Marketing','Marketing','2019-01-23 11:57:55','0000-00-00 00:00:00',0),(13,'testing','preparing scenarios, cases & test data for test execution','2019-02-21 09:00:04','2019-02-21 09:00:04',0),(14,'Sales West','Sales West Description','2019-02-21 11:18:01','0000-00-00 00:00:00',13),(15,'Sales East','Sales East Description','2019-02-21 11:18:26','0000-00-00 00:00:00',13),(16,'Commercial Development','Commercial Development Description','2019-02-21 11:18:48','0000-00-00 00:00:00',13),(17,'Pathology Imaging / Life Sciences','Pathology Imaging / Life Sciences Description','2019-02-21 11:19:19','0000-00-00 00:00:00',13),(19,'LATAM','LATAM Description','2019-02-21 11:19:57','0000-00-00 00:00:00',13),(20,'Marketing','Marketing Description','2019-02-21 13:07:57','0000-00-00 00:00:00',13),(21,'Customer Support','Customer Support Description','2019-02-21 13:08:19','0000-00-00 00:00:00',13),(22,'Growth','Growth Description','2019-02-21 13:08:41','0000-00-00 00:00:00',13),(23,'Administration','Administration Description','2019-02-21 13:09:00','0000-00-00 00:00:00',13),(24,'Finance','Finance Description','2019-02-21 13:09:19','0000-00-00 00:00:00',13),(25,'HR','HR Description','2019-02-21 13:09:39','0000-00-00 00:00:00',13);

/*Table structure for table `hr_group` */

DROP TABLE IF EXISTS `hr_group`;

CREATE TABLE `hr_group` (
  `hr_group_id` int(11) NOT NULL AUTO_INCREMENT,
  `hr_group_name` varchar(50) NOT NULL,
  `hr_group_description` varchar(255) NOT NULL,
  `fun_area_id` int(11) NOT NULL COMMENT 'fun_area_id from functional_area table',
  `created_on` timestamp NOT NULL DEFAULT CURRENT_TIMESTAMP ON UPDATE CURRENT_TIMESTAMP,
  `updated_on` timestamp NOT NULL DEFAULT '0000-00-00 00:00:00',
  PRIMARY KEY (`hr_group_id`),
  KEY `fun_area_id` (`fun_area_id`),
  CONSTRAINT `hr_group_ibfk_1` FOREIGN KEY (`fun_area_id`) REFERENCES `functional_area` (`fun_area_id`)
) ENGINE=InnoDB AUTO_INCREMENT=5 DEFAULT CHARSET=latin1;

/*Data for the table `hr_group` */

insert  into `hr_group`(`hr_group_id`,`hr_group_name`,`hr_group_description`,`fun_area_id`,`created_on`,`updated_on`) values (2,'site group','site group',9,'2019-02-12 06:08:53','2019-02-12 06:08:53'),(3,'hr','hr group',25,'2019-02-25 06:57:39','2019-02-25 06:57:39'),(4,'dfgh','dsg',9,'2019-02-25 11:29:01','0000-00-00 00:00:00');

/*Table structure for table `hr_group_user_mapping` */

DROP TABLE IF EXISTS `hr_group_user_mapping`;

CREATE TABLE `hr_group_user_mapping` (
  `hr_group_user_mapping_id` int(11) NOT NULL AUTO_INCREMENT,
  `hr_group_id` int(11) NOT NULL COMMENT 'hr_group_id from hr_group table',
  `user_id` int(11) NOT NULL COMMENT 'user_id from users table',
  PRIMARY KEY (`hr_group_user_mapping_id`),
  KEY `hr_group_id` (`hr_group_id`),
  KEY `user_id` (`user_id`),
  CONSTRAINT `hr_group_user_mapping_ibfk_1` FOREIGN KEY (`hr_group_id`) REFERENCES `hr_group` (`hr_group_id`),
  CONSTRAINT `hr_group_user_mapping_ibfk_2` FOREIGN KEY (`user_id`) REFERENCES `users` (`user_id`)
) ENGINE=InnoDB AUTO_INCREMENT=8 DEFAULT CHARSET=latin1;

/*Data for the table `hr_group_user_mapping` */

insert  into `hr_group_user_mapping`(`hr_group_user_mapping_id`,`hr_group_id`,`user_id`) values (3,2,36),(5,3,36),(6,3,59),(7,4,58);

/*Table structure for table `job_position` */

DROP TABLE IF EXISTS `job_position`;

CREATE TABLE `job_position` (
  `position_id` int(11) NOT NULL AUTO_INCREMENT,
  `position_code` varchar(50) NOT NULL DEFAULT '',
  `position_description` varchar(255) DEFAULT '',
  `fun_area_id` int(11) DEFAULT '0',
  `status` tinyint(2) DEFAULT '1',
  `created_on` datetime DEFAULT '1000-01-01 00:00:00',
  `updated_on` datetime DEFAULT '1000-01-01 00:00:00',
  PRIMARY KEY (`position_id`),
  KEY `fun_area_id` (`fun_area_id`),
  CONSTRAINT `job_position_ibfk_1` FOREIGN KEY (`fun_area_id`) REFERENCES `functional_area` (`fun_area_id`)
) ENGINE=InnoDB AUTO_INCREMENT=27 DEFAULT CHARSET=utf8mb4;

/*Data for the table `job_position` */

insert  into `job_position`(`position_id`,`position_code`,`position_description`,`fun_area_id`,`status`,`created_on`,`updated_on`) values (10,'Vice President','Vice President for customer service',11,1,'2019-01-23 11:58:57','1000-01-01 00:00:00'),(11,'SalesAssociate','Sales Associate',10,1,'2019-01-23 11:59:15','2019-02-10 10:43:53'),(12,'General Manager','General Manager',8,1,'2019-02-04 06:31:48','1000-01-01 00:00:00'),(14,'Tech Lead','Responsible for technical activities',9,1,'2019-02-10 06:03:31','1000-01-01 00:00:00'),(15,'Head of Clinical section','Responsible for all clinical activities',9,1,'2019-02-10 06:37:48','1000-01-01 00:00:00'),(19,'sss','ss',9,1,'2019-02-15 06:02:54','1000-01-01 00:00:00'),(20,'test engineer','creating test scenarios,test cases and test data.they are responsible for test execution,test automation,defect reporting and bug closing',9,1,'2019-02-20 04:56:49','1000-01-01 00:00:00'),(21,'Consumable Sales Executive','sells consumables',14,1,'2019-02-22 02:32:34','2019-02-22 02:33:58'),(22,'Senior Consultant','Senior consultant',11,1,'2019-02-22 08:40:10','2019-02-26 11:15:27'),(23,'Lead Consultant','Lead Consultant',24,1,'2019-02-22 13:17:58','1000-01-01 00:00:00'),(25,'code','',13,1,'2019-02-25 10:25:28','2019-02-25 10:25:46');

/*Table structure for table `new_associate` */

DROP TABLE IF EXISTS `new_associate`;

CREATE TABLE `new_associate` (
  `associate_id` int(11) NOT NULL AUTO_INCREMENT,
  `associate_username` varchar(50) NOT NULL,
  `associate_email` varchar(255) NOT NULL,
  `associate_first_name` varchar(50) DEFAULT NULL,
  `associate_middle_name` varchar(50) DEFAULT NULL,
  `associate_last_name` varchar(50) DEFAULT NULL,
  `position_id` int(4) NOT NULL COMMENT 'from job_position table',
  `org_unit_id` int(4) NOT NULL COMMENT 'from organizational_unit table',
  `fun_area_id` int(4) NOT NULL COMMENT 'from functional_area table',
  `category_id` int(4) NOT NULL COMMENT 'from category table',
  `department_id` int(4) NOT NULL COMMENT 'from department table',
  `associate_start_date` date NOT NULL,
  `status` tinyint(1) NOT NULL,
  `associate_contact_info` text NOT NULL,
  `associate_address` varchar(255) NOT NULL,
  `created_on` timestamp NULL DEFAULT NULL,
  `updated_on` timestamp NULL DEFAULT NULL,
  `user_id` int(11) DEFAULT NULL COMMENT 'manager id',
  `associate_manager_name` varchar(50) DEFAULT NULL,
  PRIMARY KEY (`associate_id`),
  KEY `department_id` (`department_id`),
  KEY `position_id` (`position_id`),
  KEY `org_unit_id` (`org_unit_id`),
  KEY `fun_area_id` (`fun_area_id`),
  CONSTRAINT `new_associate_ibfk_1` FOREIGN KEY (`department_id`) REFERENCES `department` (`department_id`),
  CONSTRAINT `new_associate_ibfk_2` FOREIGN KEY (`position_id`) REFERENCES `job_position` (`position_id`),
  CONSTRAINT `new_associate_ibfk_3` FOREIGN KEY (`org_unit_id`) REFERENCES `organizational_unit` (`org_unit_id`),
  CONSTRAINT `new_associate_ibfk_4` FOREIGN KEY (`fun_area_id`) REFERENCES `functional_area` (`fun_area_id`)
) ENGINE=InnoDB AUTO_INCREMENT=70 DEFAULT CHARSET=latin1;

/*Data for the table `new_associate` */

insert  into `new_associate`(`associate_id`,`associate_username`,`associate_email`,`associate_first_name`,`associate_middle_name`,`associate_last_name`,`position_id`,`org_unit_id`,`fun_area_id`,`category_id`,`department_id`,`associate_start_date`,`status`,`associate_contact_info`,`associate_address`,`created_on`,`updated_on`,`user_id`,`associate_manager_name`) values (21,'vicky','vickyjewlikar19@gmail.com','Venkatesh','','Jewlikar',10,6,9,0,7,'2019-02-06',1,'contact','address','2019-02-06 07:14:15','2019-02-10 10:34:53',0,NULL),(25,'ss','s@s.com','s','','',10,6,8,0,7,'2019-02-10',1,'w','w','2019-02-10 06:29:14',NULL,35,NULL),(31,'test','ss@s.com','','','',10,7,8,0,7,'2019-02-10',1,'s','s','2019-02-10 10:35:56',NULL,37,NULL),(32,'s','d@d.com','','','',10,6,8,0,7,'2019-02-10',1,'s','s','2019-02-10 11:01:04',NULL,35,NULL),(33,'saws','saws@5.com','','','',11,6,8,0,7,'2019-02-10',1,'s','s','2019-02-10 11:02:09',NULL,37,NULL),(34,'ts_test','ts_test@test.com','Test','','TS',15,6,8,0,7,'2019-02-05',1,'contact','contact','2019-02-11 04:16:01',NULL,35,NULL),(35,'ts_test1','ts_test1@test.com','ts','','test1',10,6,8,0,7,'2019-02-06',1,'ok','ok','2019-02-11 04:44:40',NULL,35,NULL),(36,'cvss','sd@d.com','s','','',10,6,8,0,7,'2019-02-11',1,'dd','dd','2019-02-11 08:27:03',NULL,35,NULL),(37,'man','test@g.com','','','',10,6,8,0,7,'2019-02-11',1,'ss','s','2019-02-11 12:58:34',NULL,37,NULL),(38,'vinayy','vin@b.com','','','',10,6,9,0,7,'2019-02-11',1,'vv','vv','2019-02-11 13:15:00',NULL,37,NULL),(39,'Manvi','man@test.com','','','',10,6,8,0,8,'2019-02-11',1,'bb','bb','2019-02-11 13:20:20',NULL,35,NULL),(40,'durga','Sai@test.com','','','',11,6,8,0,7,'2019-02-11',1,'mm','nbn','2019-02-11 13:21:38',NULL,35,NULL),(41,'Mathews','mat@test.com','testuser','','',12,7,8,0,8,'2019-02-12',1,'223333333333333333333333333333333333333333333','3','2019-02-12 05:59:32',NULL,35,NULL),(42,'Cahal','cha@test.com','','','',10,7,9,0,7,'2019-02-12',1,'dd','dd','2019-02-12 06:18:35',NULL,37,NULL),(43,'Alina Test1','alina.waity@leicabiosystems.com','Alina','','Test1',15,6,11,0,8,'2019-02-26',1,'alina.waity@leicabiosystems.com','1700 Leider Lane\r\nBuffalo Grove','2019-02-12 14:00:13','2019-02-12 14:06:56',35,NULL),(44,'revant','rev@test.com','h','h','h',15,7,9,0,7,'2019-02-13',1,'dd','dd','2019-02-13 09:32:09',NULL,37,NULL),(45,'test346','ff@f.com','k','k','k',11,6,8,0,8,'2019-02-14',1,'d','d','2019-02-13 09:43:58',NULL,35,NULL),(46,'test347','test245@test.com','j','j','j',12,6,8,0,7,'2019-02-13',1,'c','c','2019-02-13 09:48:44',NULL,37,NULL),(47,'test349','bb@mm.com','ss','ss','ss',12,6,9,0,8,'2019-02-13',1,'dddd','ddd','2019-02-13 10:06:38',NULL,37,NULL),(48,'Sati','sat@sit.com','test','','',10,6,9,0,7,'2019-02-14',1,'nn','nn','2019-02-14 06:05:11',NULL,37,NULL),(49,'xx','gg@m.com','','','',10,6,8,0,7,'2019-02-05',1,'ss','ss','2019-02-15 05:14:25',NULL,37,NULL),(50,'Abcde','hh@v.com','mm','mm','m',11,6,8,0,7,'2019-02-15',1,'ss','ss','2019-02-15 05:15:46',NULL,35,NULL),(51,'sss','ss@n.com','','','',10,6,9,0,7,'2019-02-15',1,'s','s','2019-02-15 05:40:19',NULL,35,NULL),(52,'aad','ss@a.com','','','',10,6,8,0,7,'2019-02-15',1,'ewe','ewe','2019-02-15 07:11:18',NULL,37,NULL),(53,'makrand','makrand@gmail.com','makrand','','kulkarni',10,6,9,0,8,'2019-02-15',1,'fxdgdsfg','dfgdfgdfg','2019-02-15 07:23:02',NULL,35,NULL),(54,'daljit','daljit@daljit.daljit','daljit','','daljit',10,6,11,0,9,'2019-02-08',1,'zdv','szd','2019-02-15 07:26:20',NULL,59,NULL),(55,'pritam','pritam@pritam.pritam','pritam','','pritam',10,6,9,0,8,'2019-02-15',1,'dsfsdf','sdfsdf','2019-02-15 07:33:23',NULL,59,NULL),(56,'dsds','dssdds@m.com','sss','sss','',12,7,8,0,7,'2019-02-15',1,'sasa','sasa','2019-02-15 09:00:18',NULL,37,NULL),(57,'pqrs','pqrs@pqrs.pqrs','pqrs','pqrs','pqrs',12,6,11,0,8,'2019-02-16',1,'xvsd','sdfsdf','2019-02-15 09:03:57',NULL,59,NULL),(59,'tejaswini','divipanithavya12@gmail.com','teja','tejaswini','divi',20,8,13,0,11,'2019-02-20',1,'9182106225','gachibowli,hyderabad','2019-02-20 05:31:04',NULL,37,NULL),(61,'wedn','ssm@test.com','s','s','s',20,8,13,0,7,'2019-02-20',1,'s','s','2019-02-20 05:45:10',NULL,37,NULL),(62,'ramya','panithavya.d@bluenettech.com','ram','ramya','ramyasri',20,8,13,0,11,'2019-02-20',1,'9182105443','hyderabad','2019-02-20 05:50:03',NULL,37,NULL),(63,'forTesting','for@testing.com','for','','testing',10,13,19,0,35,'2019-02-21',1,'asdasd','dfsdf','2019-02-21 13:38:04','2019-02-22 04:41:38',59,NULL),(64,'ron.smith','ron.smith@test.com','Ron','','Smith',22,13,24,0,47,'2019-02-22',1,'123221','test address','2019-02-22 08:43:45',NULL,37,NULL),(65,'john.brown','john.brown@test.com','John','','Brown',22,13,24,0,47,'2019-03-01',1,'3233323','123 street','2019-02-22 09:46:57',NULL,57,NULL),(66,'jack.doe','jack.doe@test.com','Jack','','Doe',22,13,24,0,47,'2019-03-01',1,'121212','123 st','2019-02-22 13:31:38',NULL,37,NULL),(67,'rapid','test238@test.com','','','',14,13,15,0,17,'2019-02-25',1,'gggk;','ggg','2019-02-25 05:55:48','2019-02-25 10:42:06',37,'hrmanager'),(68,'rapid1','test098@test.com','','','',14,13,14,0,12,'2019-02-20',1,'bhg','hg','2019-02-25 05:59:19',NULL,37,NULL),(69,'vicky1','vickyjewlikar19@gmail.com1','ajsdlj','jalsdj','ljald',10,13,19,0,34,'2019-02-10',1,'asAS','ASDADS','2019-02-25 09:33:36','2019-02-25 09:37:09',NULL,'Manager2');

/*Table structure for table `organizational_unit` */

DROP TABLE IF EXISTS `organizational_unit`;

CREATE TABLE `organizational_unit` (
  `org_unit_id` int(11) NOT NULL AUTO_INCREMENT,
  `org_unit_name` varchar(50) NOT NULL,
  `org_unit_description` varchar(255) NOT NULL,
  `created_on` timestamp NOT NULL DEFAULT CURRENT_TIMESTAMP ON UPDATE CURRENT_TIMESTAMP,
  `updated_on` timestamp NOT NULL DEFAULT '0000-00-00 00:00:00',
  PRIMARY KEY (`org_unit_id`)
) ENGINE=InnoDB AUTO_INCREMENT=23 DEFAULT CHARSET=latin1;

/*Data for the table `organizational_unit` */

insert  into `organizational_unit`(`org_unit_id`,`org_unit_name`,`org_unit_description`,`created_on`,`updated_on`) values (6,'Pathology','Pathology','2019-01-23 11:59:44','0000-00-00 00:00:00'),(7,'Sales and Marketing','Sales and Marketing','2019-01-23 11:59:52','0000-00-00 00:00:00'),(8,'bluenet technologies','provides technology,data & analytics, testing and managed services','2019-02-20 05:03:38','0000-00-00 00:00:00'),(13,'Selling Unit','Selling Unit Description','2019-02-21 11:15:45','0000-00-00 00:00:00'),(14,'Legal','Legal Description','2019-02-21 11:16:06','0000-00-00 00:00:00'),(15,'Global Marketing','Global Marketing Description','2019-02-21 11:16:38','0000-00-00 00:00:00'),(16,'Global IT','Global IT Description','2019-02-21 11:17:03','0000-00-00 00:00:00'),(18,'bluenet','bluenet technologies','2019-02-25 08:39:17','0000-00-00 00:00:00'),(20,'blue','bluenet technologies','2019-02-25 08:41:51','0000-00-00 00:00:00');

/*Table structure for table `role` */

DROP TABLE IF EXISTS `role`;

CREATE TABLE `role` (
  `role_id` int(11) NOT NULL AUTO_INCREMENT,
  `role_name` varchar(50) NOT NULL,
  `role_code` varchar(50) NOT NULL,
  `role_description` varchar(255) DEFAULT NULL,
  `created_on` datetime DEFAULT NULL,
  `updated_on` datetime DEFAULT NULL,
  PRIMARY KEY (`role_id`)
) ENGINE=InnoDB AUTO_INCREMENT=17 DEFAULT CHARSET=latin1;

/*Data for the table `role` */

insert  into `role`(`role_id`,`role_name`,`role_code`,`role_description`,`created_on`,`updated_on`) values (1,'HR Admin','HR_ADMIN','This is HR Admin Role.',NULL,'2019-02-10 11:14:33'),(2,'HR Associate','HR_ASSOCIATE','This is HR Associate Role.',NULL,NULL),(3,'HR Manager','HR_MANAGER','This is HR Manager Role.',NULL,NULL),(4,'New Associate','NEW_ASSOCIATE','This is New Associate Role,',NULL,NULL),(5,'IT Admin','IT_ADMIN','This is IT Admin Role.',NULL,NULL),(10,'Sales Account Executive','','sell instruments','2019-02-22 02:30:53',NULL),(12,'m admin','','admin','2019-02-25 06:18:53',NULL),(14,'testing','','software testing','2019-02-26 04:40:59','2019-02-26 05:42:55');

/*Table structure for table `role_menu` */

DROP TABLE IF EXISTS `role_menu`;

CREATE TABLE `role_menu` (
  `menu_id` int(11) NOT NULL AUTO_INCREMENT,
  `menu_name` varchar(255) NOT NULL,
  `menu_link` mediumtext NOT NULL,
  `menu_icon` varchar(255) NOT NULL,
  `menu_folder` varchar(255) NOT NULL,
  `menu_controller` varchar(255) NOT NULL,
  `menu_function_name` varchar(255) NOT NULL,
  `menu_sequence` int(2) NOT NULL,
  PRIMARY KEY (`menu_id`)
) ENGINE=InnoDB AUTO_INCREMENT=18 DEFAULT CHARSET=utf8mb4;

/*Data for the table `role_menu` */

insert  into `role_menu`(`menu_id`,`menu_name`,`menu_link`,`menu_icon`,`menu_folder`,`menu_controller`,`menu_function_name`,`menu_sequence`) values (1,'Dashboard','dashboard','recent_actors','dashboard','Dashboard','index',1),(2,'Roles','roles','recent_actors','roles','Roles','index',3),(3,'Users','users','recent_actors','users','Users','index',4),(4,'New Associates','new_associate','how_to_reg','new_associate','New_associate','index',5),(5,'HR Group','admin_masters/hr_group','group','admin_masters','Hr_group','index',6),(6,'Job Title','job_position','recent_actors','job_position','Job_position','index',7),(7,'Organizational Unit','organizational_unit','recent_actors','organizational_unit','Organizational_unit','index',8),(8,'Functional Area','functional_area','recent_actors','functional_area','Functional_area','index',9),(9,'Department','department/getdepartment','recent_actors','department','Getdepartment','index',10),(10,'Document Category','document_category/getdocumentcategory','filter_none','document_category','Getdocumentcategory','index',11),(11,'Document Folder','document_folder','create_new_folder','document_folder','Document_folder','index',12),(12,'Documents','document','library_books','document','Document','index',13),(13,'Map Document To Job Position','admin_masters/map_document_job_position','trending_up','admin_masters','map_document_job_position','index',15),(14,'Log History','#','visibility','','','',16),(15,'Move Document','document_move','visibility','document_move','','',14),(16,'Email Template','admin_masters/email_template','email','','','',18),(17,'Reports','admin_masters/reports','report','','','',2);

/*Table structure for table `role_menu_mapping` */

DROP TABLE IF EXISTS `role_menu_mapping`;

CREATE TABLE `role_menu_mapping` (
  `role_id` int(11) NOT NULL COMMENT 'role_id from roles table',
  `menu_id` int(11) NOT NULL COMMENT 'menu_id from menu table',
  PRIMARY KEY (`role_id`,`menu_id`),
  KEY `menu_id` (`menu_id`),
  CONSTRAINT `role_menu_mapping_ibfk_1` FOREIGN KEY (`menu_id`) REFERENCES `role_menu` (`menu_id`),
  CONSTRAINT `role_menu_mapping_ibfk_2` FOREIGN KEY (`role_id`) REFERENCES `role` (`role_id`)
) ENGINE=InnoDB DEFAULT CHARSET=latin1;

/*Data for the table `role_menu_mapping` */

insert  into `role_menu_mapping`(`role_id`,`menu_id`) values (1,1),(2,1),(3,1),(8,1),(9,1),(12,1),(13,1),(14,1),(15,1),(16,1),(1,2),(12,2),(1,3),(12,3),(1,4),(2,4),(9,4),(1,5),(9,5),(1,6),(9,6),(1,7),(8,7),(16,7),(1,8),(8,8),(1,9),(8,9),(1,10),(8,10),(1,11),(8,11),(1,12),(8,12),(1,13),(8,13),(1,14),(8,14),(14,14),(1,15),(8,15),(1,16),(8,16),(1,17),(2,17),(3,17);

/*Table structure for table `user_document_mapping` */

DROP TABLE IF EXISTS `user_document_mapping`;

CREATE TABLE `user_document_mapping` (
  `user_document_mapping_id` int(11) NOT NULL AUTO_INCREMENT,
  `user_id` int(11) NOT NULL COMMENT 'associate_id from new_associate table',
  `document_id` int(11) NOT NULL,
  `file_url` varchar(255) NOT NULL DEFAULT '',
  `status` int(11) NOT NULL DEFAULT '0',
  `assigned_date` timestamp NOT NULL DEFAULT CURRENT_TIMESTAMP ON UPDATE CURRENT_TIMESTAMP,
  `submitted_date` timestamp NOT NULL DEFAULT '0000-00-00 00:00:00',
  `form_step` tinyint(2) NOT NULL DEFAULT '1',
  PRIMARY KEY (`user_document_mapping_id`),
  KEY `document_id` (`document_id`),
  KEY `user_id` (`user_id`),
  CONSTRAINT `user_document_mapping_ibfk_1` FOREIGN KEY (`document_id`) REFERENCES `document` (`document_id`),
  CONSTRAINT `user_document_mapping_ibfk_2` FOREIGN KEY (`user_id`) REFERENCES `users` (`user_id`),
  CONSTRAINT `user_document_mapping_ibfk_3` FOREIGN KEY (`user_id`) REFERENCES `users` (`user_id`),
  CONSTRAINT `user_document_mapping_ibfk_4` FOREIGN KEY (`user_id`) REFERENCES `new_associate` (`associate_id`)
) ENGINE=InnoDB AUTO_INCREMENT=161 DEFAULT CHARSET=latin1;

/*Data for the table `user_document_mapping` */

insert  into `user_document_mapping`(`user_document_mapping_id`,`user_id`,`document_id`,`file_url`,`status`,`assigned_date`,`submitted_date`,`form_step`) values (89,35,14,'/assets/documents/2_step_verification/ts_test1-some-template-1549861170.pdf',4,'2019-02-11 05:02:35','2019-02-11 05:02:35',0),(90,35,15,'/assets/documents/2_step_verification/ts_test1-joining-letter-1549860399.pdf',4,'2019-02-11 05:02:57','2019-02-11 05:02:57',0),(91,35,16,'/assets/documents/2_step_verification/ts_test1-offer-letter-1549860448.pdf',4,'2019-02-11 05:03:15','2019-02-11 05:03:15',0),(92,36,15,'',3,'2019-02-11 08:27:07','0000-00-00 00:00:00',1),(93,37,15,'',3,'2019-02-11 12:58:38','0000-00-00 00:00:00',1),(94,37,16,'',3,'2019-02-11 12:58:38','0000-00-00 00:00:00',1),(95,38,15,'',3,'2019-02-11 13:15:05','0000-00-00 00:00:00',1),(96,38,16,'',3,'2019-02-11 13:15:05','0000-00-00 00:00:00',1),(99,41,16,'/assets/documents/2_step_verification/mathews-offer-letter-1549951228.pdf',4,'2019-02-12 06:06:04','2019-02-12 06:06:04',0),(100,41,20,'/assets/documents/2_step_verification/mathews-gm_two_signature-form-1549951970.pdf',4,'2019-02-12 06:14:04','2019-02-12 06:14:04',0),(101,42,14,'',3,'2019-02-12 06:18:41','0000-00-00 00:00:00',1),(102,42,15,'',3,'2019-02-12 06:18:41','0000-00-00 00:00:00',1),(103,42,16,'',3,'2019-02-12 06:18:41','0000-00-00 00:00:00',1),(104,43,15,'/assets/documents/2_step_verification/alina-test1-joining-letter-1550150800.pdf',1,'2019-02-14 13:26:40','2019-02-14 13:26:40',2),(105,44,14,'',3,'2019-02-13 09:38:58','0000-00-00 00:00:00',1),(106,44,15,'',3,'2019-02-13 09:38:58','0000-00-00 00:00:00',1),(107,44,16,'',3,'2019-02-13 09:38:58','0000-00-00 00:00:00',1),(108,44,18,'/assets/documents/2_step_verification/revant-test-letter-1550050848.pdf',1,'2019-02-13 09:40:48','2019-02-13 09:40:48',2),(109,44,20,'',3,'2019-02-13 09:38:58','0000-00-00 00:00:00',1),(110,44,22,'/assets/documents/2_step_verification/revant-test-doucment-1550050872.pdf',1,'2019-02-13 09:41:12','2019-02-13 09:41:12',2),(111,45,16,'',3,'2019-02-13 09:44:05','0000-00-00 00:00:00',1),(112,45,18,'',3,'2019-02-13 09:44:05','0000-00-00 00:00:00',1),(113,45,19,'',3,'2019-02-13 09:44:05','0000-00-00 00:00:00',1),(114,46,16,'',3,'2019-02-13 09:48:49','0000-00-00 00:00:00',1),(115,46,20,'',3,'2019-02-13 09:48:49','0000-00-00 00:00:00',1),(116,47,16,'/assets/documents/2_step_verification/test349-offer-letter-1550215031.pdf',2,'2019-02-15 07:18:14','2019-02-15 07:18:14',0),(117,47,20,'/assets/documents/2_step_verification/test349-gm_two_signature-form-1550215049.pdf',2,'2019-02-15 07:18:26','2019-02-15 07:18:26',0),(118,48,14,'',3,'2019-02-14 06:05:15','0000-00-00 00:00:00',1),(119,48,15,'',3,'2019-02-14 06:05:15','0000-00-00 00:00:00',1),(120,48,16,'',3,'2019-02-14 06:05:15','0000-00-00 00:00:00',1),(121,55,14,'/assets/documents/2_step_verification/pritam-some-template-1550216188.pdf',4,'2019-02-15 07:37:00','2019-02-15 07:37:00',0),(122,55,15,'/assets/documents/2_step_verification/pritam-joining-letter-1550216091.pdf',4,'2019-02-15 07:36:47','2019-02-15 07:36:47',0),(123,55,16,'/assets/documents/2_step_verification/pritam-offer-letter-1550216105.pdf',4,'2019-02-15 07:37:13','2019-02-15 07:37:13',0),(124,56,16,'/assets/documents/2_step_verification/dsds-offer-letter-1550221281.pdf',4,'2019-02-15 09:03:59','2019-02-15 09:03:59',0),(125,56,20,'',1,'2019-02-15 09:04:29','2019-02-15 09:02:33',2),(126,57,16,'',3,'2019-02-15 09:04:01','0000-00-00 00:00:00',1),(127,57,20,'',3,'2019-02-15 09:04:01','0000-00-00 00:00:00',1),(128,59,15,'/assets/documents/2_step_verification/tejaswini-joining-letter-1550640920.pdf',1,'2019-02-20 05:35:20','2019-02-20 05:35:20',2),(129,59,16,'/assets/documents/2_step_verification/tejaswini-offer-letter-1550641137.pdf',1,'2019-02-20 05:38:57','2019-02-20 05:38:57',2),(130,59,18,'',3,'2019-02-20 05:31:41','0000-00-00 00:00:00',1),(131,59,19,'/assets/documents/2_step_verification/tejaswini-testing-document-1550641166.pdf',1,'2019-02-20 05:39:26','2019-02-20 05:39:26',2),(135,61,15,'/assets/documents/2_step_verification/wedn-joining-letter-1550641537.pdf',4,'2019-02-20 05:47:44','2019-02-20 05:47:44',0),(136,61,16,'/assets/documents/2_step_verification/wedn-offer-letter-1550641561.pdf',4,'2019-02-20 05:48:01','2019-02-20 05:48:01',0),(137,62,15,'/assets/documents/2_step_verification/ramya-joining-letter-1550642222.pdf',1,'2019-02-20 05:57:02','2019-02-20 05:57:02',2),(138,62,16,'/assets/documents/2_step_verification/ramya-offer-letter-1550642274.pdf',1,'2019-02-20 05:57:54','2019-02-20 05:57:54',2),(139,62,19,'/assets/documents/2_step_verification/ramya-testing-document-1550642316.pdf',1,'2019-02-20 05:58:36','2019-02-20 05:58:36',2),(140,63,14,'/assets/documents/2_step_verification/fortesting-some-template-1550774866.pdf',2,'2019-02-21 18:51:18','2019-02-21 18:51:18',0),(141,63,15,'/assets/documents/2_step_verification/fortesting-joining-letter-1550774937.pdf',1,'2019-02-21 18:48:57','2019-02-21 18:48:57',2),(142,63,16,'/assets/documents/2_step_verification/fortesting-offer-letter-1550774959.pdf',1,'2019-02-21 18:49:19','2019-02-21 18:49:19',2),(143,64,24,'/assets/documents/2_step_verification/ronsmith-electronic-communication-policy-1550825144.pdf',4,'2019-02-22 08:48:47','2019-02-22 08:48:47',0),(144,65,24,'/assets/documents/2_step_verification/johnbrown-electronic-communication-policy-1550828938.pdf',1,'2019-02-22 09:48:58','2019-02-22 09:48:58',2),(145,65,25,'',1,'2019-02-22 09:47:03','0000-00-00 00:00:00',1),(146,66,24,'/assets/documents/2_step_verification/jackdoe-electronic-communication-policy-1550842402.pdf',4,'2019-02-22 13:37:44','2019-02-22 13:37:44',0),(147,66,25,'/assets/documents/1_step_verification/jackdoe-equipment-acceptance-and-reimbursement-agreement-1550842585.pdf',4,'2019-02-22 13:38:08','2019-02-22 13:38:08',0),(148,66,26,'/assets/documents/2_step_verification/jackdoe-software-policy-1550842437.pdf',4,'2019-02-22 13:38:31','2019-02-22 13:38:31',0),(149,67,15,'/assets/documents/2_step_verification/rapid-joining-letter-1551074209.pdf',1,'2019-02-25 05:56:49','2019-02-25 05:56:49',2),(150,67,16,'',3,'2019-02-25 05:55:56','0000-00-00 00:00:00',1),(151,67,18,'',3,'2019-02-25 05:55:56','0000-00-00 00:00:00',1),(152,67,19,'',3,'2019-02-25 05:55:56','0000-00-00 00:00:00',1),(153,67,20,'',3,'2019-02-25 05:55:56','0000-00-00 00:00:00',1),(154,68,15,'/assets/documents/2_step_verification/rapid1-joining-letter-1551074727.pdf',4,'2019-02-25 06:06:12','2019-02-25 06:06:12',0),(155,68,16,'/assets/documents/2_step_verification/rapid1-offer-letter-1551074431.pdf',2,'2019-02-25 06:02:50','2019-02-25 06:02:50',0),(156,68,19,'/assets/documents/2_step_verification/rapid1-testing-document-1551074459.pdf',2,'2019-02-25 06:03:01','2019-02-25 06:03:01',0),(157,68,20,'/assets/documents/2_step_verification/rapid1-gm_two_signature-form-1551074498.pdf',2,'2019-02-25 06:03:19','2019-02-25 06:03:19',0),(158,69,14,'',3,'2019-02-25 09:33:42','0000-00-00 00:00:00',1),(159,69,15,'',3,'2019-02-25 09:33:42','0000-00-00 00:00:00',1),(160,69,16,'',3,'2019-02-25 09:33:42','0000-00-00 00:00:00',1);

/*Table structure for table `users` */

DROP TABLE IF EXISTS `users`;

CREATE TABLE `users` (
  `user_id` int(11) NOT NULL AUTO_INCREMENT,
  `username` varchar(50) NOT NULL,
  `user_code` varchar(75) NOT NULL,
  `first_name` varchar(50) NOT NULL,
  `middle_name` varchar(50) NOT NULL,
  `last_name` varchar(50) NOT NULL,
  `email_id` varchar(200) NOT NULL,
  `password` varchar(200) NOT NULL,
  `profile_pic` varchar(250) NOT NULL,
  `status` tinyint(2) NOT NULL,
  `role_id` int(11) NOT NULL,
  `site_id` int(11) NOT NULL,
  `created_on` datetime NOT NULL,
  `updated_on` datetime NOT NULL,
  `is_firsttime` tinyint(2) NOT NULL DEFAULT '0',
  `associate_id` int(11) NOT NULL,
  PRIMARY KEY (`user_id`),
  UNIQUE KEY `username` (`username`)
) ENGINE=InnoDB AUTO_INCREMENT=98 DEFAULT CHARSET=utf8mb4;

/*Data for the table `users` */

insert  into `users`(`user_id`,`username`,`user_code`,`first_name`,`middle_name`,`last_name`,`email_id`,`password`,`profile_pic`,`status`,`role_id`,`site_id`,`created_on`,`updated_on`,`is_firsttime`,`associate_id`) values (1,'hradmin','','HR','','Admin','hradmin@gmail.com','81dc9bdb52d04dc20036dbd8313ed055','',1,1,0,'0000-00-00 00:00:00','0000-00-00 00:00:00',0,0),(35,'vicky','','Venkatesh','','Jewlikar','vickyjewlikar19@gmail.com','e10adc3949ba59abbe56e057f20f883e','',0,0,0,'2019-02-06 07:14:15','2019-02-13 08:46:38',0,21),(36,'hrassociate','','HR','','Associate','hrassociate@123.com','e10adc3949ba59abbe56e057f20f883e','',0,0,0,'2019-02-08 16:08:01','0000-00-00 00:00:00',0,0),(37,'hrmanager','','HR','','Manager','hrmanager@123.com','e10adc3949ba59abbe56e057f20f883e','',0,0,0,'2019-02-08 16:09:54','0000-00-00 00:00:00',0,0),(38,'Assosiate1','','sai','','','saiteja.v@bluenettech.com','e10adc3949ba59abbe56e057f20f883e','',0,0,0,'2019-02-10 06:05:13','0000-00-00 00:00:00',0,22),(39,'Assosiate 2','','tej','','','saiteja444.v@gmail.com','e10adc3949ba59abbe56e057f20f883e','',0,0,0,'2019-02-10 06:17:49','0000-00-00 00:00:00',0,24),(41,'assosiate 4','','test','','','s@ss.com','e10adc3949ba59abbe56e057f20f883e','',0,0,0,'2019-02-10 06:30:01','0000-00-00 00:00:00',0,26),(42,'Associate 5','','abc','','','s@s1.com','e10adc3949ba59abbe56e057f20f883e','',0,0,0,'2019-02-10 06:39:11','0000-00-00 00:00:00',0,27),(43,'Test 1','','test user 1','','','test@test1.com','e10adc3949ba59abbe56e057f20f883e','',0,0,0,'2019-02-10 06:41:47','0000-00-00 00:00:00',0,28),(44,'Test 2','','test user 2','','','c@c.com','e10adc3949ba59abbe56e057f20f883e','',0,0,0,'2019-02-10 06:47:57','0000-00-00 00:00:00',0,29),(45,'test','','','','','ss@s.com','e10adc3949ba59abbe56e057f20f883e','',0,0,0,'2019-02-10 10:35:56','0000-00-00 00:00:00',0,31),(46,'s','','','','','d@d.com','e10adc3949ba59abbe56e057f20f883e','',0,0,0,'2019-02-10 11:01:04','0000-00-00 00:00:00',0,32),(47,'saws','','','','','saws@5.com','e10adc3949ba59abbe56e057f20f883e','',0,0,0,'2019-02-10 11:02:09','0000-00-00 00:00:00',0,33),(48,'ts_test','','Test','','TS','ts_test@test.com','e10adc3949ba59abbe56e057f20f883e','',0,0,0,'2019-02-11 04:16:01','0000-00-00 00:00:00',0,34),(49,'ts_test1','','ts','','test1','ts_test1@test.com','e10adc3949ba59abbe56e057f20f883e','',0,0,0,'2019-02-11 04:44:40','0000-00-00 00:00:00',0,35),(50,'cvss','','s','','','sd@d.com','e10adc3949ba59abbe56e057f20f883e','',0,0,0,'2019-02-11 08:27:03','0000-00-00 00:00:00',0,36),(51,'man','','','','','test@g.com','e10adc3949ba59abbe56e057f20f883e','',0,0,0,'2019-02-11 12:58:34','0000-00-00 00:00:00',0,37),(52,'vinayy','','','','','vin@b.com','e10adc3949ba59abbe56e057f20f883e','',0,0,0,'2019-02-11 13:15:00','0000-00-00 00:00:00',0,38),(53,'Manvi','','','','','man@test.com','e10adc3949ba59abbe56e057f20f883e','',0,0,0,'2019-02-11 13:20:20','0000-00-00 00:00:00',0,39),(54,'durga','','','','','Sai@test.com','e10adc3949ba59abbe56e057f20f883e','',0,0,0,'2019-02-11 13:21:38','0000-00-00 00:00:00',0,40),(55,'Mathews','','testuser','','','mat@test.com','e10adc3949ba59abbe56e057f20f883e','',0,0,0,'2019-02-12 05:59:32','0000-00-00 00:00:00',0,41),(56,'Cahal','','','','','cha@test.com','e10adc3949ba59abbe56e057f20f883e','',0,0,0,'2019-02-12 06:18:36','0000-00-00 00:00:00',0,42),(57,'alina.waity','','Alina','','Waity','alina.waity@leicabiosystems.com','e10adc3949ba59abbe56e057f20f883e','',0,0,0,'2019-02-12 14:00:13','2019-02-22 12:47:26',0,43),(58,'Saiteja','','Sai','','Teja','saiteja@test.com','e10adc3949ba59abbe56e057f20f883e','',0,0,0,'2019-02-13 08:29:05','0000-00-00 00:00:00',0,0),(59,'test0002','','test2','','test','cvs@test.com','e10adc3949ba59abbe56e057f20f883e','',0,0,0,'2019-02-13 08:31:25','0000-00-00 00:00:00',0,0),(61,'ravi','','test4','','test','ravi@test.com','e10adc3949ba59abbe56e057f20f883e','',0,0,0,'2019-02-13 08:41:47','2019-02-13 08:54:50',0,0),(62,'revant','','h','','h','rev@test.com','e10adc3949ba59abbe56e057f20f883e','',0,0,0,'2019-02-13 09:32:09','2019-02-13 09:39:37',0,44),(63,'test345','','test','','test','dd@mnc.com','e10adc3949ba59abbe56e057f20f883e','',0,0,0,'2019-02-13 09:42:26','0000-00-00 00:00:00',0,0),(64,'test346','','k','','k','ff@f.com','e10adc3949ba59abbe56e057f20f883e','',0,0,0,'2019-02-13 09:43:58','0000-00-00 00:00:00',0,45),(65,'test347','','j','','j','test245@test.com','e10adc3949ba59abbe56e057f20f883e','',0,0,0,'2019-02-13 09:48:44','0000-00-00 00:00:00',0,46),(66,'cake','','jdj','','jdjd','j@h.com','e10adc3949ba59abbe56e057f20f883e','',0,0,0,'2019-02-13 09:49:28','0000-00-00 00:00:00',0,0),(67,'test348','','test348','','test','cvd@test.com','e10adc3949ba59abbe56e057f20f883e','',0,0,0,'2019-02-13 09:57:19','0000-00-00 00:00:00',0,0),(68,'test349','','ss','','ss','bb@mm.com','e10adc3949ba59abbe56e057f20f883e','',0,0,0,'2019-02-13 10:06:38','0000-00-00 00:00:00',0,47),(69,'shubhangi','','sabj','','kjsad','ksjdnf@lkjdsf.iji','e10adc3949ba59abbe56e057f20f883e','',0,0,0,'2019-02-13 10:40:20','0000-00-00 00:00:00',0,0),(71,'Sati','','test','','hj','sat@sit.com','e10adc3949ba59abbe56e057f20f883e','',0,0,0,'2019-02-14 06:05:11','2019-02-14 09:42:06',0,48),(72,'something','','for','','testing','somethin@not.imp','e10adc3949ba59abbe56e057f20f883e','',0,0,0,'2019-02-14 09:48:02','0000-00-00 00:00:00',0,0),(74,'Abcde','','mm','','m','hh@v.com','e10adc3949ba59abbe56e057f20f883e','',0,0,0,'2019-02-15 05:15:46','0000-00-00 00:00:00',0,50),(75,'sss','','','','','ss@n.com','e10adc3949ba59abbe56e057f20f883e','',0,0,0,'2019-02-15 05:40:19','0000-00-00 00:00:00',0,51),(76,'napuser','','naptest','','nap','nap@test1.com','e10adc3949ba59abbe56e057f20f883e','',0,0,0,'2019-02-15 06:01:36','2019-02-15 06:02:33',0,0),(77,'aad','','','','','ss@a.com','e10adc3949ba59abbe56e057f20f883e','',0,0,0,'2019-02-15 07:11:18','0000-00-00 00:00:00',0,52),(78,'makrand','','makrand','','kulkarni','makrand@gmail.com','e10adc3949ba59abbe56e057f20f883e','',0,0,0,'2019-02-15 07:23:02','0000-00-00 00:00:00',0,53),(79,'daljit','','daljit','','daljit','daljit@daljit.daljit','e10adc3949ba59abbe56e057f20f883e','',0,0,0,'2019-02-15 07:26:20','0000-00-00 00:00:00',0,54),(80,'pritam','','pritam','','pritam','pritam@pritam.pritam','e10adc3949ba59abbe56e057f20f883e','',0,0,0,'2019-02-15 07:33:23','0000-00-00 00:00:00',0,55),(81,'dsds','','sss','','','dssdds@m.com','e10adc3949ba59abbe56e057f20f883e','',0,0,0,'2019-02-15 09:00:18','0000-00-00 00:00:00',0,56),(82,'pqrs','','pqrs','','pqrs','pqrs@pqrs.pqrs','e10adc3949ba59abbe56e057f20f883e','',0,0,0,'2019-02-15 09:03:57','0000-00-00 00:00:00',0,57),(85,'priya','','priya','','sweety','priya123@gmail.com','e10adc3949ba59abbe56e057f20f883e','',0,0,0,'2019-02-20 05:42:39','0000-00-00 00:00:00',0,60),(86,'wedn','','s','','s','ssm@test.com','e10adc3949ba59abbe56e057f20f883e','',0,0,0,'2019-02-20 05:45:10','0000-00-00 00:00:00',0,61),(87,'ramya','','ram','','ramyasri','panithavya.d@bluenettech.com','e10adc3949ba59abbe56e057f20f883e','',0,0,0,'2019-02-20 05:50:03','0000-00-00 00:00:00',0,62),(88,'ria_matta','','Ria','','Matta','ria.matta@leicabiosystems.com','bf6b205587aa301a2e0662abaa346114','',0,0,0,'2019-02-20 11:31:14','2019-02-22 12:47:51',0,0),(89,'forTesting','','for','','testing','for@testing.com','e10adc3949ba59abbe56e057f20f883e','',0,0,0,'2019-02-21 13:38:04','0000-00-00 00:00:00',0,63),(90,'ron.smith','','Ron','','Smith','ron.smith@test.com','e10adc3949ba59abbe56e057f20f883e','',0,0,0,'2019-02-22 08:43:45','0000-00-00 00:00:00',0,64),(91,'john.brown','','John','','Brown','john.brown@test.com','e10adc3949ba59abbe56e057f20f883e','',0,0,0,'2019-02-22 09:46:57','0000-00-00 00:00:00',0,65),(92,'jack.doe','','Jack','','Doe','jack.doe@test.com','e10adc3949ba59abbe56e057f20f883e','',0,0,0,'2019-02-22 13:31:38','0000-00-00 00:00:00',0,66),(93,'rapid','','','','','test238@test.com','e10adc3949ba59abbe56e057f20f883e','',0,0,0,'2019-02-25 05:55:48','0000-00-00 00:00:00',0,67),(94,'rapid1','','','','','test098@test.com','e10adc3949ba59abbe56e057f20f883e','',0,0,0,'2019-02-25 05:59:19','0000-00-00 00:00:00',0,68),(95,'vicky1','','ajsdlj','','ljald','vickyjewlikar19@gmail.com1','e10adc3949ba59abbe56e057f20f883e','',0,0,0,'2019-02-25 09:33:36','0000-00-00 00:00:00',0,69),(96,'rapid 1','','rapid','','rapid','divipanithavya@gmail.com','e10adc3949ba59abbe56e057f20f883e','',0,0,0,'2019-02-26 09:43:06','0000-00-00 00:00:00',0,0),(97,'hradmin 123','','fvb','','fbs','divipanithavya12@gmail.com','e10adc3949ba59abbe56e057f20f883e','',0,0,0,'2019-02-26 11:31:36','0000-00-00 00:00:00',0,0);

/*Table structure for table `users_document_fields` */

DROP TABLE IF EXISTS `users_document_fields`;

CREATE TABLE `users_document_fields` (
  `user_id` int(11) NOT NULL,
  `document_id` int(11) NOT NULL,
  `variable_id` int(11) NOT NULL,
  `varname_value` text,
  PRIMARY KEY (`user_id`,`document_id`,`variable_id`),
  KEY `document_id` (`document_id`),
  KEY `users_document_fields_id_variable_id` (`variable_id`),
  CONSTRAINT `users_document_fields_ibfk_1` FOREIGN KEY (`document_id`) REFERENCES `document` (`document_id`),
  CONSTRAINT `users_document_fields_id_users_id` FOREIGN KEY (`user_id`) REFERENCES `new_associate` (`associate_id`),
  CONSTRAINT `users_document_fields_id_variable_id` FOREIGN KEY (`variable_id`) REFERENCES `document_variables` (`variable_id`)
) ENGINE=InnoDB DEFAULT CHARSET=latin1;

/*Data for the table `users_document_fields` */

insert  into `users_document_fields`(`user_id`,`document_id`,`variable_id`,`varname_value`) values (21,14,65,'Thank you'),(21,14,66,'00000'),(21,14,67,'Software engineer'),(21,14,68,'Venaktesh'),(21,15,69,'data:image/png;base64,iVBORw0KGgoAAAANSUhEUgAAAMgAAAB0CAYAAADAUH2QAAAQ7UlEQVR4Xu2dB+x9NRXHvzgQt+CeuHBjXLj3wsFwRMHgBiVq3OJAAxo34EJR1LjBHVFRcc84UHHhBPeOe4Jb8zEtOf9y33t39Lb9vXdO8gvh/+5tT7/tuW3P3E7t0VMl8efkCFRHYLvqHGzLwGsk3V/SayU9oDHenJ0NRKA1AflvmIOHSnrZBs6HD7kxBFoSkD0kHR/waYmvxqbM2SmJQEsL8RhJ+4Wdgx3EyRGojkArArKTpFMl8d87STqhOjLOgCMgqRUBYedgBzlW0r19ZhyBVhBoRUA+I+lGQTgQEidHoAkEWhCQ3SUdLelkSXs1gYoz4Qg0pC3iQn6UpCMkHeQz4wi0hEDtHeTskv7RkLC2NDfOSwMI1BaQZ0o6WNKrJB3QAB7OgiOwDQI1BWQHSacHbq4s6RSfG0egNQRqCki0nH9F0rVbA8b5cQRAoKaARL+rfSW9xafDEWgRgVoCspukzwdAziIpCkuLGLXA08cCE7dqgZlN4qGWgESBeLWk/TcJ8BFjJTbm0PDe0zxWZgSCE16pISBcyL8deN5R0h8m8L8Jr0Y7EWMlRoZYGadCCNQQEIQDIal9ByoE8eRubinJHrE+PrlFb6A3AqUF5NyS/hK4c6/dftNkj1jcQVxA+uGW5anSAsLk3sJ3j0Fz92BJL/c7yCDMsj1cUkDo6z+B8xdLekS2Uax3Q2+VdI8wxLdJuud6D7et0ZUUEC6YaK0gV+32WwcXlvRTSduHx9mBXdXbD7ssT5UUkKjafaeku2bhfr0buZSkT0m6rBmmq3kLz3kpAblpmGyGd0FJvys8zq3UHQKxp6R7hSAyyzvRlh5QVnA2SwlI3D2+LmnXguOzXdE3dI1K/ffpNuYF63r2REk37NOIP5MPgRICgtYqqiY5U/8mH/u9W9oK1mh7Ge8aWIm56g3opjxYAvS/h0vmNyVdvSKwLfszWVVuCtF3JT3I7R91Vs7cAnJVSQgGdBVJ36kzzKZ75a7xxoTDL0j6q6QjJR3XNPdrztzcAoLGam9J75N05zXHcuzw2NlwJ4n0CkkHjm3M38uLwJwCgjbmB4Hdy0n6YV7W16I1ezdiQC+V9LC1GNmaDGJOAXmdpPtK8i9i92JBYfENSfw30vUknbQma2sthjGXgOCUiBv72SSdy8SerwVomQZh3dhp0m0cmYDN2cwcAkKbHK129lxXS6fK3j04fl5f0q9zTq63NR2BOQSEL+EbAmuerWTxHNkw4+dKeuL06fQWciOQW0DOKulfgcmfSLpMbobXpL30eHVFSd9bk7Gt1TCsgOQwpKGzv0tA6G6uw1+4VojvwDgIuQt7wyIVBSSHK8aNJX3ajBUX7X82PPZarPHhIM0RCgzINVe1ZqJHv1FAKJyJoxw0JjEAmiosv5EeJelFPfrfxEfsxwiVLgLi1CgCUUCmJgZ4ZZJbl6/jvxsdc022qIFCLRQIp018rPA2cGoUgRwCcnFJPzfje7SkFzY63tpsxWTd8OE5wWrPRo/+o4BYb9KhmTPSrIi5NWM9hrElHrlasJxHZomq9N2j8amLi9karYaEdb4k8R16kqTnND7mWuxZzRWhtDevxYj32x+BKCDvDmGevNnXYe68kv6UdOW7Rzf22IO4kF8o/HwHSR/oP03+ZC0E4oImHDUGM/XdQdKjFRf9T1QaSA4bzpys21Baz0wyJ9KZ2+46YvWp13GIJATJUq3dI4cNJzOs2zSXeu0OvePNyZu3vQKBuKipE0i9QAjjXszD1PW6rSsYf7+opF9VQrv15M6Wv89KwqA6lLCVxKTVLSedGDqu5p9HQKwNJDK87Ct3qiR8hyIRM71LxZFO0cCVYNseRccYYcmqSEKHSH2PwCXGtvZ9ICA28i8OmPtIjCW3IHDZ/FGCSm2XkqHJna8b+C8RmISX7uNDf0N9rpgXYtUxLkZyy3thkURAziPpk0mdQPK/MqEppRdz7iJPL8xz2t2y3LXYHoizeIgkPI2jcNg2iMX4m6TfS2I3/L6kN2VKMGHx4mjFEWsVsaOj5XpC8uDYnaN1BcYqPKr+3nVJh6GuIxZn35MTbmtdzCMbD5f0fOP4h4YI4eZYwtl/SpohvtZkgYQQIi7bQ87/1r/tBZIes2Km95HEOwhHSos+WKsWT+sKjFX8V/99kYB0fa2Idot6fBi/raSPVB4BtUYI742Eywu7weVn4mvIV/yPks4X+FiVtIJ71DOS+HReJWb9iAlVpdgxvxh46Gvfmgm6rdlsXwHpunvU3D04hlC3z6bLyT0DU3YQa/fgHrHfAubuGMZxg47fienHI5pdYArFY94Q4Z7S31q9Gxd5mvYSlSIal0hEB5JtPNJtJH20EhJ8FR8YjlCrWGCRc+z6ajgusei4/LLTkLANYmfE+/hime4gVuu06GKOgyd3DI5U5+8YxGnh3vT6VQPs8XsUkKFKgh5Nr/8jUUCWqRJ3kvTbBIpau0eaR2rZDNX4Yh6T7BZdwVBgHf+6+Gchx78cKzAKCPcojnpjiQ/k28PLG5NEOy70VNVrFxc7hS3aUmv3WJXcOU48C+HgoIkauxjGvGcv5byfXqypyYhg8NwiAnecGn8xhoGOd1Ib19gP25USrd7YdjINq1wzdqBUMrpk6PrDkm4XVKMxCUPkqjQ4CC/3jWULKx6VyErIkapG+hwrwL+UxDEKYpHuJYk4mS7C4fMpkk4IR7ycs58KyBht2DXDEdXyVXoN5MRkUFt2oOSyitWMYh0PUtE827RYIxjqeEl7rBgV9gXsMSyyGpQe/bC77BBUtrsvYAiXd2o1wjsfp7nI2mKGzh/5lN+TMLZKIzfXOKq0awXEumxwiWU3wWpuU/dgbIuFOEswnN6NuvrkWMKuUaM8MrYReOQjElW6eCBcJFGJW77BlrxhJfJgwZ/1keNjw27Wh9IjI+/gUoQxdWPICojdjlls6M2tD9BBQSdfEhx7bEEwKf5pqWa1XBbQ4UsEoQun50niL9cdY9VcYCiNlbV4FkdUPCdwTl1Gj+2Y641MAmgFJP1aEw4ac1xRUzBalVdNSq7fbQTeosX2uFydjWiHWidcXlcR2V4w9qHhKv31HeqIylhSTRz/huE1ZupfNd61+n3RDpIO8rAO36A5gWBB8RWLhGbKVnvt47oxJ3+0nfql8W+nSNoxWMSfLOlrIZKw1I6RjrnLERVFBqeDlNid2Vk4RlviqG2TcsyNa1Ptp9oIe1G3jPZ1tMsxOKzKnzMNUUbhfknDl575YttnHCx6jIuROOtjxJzzwt2Hr/QZXE2sk2aXwfAcwUUnffcKwXlzTL9r8U4qID+TdIlkZPgDDXHSmwoM2RltUBEqUPyUIrVSbyTVXCHU1jV9Kg653k8rWKUhvwS7oZZOqWYQXK6xT24nFZD0a0MHZCkhW0kJwmeJM3AkNFRUybU+V62ErJI9kqOepRbjzVMDq7Wo20R2dhxeyz6gkQrIh4KXrgWr5IK0X7u42MhEaL/MrejhPxiMqemHgyMMgtMn9qPERyfNJB8FhGNrDOO1fGzshbxrMlIBId4jPU4tii7MPbno599lGo1WXxsvz8+tCEjKl8WDSy3pWHE2JACrJqUXdVKefknS7TuYwpbz55rMttZ3KiBHJV6yJUM8bd98hQkwIvY9RsRF7EruaIvmy94/2Cm4f3S5kuBFfK0GJr1L45ayhVdxmuesAdbrspAKCBZeKkRFKnUhxnhlv1xRCNJ0ndHCXxM1G4QEH2CIpyuuLl3+YlyAnxXcSmrxbeNTunjwY9WCmUkF5L2S8DqNVMplnKPIfUKnVg1J1CL3okh9cnbNvQgJcqLuO3Rs8kFZZtw8MQgJ/mIYXksS9phdF3TIkRpNpVMHAqmAcKS6jnlujPfnUKCtzw9euARDRQc5zsk2RScGRFxeahL2jli6Gd6x01jCI4HM7eyKXYRw4CLDuEpc5DkFUGYhJe5GzDWhwU4LEEgFJNWZl6h+ZGO3U4VAejQobdFPYbO7BzvCssChPvEr7JxHzlQbHW9iIigxAnYR+QXSQDgXlASBVEDYajn3R0IDkubBygmivex2xW6nAlvqyLdojEOy4BMPcmBQesQdp6td7l77hx0l1yUZC/8y9xa/kPdcxamAlKz1YYVjkYGtJQGhnsc7Aq4cBXFp70MXCIZOahPeLPEps++DAWruqcWHugKcYj/cRXbr4c3bZ1wb8UwqIDaNDnr+RdvzVHDsvQPfJVS6XYnq0mMKi2dRZN5Unla9b71cpzhL4hXAH8oQ1Ng4N6aCQjaTMcV1uqz7se3au+8qfJv8PRUQzqw2y8YcoZWpD9OyibNBXADIcSQGJpUG9PQQJUi/uZw3OcKyM/GBsFlj6ANXfnasPm7meOLiSr8oKQMJ9ih25DQQgWVHrKlZMLpYSWNOVmnJ9u1IvlDDUNg3z9VA+M94nLibRy7I88WuSd2VRTvKIk/c2HitJBtjsWjqvWXOirkd74bsHBakNDBpyvFmDPg26GiOj4bliSPS3gsEBS9nFBlvNnYUYjfSpBq2PaqAcWx2GolAKiBfNq4RTERMrjay+TNe486BijZqc1btHLa/rthojmWl/Jxs9S2+4hyJ5iTykBHQRA3DmBnF9oenAwZKLv8k3F5E1K7nWOg0AYFUQOzXGmPdnhPatq9aj9I0a2OfLuwijc9zqWchzZmsId31SsZlcz9h9zpA0k0MSAgICdzIQdxFqXW/D77+zAIElkUUYiFelYuqL7BkLOeiiBXapjTt+35XbDXv5j4GWn7SZGk1tUB4OpM+CDsVOcv4kHURGWhIE+uUCYFUQOxldMyXPhNbnc3wNcdlwkY8zikgx5mkFaWjKhfhSCb7rjsF3ghYxpfdR+acm7VtOxUQtnWK6UCcgbmUtka4xaMNY9HGnFhz8Gjj82toztIxpTmu4u94CpMgwmkGBOawc8zAZpUm4/2jlMv/skFiTOzyAPYAp5mXhgvIzABnaB5VLnc3tFuWMA72CYTKwMLmNuEC0v7cYyTkuBsJdTlHKr9vFJg7F5ACIE/ogrgSq/XzVDwTwBzzqgvIGNTKvIOt4+6hK5w2CSQjjalTQQRcQAqCPaArQnoJzoJwP8G716kCAi4gFUBf0eXRIdCKx6gzwv87VULABaQS8B3dUkiUGHXCnKFFSabb4XgDOHEBaWOSt5f0Y0lcwiFiQagj4lQZAReQyhMQyg0QPx49nQ8JObbqc+Yc/D/pmVNdBGyiDL+Q152LM/XuAlJ3QojnIK4DGlI/sC7XG9S7C0i9ySYgbZ/QPWUnyDbi1BgCLiB1JiRNiFe6enCdUW/BXl1Ayk+aza9F7y4c5eegd48uIL2hyvIgiaKpwRIJN3ZSLTk1ioALSLmJSZMsePrPctiP7skFZDR0g148p6TTzBs7B8PgoEb84fIIuIDMjzkYk2Rhl9AVycG/NX+33kMOBFxAcqC4uA0u4CR8o/Y7RGYSin86bREEXEDmnSgSKsQS2i0kfph3tGvYugvIfJNq1bm37ihGOl/P3nI2BFxAskG5TUNkpadyFIml/Vg1D8ZFWnUByQ8z2SgPDYVyyIiIj5XTFkXABSTvxJFLi3JqZBwhqR3ZKZ22MAIuIPkmzya6Jul3rNSbrwdvqTgCLiB5ILeVsCjt8P5QDStP695KNQRcQKZDb6tm1cwAP30k3sKZEHABmbYo0p2jqxDptB787aoIuICMh99WvR1SMWt8j/5mcQRcQMZBbo9VbiEfh+GWeMsFZNg0kWGddDyx8hY5rE4a1oQ/vZUQcAEZNlu2FJxfyIdhtyWf/h80AOKTkg89fQAAAABJRU5ErkJggg=='),(21,15,71,'Software engineer'),(21,15,72,'6-2-2019'),(21,15,73,'Venkatesh'),(21,16,74,'Venaktesh'),(21,16,84,'data:image/png;base64,iVBORw0KGgoAAAANSUhEUgAAAMgAAABhCAYAAACTS+64AAALtklEQVR4Xu2ddwgtRxXGf9HYC8Yae2yxd0UTiY1YUbGDWGLBiIodI/qPimBDoqgREiGWaCxRrFhQsWEidsUWu8ZujLEmdvl0Ro7j3Ttzd/feuzNzDjxC3tuZnfPNfHdnTpsDKJePhkfvUN7En3QE6kbggMLhPwd4dnj2uYD+38URaB6BUoI8HHhNQOOBwCnNI+MKOgJAKUFeBBwTELsT8GFHzxHoAYFSgtgtVmmbHvBzHRtHoHSxfxW4fsCitE3j0Ll6PSBQuthlwbq9E6SHJeE6WgRKCfJP00hm3o85jI5ADwiUEOTmwOcMGLcAPt8DOK6jI1BCkDsDHzRQlbRxZB2BJhAoWezHA0c7QZqYb1diQwRKCPIz4GAnyIbI+uNNIJAjyCHAt4DzGW0PB05rQntXwhHIIJAjiHUQxq48FsuXVTcI5AhiY7AiKG7F6mZ5uKI5gqz6guTaOKqOQDMI5Bb7KoJcFvhVMwi4Io7AGgRyBFGIu7ZZUeQg1BbLxRHoAoEcQWwMlgBRiIlnFHaxNFxJIZAjyLuBexqoXgs8wqFzBHpBIEeQ9AzyYODkXsBxPR2BHEGOAx5nYLoa8AOHzRHoBYEcQT4A3CWAcQZwlV6AcT0dgZIzyHeAawSovglc12FzBLaMwEWAmwI3A/4SwpzuG1wLlwlr8HJhDNrNxB1N/O95gd8D15vDoJT7gthEqfcDd98yON59XwhcEDgKeAag7fvcklvf2fflOrAEeXFQJNupP+AIDCCgX/cHAa8vsKB+HPgIoJ2L6iHIxRC/EgqijaKvhSytXwP09TkIOAzQ12ayS2ITgshh+DqfekdgAwR0ZtUivQ3w6DXtvg/oB/hdgNIrFiPrCHJx4LdmpLcFPrmYkftAloSA1pF+5XVevRWg2mnrIi5+Arwi/PnTkhRJx7KOIDcEvmIaeAzWkmdyO2M7P3Aj4MDQvbY2qm6jQ7QMNhdLXqtDtdqkorJRrwTenPzobmfUM/a6jiAPAU4y7xJIf5/x3d7V7hC4JqBfai1e7dPPBC5h9ui3DIte1qErjBiWinqoT1XcVIKdtkw6E9gz7Ihu999kHUHE+MebIebOK/vXpr0R6FCrX3At7H+ERXy/YPrUFlgVZ8bIt4FrFTY8J5hNvwd8HXgH8GPgR8BZhX1U+9i6Rf+FMCFROSfIfNN8ReCSwJFhyyKb/5Xm636wJ1Wn+TTwWeCHwN+ClWgHr67zFesWffp5dIIMz/EFgKsH0+WvAe3VbwdcKpgcj9jx8ngPcGrY8ihFofqtzo7x++/rnCB55K8NyEAhc+UDgBvkm+zkCSWtvS9YgmQV+vlO3trZS/ZNEEUL64D4XeCJe8ReYQmPDGbKe+9xHPbVnwr3sOi/8g2IBC47RqCUIL9IamPNNcxfBo+n+rsOcPpcHQ/0I3OjRF8EeVrlmdWWaOxhd5Phnh0OuVrwOt99MTQWBr/ZpCN/dncIlBLkpcBTZx6W9uz6ckh2kcq7Kr9+ZpX+7Ug9EVCi2YWDtWfud3h/O0SglCB3BOIlnnMNT3kmyjeR7CqVN/2CTNHlvcDzgM9M6cTbLhuBIYKokqK8olHkMf3DzKrYX/RdESRV4dLAVUN4hBxkCqfRdktfNplA3x62RToQPwVQ2LVEacdKP3ZpHIEhgogQvzO6z23ilRdXX6SbhHfIIfmqhWNtC1h4dcmFT9Zcwxta+DcGvrRFgshSJI9slBpSeW3y2CeCn2OuefB+ForAEEF01fNbtkgQmSxjzE8NlVIU6qEtZizi/Vfgosk2dKFT7MOagsAQQbTfPjZ0/HLgSVNekrS1Xw/FFz2qgv28IlhTI4VfRTfjolhqV0MEeQOgEj+Sue9FVzbZQ0PfSsCylRuXipNCRxShaqWGc9NS8axmXEME+VAIpJMi2kr8cSaNUl+EtnKnzNT3NrsRBjp3KA8iSi1j3yYuzfc9RJBvBM+2AJjLgnVo4ikXMbTIahHlPFiPu1uyapm5CeMcWvxKtVW+geL9FZE6h6SFsGvbw3ud4jlWQWV9DBEkhke/BHj6DDql2Ym1kUMQvDVE80Y4thF+MwPU3sWcCAwRRJ5kxUopp0F776miDDalfUpq21pF3W1ojP6uBvP01Hnrvv0qgsjm/+eAjOz+CrmYIvcAlMAjqcWsu0rfywM/Nf+gwESFprg0jMAqgqhci1IyJVMP6DKPaiHFdFJVtVDhsFpFpt5YtEwVXxRx4NIwAqsIoDKQL5zpgP4y42RUov+VK8fSGhr0NVFuuUvDCKwiyJdDJY1XA0dP0F3nF0XpRmnBLGojDJRstY16shMg96ZzI7CKINGCpULVKlg9VqxTUF8PbUdqLxOTXoutaoIqhePSKAIpQS4UCoxJXeVKKB11jKgAmQqHRR/KM8O2bUxfS2qTxmTVaK5eEp6LH0tKEG2pjg+jnnJAV/UP+Q0kyrdWopHdbi0emIEBqriDiB/FE6dqncnCcackUPWMgwFV01NO9ViRhUe1fSX7yhYcO/ZcO20X4+FcBZj3WY0lN1b/94kIpASJ5w9NuiZ/rChFVVs0iTzx8si3ItbUexpweCuKuR7/j4AliN0+6Cxy7gTA7CKaslWbMIStNbXbUNWrjVfUbe2F3vH+ELCLVyEg9w9DmbqobWDf1L72h87qN9vIAD1RQ7rw0jCsZjx28cbt1TuB+0zUoGWCqOCcir1F8byQiYtlyc0jQc5j7v5QUpAt2DBm/HGLpbOIqhi2JjY35DHACa0p6Pr8B4FIEB00VRJTojspFFQ4VlStJNa3bfXX1X4hW7PSjZ33JttFgthQ7qlnhmgGbfXroYVg8fKQkyap8b9fEF23q/KiU0O4VdpT4ReSqabiJcOu1Ftts6L4/Y1Lnq0JY4tfC1VRVDVFVTI5eWR/acbd1C/RyGHspFl6UG9Z150AutSXxImV51vXD+hyGF3CuKlYcrS8tbK42MovrZ61Nl0HzT0vgtgAvDHBd4rdsmHxvUS42mjluwK6/8+lMQREkOhBH3NJjkJInmYwGUOwWiFV0YYnh8G/AHhWrYr4uIcREEFi5K18H7YwWg43FWFQMYYoLR/KV2Fhv7yqTG+vzM5h5/9eCQJ2iyVnl5xepWL9HT1W+LCWLI/JKl01lT03hSDRW67FofRa+T96E3u9ci9nr67mWASxh81Sc6Uqvj8hINWrBSctA9TT+asbkogQMTp1E4/wGaGUj+7JUB2tHuVU4LBODRTdzLcIYvfSJR7hu4UL7AXSLm6nXeJkpCHvGmPp13eJ+viYBhDQpFqvcMkkW6eg8rPlXKxdZJGyoq+p/sS/V3j7wwJWcqimWYS1llOtfd62Pn7rB9HLSg6arV1mmVZtHwN6yQ/LmH69zZ4RSA/pueJuaQxS7vk9q5d9/aqr1bKNzAOy3D0W0J3pLg0iIILYYmglZWysabN2gmhKx3xBtP3SHerPb6AYXoPLej6VUoLkTJVpmLeqtt9rvuHsrSd9SeJ5Qz4dVbVXaZ9YqFqO0LMBVTFRnS8FKrp0gEC6xcoRJL1j0LPpOlgkPavoBOl59l33LAIiiG6QOiI8mbuW2daEUpOTgvkz+yJ/wBGoEQERRPvqW4fB57ZM6RbLo1hrnHUfczECIoj9KuSicmNqbnyBQrxFEhdHoEkE0ozCdemyR66w3nhVwSaXhSsVEUgJor8fsmQprN3eqPRGQNc7uzgCzSIQQyQUayQvuWSVszBNrdVzIodI4uIINItAJIi1ZKV3Xsg5KOtWrHclMMbkrzcLoivWLgKRIPHiTmma3nmRVi3RM372aHdNuGYGgUiQ40I5Tf2TNd3aq9RiMzft+hLqBoFIEOvfiAGIq8ihvIdjQq5ENyC5ov0iEAliI3TfBBwYygFZZGQCVv55C5dx9jvjrvlGCIgghwKnF7TKBTIWdOGPOAJ1ISCC2FL+q0avtNqjQv55Xdr5aB2BiQik0bxpdyqveWynNa8mQuvNW0AgnkHOAg4KCp0JvA1QWRtF67o4At0i8C9ke91xYKm48wAAAABJRU5ErkJggg=='),(33,16,74,'Rohit'),(33,16,75,'data:image/png;base64,iVBORw0KGgoAAAANSUhEUgAAAMgAAABQCAYAAABcbTqwAAAITUlEQVR4Xu2dCaxdUxSGv6LUGEMR89xQKWKIIKaaRSQ11VQkGkqMMdQYQ0gQtEqNMURQQUylSAitNNqgaFAzQSRCayrV0lR+3Tc5Pb33vTPed889/0qavr7uvfa53z5/7h7WXrsfcCxwOjAeeBP4EZsJmMD/BPoBs4E1IzymA7OAhcD3wETgXfMygToSkECmAbv28uHfBiYBrwBv1RGUP3M9CUggsn3CMEvDrd7sSUB/ZI2/e6vj/zeBShJoCCT68FcDo4EBCT6Rhl7LAu+Hb5ZvwpBNw7ZNgTcS+HARE+hYAs0EoofdETgFODvnkzfmLl8BfwIzgfeAj4Cfcvp2dRMonUArgUQbPg3YHjizwKeZD6wQ/L0aBPNdEM/ksEBQYHN2ZQLZCCQRSNSz5irLA4OBDYG1wlBKvy/TxgEvh2Hcrzkaaixpnx+GhTlcuWodCKQVSCsmqwM7hP8cBCwATgY+C7/bAxgIzAuCKoLtJ8C1wOPAooQOG0vamittlrCOi9WYQFECSYNwvSCS44A9I8JK46NZWW1yXgW83oOjqcDuwLPAsLwNun73E+gLgfREdRdgL0Di2Skn/nuB54Jg9M3VMA0HvbqWE25dqneaQFpxXzGsrG0J3Aism7KDbgUeBD5MWc/Fa06gKgLpqZuWA7YAtgKGAwcC68Qq/AP0j/xO0QMPAfcD/9b8HfDH74FANwik1cdbBhgSFgckIC0aaP7RzO4AxgJf+m0xgSiBbhZIq57WN80FIbSmWZl3gJHAB35VTKCOAon2usJpjgQ0R4kPy1ROwZlnAF/7VakngboLJN7rhwNPxeYrjTJHh+Vhz1lqpBULpHlna/5yKqCl4rgp9F/7LVNCfFmNXpf6fVQLpPc+Vxya5iwjmhQdAzzvfZXeIVa1hAWSrue2CXOWi4FVQ1Clwv0/Bx4LsWI6UPZ7Orcu3akELJDsPaNJ/SHhWEA0WHMO8BqgKGUN0dYAfsnejGv2JQELpBj6im6WSPRHk/mo6dyLgiS1EqaI5EfDv4tp2V5KJWCBFI9XIlFEs2LJdJamJ5sA3BWyyRT/JPaYm4AFkhthjw60g6/TmaOAoQmaUsql64EnnH4pAa02FLFA2gA5NKGl46OAA8JOfZKWNTxTaL7mNC8Cc5NUcpniCFggxbFM60m5yA4C7gR04CyJvRBylClcf4ZXy5Igy1fGAsnHr8ja6gudh9Ek/xhg4wTONSTTUYDVgGsi5ZUUQytnXwArAR8n8OUiTQhYIJ39WiiUf7uQgumIMJ/ZN8MjK3+ZRGdLScACSQmsQ4or55i+bbYN2WbWTvBc7usEkOJFDC0DtA6s0tioVCqlS8J+i0Jk9gbWD8/rvs7QcYaWAVpFqmjzUlkyGxuX7usMHWdoGaBVpIrO4Cs7ZsPc1xk6ztAyQKtAFaU+isaHaVk4y+S+Ah+13Ee0QMrl207v2ks5L4Tlbx5p2CtYOXrBAskBr4Oqap6huK/9Y88kcWgj0nnAMnaWBZIRXIdUWyWkX9VcQ2H1DdNG4c0htVGHPGo1H8MCqWa/6am1QqVjwUoiHrXGORRfblRA31ogBUDsAxfKtqIEeVFTaIkuY9WZkz/64Jm6skkLpHrdqoNX2kmPWuNaPH9rFNyfFkjBQEt0p4m4zonETUGKGm7ZSiBggZQAtQSXSmynS3/idhlwt8+8l0A8uLRAymNbhGdt9ikHV/wGrx8AZVbR+XZbiQQskBLh5nQtUSiptiJ2o6aLUXUyUbdk2UomYIGUDDij+1bzDaUR0kqVrU0ELJA2gU7YjFanrgNOaFLek/GEEIssZoEUSTOfr8OAk5rk1dLS7S3A9HzuXTsLAQskC7Xi6yirvMLTlcghahLGhcU3Z49JCVggSUmVU05hIrpoVLmzoqbr4TRB14Tc1ocELJC+ga9kDLeHhHLRJ9DtVroqzllI+qZflmrVAml/R2gC/kiTZq8IEbjz2/9IbrEVAQukfe+GEig0O5ehuxD3c0Lr9nVEmpYskDS0spXdCPi2RVUNpx7O5ta12kHAAimPsi7W0aElHYON2zPhIp5F5TVvz0UQsECKoLi0j2HA0y1cK1/VzHKatdeiCVggxRLVdQfKh9vMFFs1udjm7K1sAhZIMYT7Aw8AJ7YYTimvrq2CBCyQ/J2mbCL3tHCzMvBX/ibsoa8IWCDZyevaAV0/oNtu47YbMC27a9fsFAIWSPqekDC0CqXLb+J2KPBSepeu0akELJB0PaNwdCVNiNuIFrvj6by7dMcRsECSdclAYHyTS2juA84CFiRz41JVI2CB9N5jOqcxMVZM58RvsDB6h1f1EhZI6x4UGy3dRq8QGANcDsyresf7+ZMRsECW5qQQkYPDOQ39LLsU0HBqdjKsLtUtBCyQJXty5/CtMQT4LUy8r3TeqW553dN/DgtkMbMNAJ3HGBUQas6hn5V/ylZjAhbI4sn26PAO/AycA0yo8Tvhjx4hUFeBaG4xPJaZUGHpt/ntMIEogToKZGtgVgSChlM6uKTrA2wmsASBOglkQAgR0QpVw4YCuvDSZgJNCdRFINrtVhaRhkkUEop3wC2MHgl0u0DiwynB2KSHM+J+XUygFkMsZUSfASwf+bSehPvlT02g275BtJ9xE3B8hMQkQKk9F6am4wq1J9BNAlHIeTSFztgQIvJ37XvZADITqLpAdKRV57115FUHmWSajOvOvjmZqbiiCQQCVRWIkj6PBAaH6wLmAp+Gsxk+6urXuzACVRKIxDAIODd2Z5/SeermJYeHFPZa2FGDQBUEogNLGjbF7wbXfGOcrwjwy1wmgSoI5KKwMiUOumVJ92lMAaaWCca+TUAE/gMKMQpgqhm+4wAAAABJRU5ErkJggg=='),(34,14,64,'data:image/png;base64,iVBORw0KGgoAAAANSUhEUgAAAMgAAACMCAYAAAA5kebkAAAPh0lEQVR4Xu2dC9RuQxnHf7pJShehi0SSpEQuoZJLpbSoFF1EonIpiqyUJWqRKEIuHS2J6KZUdFAqkZAQKpdEFJUocgnlUuvPTOZs+/ved7/v7D0zez/PWmetc76z98zz/Gf+3+yZeS7zEUc2BnYAtgGujNOktWIIpEdgvkgq3AgsAtwELBqpTWvGEEiOQCyCnA2s6axZGzgzuWWmgCEQAYFYBNGn1Rynz4HAzhF0syYMgeQIxCLIysAFzprzgdWSW2YKGAIREIhFEKni9yH6+zrAGRH0syYMgaQIxCTIYcD2zpqjgK2TWmadGwIREIhJkI2AEwOdVgIujqCjNWEIJEMgJkFkxH8DS77o7kWSGWcdGwLTIhCbID8FdMzrxU60ph0hez8pArEJ8glgz4pFywOXJbXSOjcEJkQgNkGqn1n693nA6hPqZ68ZAkkRaIMgJwDyzQrlAGCXpJZa54bABAi0QZAlgWtqdLG7kQkGyF5Ji0AbBJFFdXuR64HN7QIx7YBb780QaIsg0uJ4YJOKOucCuxlJmg2SPZ0OgTYJouPeY4HFK+bZ0W+68baeGyLQJkGkilYQrSRV2RT4VkNd7XFDoHME2iaI7Uc6H1LrMCYCXRBkJpJoBdkWuDmmQdaWIRATga4IIp21J9HnlkJzvZi/VszRtLaiI9AlQfyeZCdgjcCSo4F3R7fMGjQEIiDQNUGk8vMBkeKlTv9LgQ/Y0W+E0bQmoiOQgiDeCDkwLuf+cSGgk60/RLfQGjQEpkAgJUGkdhg/ok27SGJiCGSDQGqCaOOuGBIvdj+SzdQwRYRAaoJIh6rf1iHAjjY8hkAOCORAEOGwK7CvrSQ5TAnTIUQgF4LUrSSfdKuLjZghkAyBnAii/Yh8t3zqoLuAdYFfJEPHOh48AjkRxA/GRcCKwcisBZzV0kh93mWlt9WqJYBLbzZHgkgnrR7zB+AqMbZiSWKJVir/x7eZIxax7LV2JkQg10nxBOC2ik3ayH9mQjvD1+qiHc0nLAKwfWwiV4II64WAWyugK2u8Aq4mFRX50WdVKDpS1tGyiSHwMARyJoiUfSLwz4rWXwa2mmAs9Ul1DLCAe9cuJScAcWiv5E4QjcdiwA2VgfkG8PaGg3USsKF7xy4jG4I31MdLIIjGZmngqsogybFRPx9Hwn3Hz4FXjPOSPWMIlEKQmUiiny8I3DnLUMqtfi7wVEBew6vYsBsC4yJQEkFk08LA32uMeyRw/wxGHwds5v7PkteNOzPsuQcQKI0g0llkuLdm/JYArqv8/HXAKe5ndhlok74xAiUSREY+CbilxtqXALqJ93IE8D6XGEKrj4kh0AiBUgkiIx8F/B5QLuBQXgBcXsnJZaWpG00Le9gjUDJBvA3vAL5aGVKF8h4KrOfi3y0phM35iRDoA0FkuBJBaNWoE9UmUY0SE0OgMQJ9IYgM1yb9jxUETgPWb4yKvWAIOAT6RBCZJA/guyujuxRwrY24ITAJAn0jyMrABTVAyF3lxkkAsneGjUDfCOJdSrRiaE+iexDJTcCyMxwND3sGmPWzItAngjwPONu5lPhLwb2A3R0ClizbyNAYgT4RxK8eZwByKfHyNmA/t4nXxaFi3mdyS2kMoL3QbwT6QhA5JPrkDnUuJaHLydXAalZ2od8TO5Z1fSCIwnNFCmWNl0v8MjOA8yrgR+7/rgC0oZ/NCzgWxtZOwQj0gSDh6jDKWzd89kTgjQWPnaneAQKlE0TFeA5zflenAhuMgdk7XXFRPWrJGsYAbMiPlE6QLQHFqOsYVxNfN+fjiHyzjnIPGknGQWygz5RMEHnongA8xe1BdIrVRHzSOL1jn1tNkBvQs6USRBtzJWEQSbRB3x+4Y4JxCxM5TJIIYoIu7ZWSECiVIAqC0p2GRPsO7T8mFd24yxtYsh0wZ9KG7L3+IVAqQXxlqm3cRnvakQkrXb0Y+PW0Ddr7/UCgNILok2ofVyX364CCpWKIohPvCRp6EfDbGA1bG2UjUBpBNGmXb+l4VmmBdBrmRalPby97eE37aREoiSDHu/sObcrlb6U/sUWfVxcHjSo5RDU/cOw+rb2MESiBIPqskoOhcusqcbUSWLcpKwCXBB3MlnOrTT2s7QwQKIEge7pSbEcDXSVf0MnYycH4PKJSsjqDoTMVukAgd4L4y0CdKvlPqy5wUR8bu4tI/f10lyGlq76tn0wQyJ0gqqEukqTS862ALhAlR7okdOGRcCbDaGq0hUCqiTeOPd7PSp9V+rxKJVu4uiLq/2DgQ6kUsX67RyBXgiiFjzbKSrSwak05tq6RWgM4x3X6EeCzXStg/aVBIFeCfMlVkXqv+7RJg868vSq/1g/cj3SSJi/gf+WgmOnQHgI5EsT/tj7fhca2Z33zlhVwpcMCrWqKYDyoeRP2RkkI5EYQ6eMTKrzcZSnJDU8dAWtlUzRim5eWudk9SH1yI4gykMjHSilEq1nbcxogkWNbl9a0i8vLnGwflC45ESQsjONLGOQ8GCKw6rbrhv9S4NvuQjNnnU23hgjkRJDDXTyGAp8UEFWKKCZerjCSc4HdWvITKwWPXumZC0HkynGfQ1aVa1XBtiTRKqLVxH8WWrm3kkZvFl1zIcjn3KmQ7j5WLBhb73EsEzZ17vNteB0XDFFZqudAkMcCdznY6gpxloXog2mIFMglV3klqlN4sJVfKG0Unb45ECT8rZuDPjGGUh7IuwCPB7S30s27kSQGsh23kXpChvceL3SnQR1D0Fp3SkOk+5JnOJIou7x9brUGdzsNpyaINrN7ZLSaxUZZ6Yg+7BoVQbQvMSkIgdQE8a7jOwKHFIRbE1V9WQa9o2q8ygBpUggCKQnyemBuj1ePcAqEebzsCLgQckjNlATxq4d+w2rS9F188JfsVGaWy/pucB/sS0WQMHvIYyo5qfqAa50NiwM6sZO3sm7ctR+5vq/G9sWuVARRNShVhVKG9a37AuYYdih8WCuJxLLKjwFY6kdSEESXgfLWlTwuuCRMjUVX/atcg8KJJbYf6Qr1CftJQRAfLTjkbOq6YVdJOInKU1854fjZay0j0DVBnhwUz1Rdj1tati/X5nUwIa/fR3eUDC9XHLLXq2uCeNdwFa/5YPbotKtg+KmlDbsuEk0yQ6BLgmjF+Iezf8irRzgFfDLu3wU1SjKbIsNWp0uCKF3OfvZJMc+E87m/bMOeKQ+7IkhYf0Pu7f/OFI8Uav3ZOTQqbPe1djeSYghm7rMrguwO7OXKpinZgclDCIS+Wnbsm9nM6IIgzwXOc1kSX22/IWtnQJjvt8ss9plNx/zU6YIgV7izfoXVetfv/JBIq1FYkvovwGYWO5J2QHzvbRPklcFAL+ZWkTwsz0+L0JlR90PfAfa2SMS0A9UmQcI8VycAb0lrahG915VWsH1JwqFrkyA60tXRrmQp+0041ijL4/c9gGLavfwHmH+st+2h6Ai0RZDwUlBKt9VPdEAyaXBfYNdAF8Mv0cC0BfydwALOppxKGCSCuVG3yvurvYeCqrraKzZScEgPt0GQlYELAhCtAOboGaX92urAAS5OJnzj+8BGo5uwJ9pAoA2ChBtNCwoaPWqvAX44y2MqJvrd0c3YE20gEJsgYdFL6avNpTaZJg9HoLpPqz5xu1s5LJdWwtkTmyDh6vGTICgooYnZda1si6cCKhA0k8i7Vy45Ro7EwxeTIB8D9gnsWQjQb0GTBxEQ1scAm48A5DSX29eHBhh+CRGIRZCwfIE3J1bbCeGJ1rXCaxVmO0reAJw06iH7/+4QiDWJzwbWDNReBbiwOzOy7Wk94MdjaDeU3GBjQJHXIzEIom/q6qdUjHbzQqqZNosCfxvjFdWBXyaDOvBjqDrMR2JM5HsABUR5GfLqofuMI8bM9aW8YL8c5rQrx+ppCSLfoesq5k7bZjnozavpVoBSGo2SpwM3jHrI/j8PBKadzFXv0xWA3+RhWida6HBiC0AZSmaTs1w4rVxwTApCYBqCrAvoriOUadorCLYHVFWp6k8B8p2qk3vdwcX5pRlm+j6EwDQTurp6PBv40wDA1Sp5YlDRNjRZp3mKv/8ZcP8AsOi9iZMS5E0u4m0oq4fKqOkS9F01M+JA4KCB/HLoPSGqBk5KkOrqsSDQx+9rhQwfCqh+YijyL1Ng07GDmzEDM3gSgugYUxWTvMwBtusRbqpX8hVAjpdV+Suw/sAOIno0tM1NaUoQJV6oHlH2oQCO7i+0IojsdaL4FvlQKUOLyYAQaEqQ41xKGg+RfsuqalKpsjBwObDIDAaosOjHgVtLNdD0ng6BJgSpWz2avD+dpvHeViiwSg/otKlObnau6CKOycARaDLBr6kcba4IXFIQfto7KMuK7m+qolqBSkukDJAmhsD/ERiXIPLU1Rm/F02oZxWAowrUKDBJ1azkQBiKshl+wfYVBYxiQhXHIYieqV565e5PtJzbdO9cwfZr7j5DmdRNDIGRCIxDkCMr3qn6fv/0yJa7f0Ar2sGALjFDOdn9XKWX7+heLeuxZARGEWSTyinVfRXX9tS263h2e0CfS1XRfkMrhupvmBgCEyEwG0F2qJl4+u38vYl6ivuSkqqpfFlVdJCgS8wzAcWpmBgCUyEwE0GqK4c6ORz4aMJEDEsD+txbu8ZiuZurtMJQq+ZONQns5ZkRqCOIr0QbvqX4ckUKppCVXKZGxV6EcjfwZuCUFEpZn8NAoEqQuuwbOtKVm0WXOZoUpy0P2Q1qhkGFeLS/0H7IxBBoFYEqQeQ2os8rL13ed+jOQnucb9ZYrNMnXeTNlqKzVaCs8WEiEBJELhhVl3Vthi9rGZqnufLQCl0NRRk/3g+o+E5dYZmW1bLmDYF563YoHabKEHtpM/G08tJu6m6yq+Oguwx9Xl1rA2QIpEYgXEF0bBrWpJB7iS7XYomCqlYFlP0jTL8pT1kFHukC0lKVxkLb2omCgCeITop+FbQ4F9gwSg8PJjfYEnimyznrm93f5ZC6KlI/1owhEB0BTxBdrilSUKJ9iBz8LpqityUB1b1YqxI/YgUppwDVXu0eAU+QMIxW3/87TaHKHoCIINE+QmlvdJGnPY6JIVAUAp4g4SnROg3uPLTZVgrNl7mVQiuHRHcm+qOIPAUgmRgCRSIggsh1Q0XsvYxyYNTeQUfC2lssATwnWC3k5Xs6YPuKIqeDKV1FwJNBdw4+Llv1zeVz5UUEUj6oZV3QkXyiJIqpuM3tVVQRSWn+274zsRE0BDpFwBNE9Sl88Xq5cCiXrKTOMVCfTtrAV4OROlXcOjMEukDAE0RZ2lX6S5F4VVGStHMAkehqQO4nJobAIBD4H2mVK6vFaQHfAAAAAElFTkSuQmCC'),(34,14,65,'ok'),(34,14,66,'INR 340000 pa'),(34,14,67,'vp'),(34,14,68,'talentserv'),(34,15,69,'data:image/png;base64,iVBORw0KGgoAAAANSUhEUgAAAOsAAAAvCAYAAAACcz13AAAJuUlEQVR4Xu2dd6x8VRHHP6AUpQrSQxWQ3ntHEAkgGEAjECAEIoTeew8Qyh8QggSCoYb6U5pEARu9FyNSld6L0nvNJ5ybLJe77+3eu7vv7t6ZZPPevnfPOXPmnDll5jtzJyOoigQWAG4HZgd+DxwNPFylwigbEmgngclCNJUkMH9Szu8V1HIPcAlwNvBRpVaicEgACGWtPg1mBVYEDgFWH6O6I4FTgfeqNxk1NFECoay9HXXluSCwcVLMdrX/ATgXuAn4oLcsRG2jKoFQ1v6P7I+B7dPOW9Sau62K6133y/6zEy0MqwRCWQc7csp7DWBDYH9gypbm3wKeBo4BrhksW9HaMEgglHViR2lO4CfAdsBPc6w8CxwGXDyxLEbrdZFAKGtdRgI8Li8O/Da5glo5uw84CPh7fdgNTgYtgVDWQUu8s/amATZNrp98iV8CGqjiftuZLEfmqVDW+g/lYsBJwCY5VjVIHZXut5/VvxvBYVUJhLJWleBgy6+QXEIaqVrpQuBQ4MXBshOtDVICoayDlHZv29ogGZ9+2FLt68AZCfr4SG+bK13bLIB8CcV8Bpgv1fQSMBWwObAP8M/SLTSkYCjr8A/0d5M7SFeQYIyMrk1Kq1FqUDuuirgqsAwwObAlMAPwg3HErBIL3QwaQwKhrKM1PVSK5YF1gIOB76TufQqcCFwP3AV80cNu/wjYNkEt1y9Z7/nADiXLNqZYKOtoD7WYZXfcXxV08xzAz70disC54q6pQnpn1i+s0ruDdkvCLG9OcEvL+j1oHAmEsjZjijjO6wG/AXT95Mn7rQAMkVO6hAz5Wxow+GC1Horo6rQLRzBDCaGGspYQ2ggUWQvYrc2OW7Z7Gog+B95NHxeA+4FJZSuMct+UQChr82bEtMBWwAHAQhW6/zvgCkCrrj7fGQHxzUF9kkAoa58EW5Nqtc7OC6wNrAxsVJEv77c7Ag9VrCeKl5BAKGsJodWwyKIpkmcnQMRTFfo3sFcyAHmsVdGPLwisN7Tv8uQf/bhKg1G2MwmEsnYmpzo8pdXV4+vWJXZI08o8AJh+5jrgDeCvgC6d/3TYOcP5dAntC/yspYwGKQEP5qCqCxCjwy4N12OhrPUaL8dj2WSB1XK7ZAn2HgX+BNwKvJPuk6+VqGesIvK5FHBgWjyyZ/+clPZG4IUet9n46kJZJ24KeJdcN+Vv2gyYqwQrTwKnA4bQPQb8v0QdvSiim+fXKYwvm1O3pJA+4Y//60UjTa8jlLW/M0AEkXGq7pB+sgDzlbpoVgurR9UrgTsTAqmud0Qhg0IMTy7o3x7AWUBECHUx+K2PhrKWFFxLMY07GmIWScdXUUPucBpmBLFL7ZA+TlzveX8E7gDMDuExtpdwwOo97L4G77eCKfTlqrx5MlbXPgd1IYFQ1vGFpV9ShdT1sQTw/ZSKRZRPhr3N16JBR4X9F3A38Hw6pr4CeHRtEk2frMm7F3T6qQRfNPdU0DgSCGX9+pg6XTqmmgtJi2c35H3MZN63JUVUSWPyFUtwTeCCNhE2AvmNyx32U0U3c6erZ5ugrO6EJiabOx1NVc6fA6ZO6ZT+ATyewAAacgSex6TqVHrffs6wORFQRUdk3UAnJLdS+RZGsOQoKavWVCeBd0U/Hl89urYGZxcNoS6G/yYXx1+A55KjP3Ic9X/CO//2BE4raMo4XIMOJsrC3f/ed9nCMCmrDv05EgbVUC0NGBp1PgHmSZntfZWFSqpfUcyq4HKVURCA370z+iKpoPpJwMyOoqfypOVbm0HjrxZ1U1ZROjrbDaA2btIkYSpfnrwnmipE441GHJ3/Blb79w/rNw+Doy4k4ALsmE5RUMYgd+0DjbyCTKSyupIKBtDn6M+xyEBlDRMeV3VveFQNGm0JmPVCJNYqBd3cBTgvnapGWwotveu3smpZ9WjqKqnbwyRfy40hXfGr7pDmD9L/aGxkULMloM/2cOCIAjEItBAh1QiqqqxGeKiMCydpCTvT+mpoVuYCyQMCPKoa/6hV9W/ADcDbjZB2dLKKBMyEuHfKJZWvR2U2RU2vMdBV+O152VZlzZQre3O36BuROb7dW6uqd4nsrqi1Vd+kd8s8adARjaNRx3ulO6TH1pfTEbbnnYgKGyUB7Rqe0Azj8wVfGWmrECOtO2gklTZTVi2lWlo7JVNHqrha6HSNXJqsrVrzNLVr8AkKCfRbArMBxwHbpPC/rD0NjwJcnug3A4OsX2X15b+tMY0acTSXCyTweCqQ3DywV6UID/kTMieELigkUAcJmFLmFMDg+zxpvNQGMvSU7awqqPlfJSM7epnRbuiFFB0YGgnoj70suf/yTJskzhjfoaXWO6u7q7usZEa6olyzQ9vRYLxREvCdQO3yIWuDGUqARauyatnNjEvZyAquNlt6UEhg2CTg3PYte37ypOXYKCDRb0NDedeNFmFB663kLqtF15f8at0NCgkMkwQM0WvnGjQRnMqs16P2VORnVWF3LcjcrqJqZNLC5h1Xi29esWvf4WCwsRJYPYUxFgnABHD6/GuttO1AETOl933u1+XQaiE2ckU/q3cGfa4RNdGlEOPxvklAJJ2hebp1iujYhIiq5QlyPASToHrN4cK66kIuAGKFRUYpVHd4MzOYoEsjmYgqYYofAC46vhLRd6u4aoquEr5mvz3aRxhcXUZ1sHwI6DEmuR30VRCPAQMXDSi9qqdZsQvv566a/t2PKWOnGE9ZMxHqZ7WQqJHsZbiDFW9nrRkCZ7qVupOLiUgcFxCRXeZiErjuYmNY3y9SoLv/Nwuicbreu1xoXICmTsYRASll3uJWVj4ubiKFXBydWLbtYumiKa96Ex5MUFK9Cb7rxjIG/gtgsIyhji6a9lcIYT9I/uRLjICyVTlVBt8kYOIBoa4u4rorXdyVZ7/ITUUZ+LFN5dQuHdCYPHSqrK2VmJpDxMjO/epdl/UK0BBe5hHHHddd1He4KJSZE8DDwXJiOUEEfDhJ/DhpDMHzdzNHVJn4KqAQS+t3Mpj4TGujq2L209/lywmk7OVVJbR9Fc8V/c2UVV9UmZNbcIoT3OuEA25f/C6vfnfgnQR+93fl4P/9m+2o4P5uX53EPmdfPXnIixNVBfRZv/t/++Cz/s3JJt/+bj/87sd2/Jm9iMo+uFCqFPZJ78KrqY8qhMCFDNlmWdu1jLz5kc8sLM4+Kh/759/sV8a7/Nmm/5OvTKaZXP0pn/bPflmv4+6JTL6EzcqX9SlzF8IsZtZEbkaD1ZLKKGu+IwrcwfDIbB7cbu+54wnG46qr9ZlJKTVuBYUE+iUBrcdbpLfIq9gTobwuNp649Acfk7JkTvoKKirCvQtVPGsAAAAASUVORK5CYII='),(34,15,70,'data:image/png;base64,iVBORw0KGgoAAAANSUhEUgAAAMgAAABQCAYAAABcbTqwAAAJ4klEQVR4Xu2dZ+wtRRmHHz5oggmJvRMLRhMrsQQw1tjQ2EWDokZibKhRkSgmGssHRWNsQWNDAbEXQIrGjgUBu7EAIqIg9hY7RjRP7mwYht1z9pz/nr27c943ubm59+yZnfnN/M7MvHUP5i+3Bs6f/zBiBFNEYI8pdmqFPn0RuA9wEXDf9PcKX49HA4HFCMyZIC8A3pAN71jg0JjwQGBIBOZKkAcDbwNunoHxMODUIcGJtgKBORJkX+AE4HbZ9L0JcEcJCQQGRWCOBDkTOCBD4aPAM4E/DopMNBYIAHMjSHMpbybvR8VOEpMaCAyKwFwI8ljg5QUZ/go8ADh7UESisUAgQ2AOBJEcHylmLdS6sYxHQWDqBHkycFyBhHeOVwPfHQWheMlWIzBlgtwWOB64SzZDX0oGwa2etBj8eAhMlSC3Ag4rVLePA9w9QgKB0RCYKkG+DNwzQ0Gj4LNHQyVeFAgkBKZIkIcDJ2czdAmwd8xYILA7EJgiQd6ajlcNHvpX6WcVEgiMjsAUCaJF/FoJiR8mq7k2j5BAYHQEpkYQXde1ljfySuAVo6MSLwwEsjvIwcAzUizFzwF/tXUEvDQ946I1IOkU4FsbRk4yaDFvxBgPVbshgcBuQcAd5A/AtXu+3aPOicmtXCLpCzWUGBl4XtHY1Ha4ocYa7cwEARfgWcB+a/ZXkrwb0N18p3IS8IiskTcCh++00fh+ILATBJpfaI9RvwX2By5PgUgHreAp6y+/qtmPA+es0aGHpiNc89W/AXut0U58JRAYFIFlR5hHA48CnrjCW70z6D/VVzX7QuD1RftHAS9Z4Z3xaCCwEQSWESR/qXeEJwB3BgxvXSZ63EqUc4EPdTxsdKB3mjx0NvytliEbn4+GwCoEyTt1PeCBgLHh/ll2yX8n8LO0q/w6a+grwD2yf0d04GhTHy/qg8C6BMnblhxero8E3GUWyWXprnJ6uuvkruwXAvv06XQ8EwiMhcAQBMn7esvknm6Q072AG6wwkKcC71nh+Xg0ENg4AkMTpOywyRUeBCzTiGmLOTpFDg5pW9k4gPGCuhHYNEFy9CSKnrr3XqI+/npS+b6mbuhjdHNAYEyCNHi8F3hKT3C+Crws3E16ohWPDY7A2AQxljy3b+hrpfvKnYADF9xb9AHzuQ8CXua/HXmwBl8L0WALAmMS5JHJ5tF0w8WuXaUUL/iqkY0gNC59kejceEbaYfzO72KWA4EhERiTIGXSt77vNqWol32Js0y+Bvwnxa4bphukWYZYfL4Qgb6LdKcwlm7sutdrPFxVVAV72b9fD+Nk0/YxwHfS8SzSk66K+JY/PwZByiCooVxJbFfC3DTVCOkzlV76X5dyal3c5wvxzHYjsGmC6GNlSYI8E7vOj7q2DykepXIj5dXSUUsSdYkBYJ8ELggt2ZBTUVdbmybIO4CnZ5CNHUIrQe+WyPN84IYd0+euZl+7nCrrmvUYTW8ENkmQzwL3343k6ALBPL/uMGrVSlGdrANl1BrpvYTqfnBTBCkv5T8A7jAxKO+ektNZWyR3t7ebEsXkdUZLhuvLxCZuzO5sgiClpVw/KwOvXHBTFe8qJovQYNmkHGr6apJsd5RIHjHV2dtgv4YmSEkObRHvmlkmdo9gWvivW+D+feAtwOejmu4GV+TEmh6SIG9P6YOaIZp0QYfDuVq3nwQ8rcgR7Nj+DLw5PI8ntpI31J2hCFLeOTQCagysRdxVtOZrc8lFrdynospVLdN81XEMQZCyApTGuDwze03olT8Ezdh0wvQoaRx+SEUI7JQgOhOaG6sRYznUDtUuXURR46WTpRf6GwG/qh2I2se3E4J45PgYcOMEkgkXXrRlv6LPASwTpzGyTdxR9AN7HhCuLTNk07oEURWq5bnxsJUcVoDaVtF95ogFu6fxK3kpuW3FaXbjXpcgqjufm402kkzvAkN7iuXjrgOoBct90NbFenaLqqYOrzNp1ib/TAaCWRffXxMoA43lIcBpWVvrYD1QV6KZdRFYddK8nGobaO4dGs1yf6t1+1Hj93RfMVleI6tiXSMmsxvTqpP2v2yEP0n+Vf+e3ajH6bBVei0nFwQZB++NvKUvQTxXm7n9jlkv7jpCQZ2NDHqkRtcNMR6pe/GaPgj0JUg52bVZyvtgtcozhwAnZF8IvFZBb0LP9iFIaRRTt3+LCY1hSl0RTy/nRlHmYjb88v+m1O/oSwcCfQiS3ztsZuyowDlN3uOBDxQdjt1jTjNY9HUZQcqQ2aESLswYss6umy1Sd/9SlmFcIxbVjGnR5OlKcmYxUo8Peq+GXBkBUxF9ugUUbUafC7Dmi8AigqiiVFXZSBwV2ufZAkDGsZein1qfZHfzXT1b0PMugpRGLqEIte5VF4QhuobklqKDog6M/92CNVT1ELsIohFQ20cjhs7qxh1yBQJtR1A//VcK1/17gDV/BNoIIjEkSC7GeBjrEbILAQuZmvmkTa6ektYFVhUg0EYQSzJbmrkRF4LHq5BdCJRGwBwXvXgj/29FK6WNIDrY5Xmiwlv3igk3NZCG0zaxmOmfKlobMRSgJEiZaNpfQ2uZRzTcrsu4l/I2uSbwl1hR9SFQEsSot29mwwy3ErgG0HXh/g1wk9BW1UeMZkQlQcoMJSZkuH29w186Mo+X7+t4Sq2e2r2QihEoCVLGMGyreldnTEsjtP04WMHKcgtxpKqYGF07yMmpVHPz+aHAsVuAQz5EVbhmiSwzlZybtHlh39iiBVHuIKUG6zHAJ7YEDzV3ZwPXL8arP5pHrTx8dksgiWGWBPleETVo1abaF4aKidNbiHEc8FLgklgm24tATpDbAB4jGrk0aWhqRcdqU+cDexUDPAs4CPhlrQOPcfVHoNxByuCo2mIZdKPRy7bLnmH13C/0hy+erB2BkgBlgNRrgSNnDoI7o5WidEvvElMZ+UxIIHAlBEqClFFxHjf0Wp2beGwyZ+7RCzqumla7j7UUQwKBVgTajlCWRd4ne3pOaUUtzHnikrlWKyUxvGOFBAILEWgjSGlN183dalEmqJ6qGP34rBbfsqa/Ohn6jPUSQwKB3gi0EcTjyTFFuKhOiz8FPIJNpeqrRDZG3j6V8irglMKvrDco8WAg0CCwSEtl2KievLloE7DuoDl5z9sNMGrMkxAHAvtl7zcm/Azgw4Alp0MCgUEQWKbGPQp4ccebrPqaBwfpo6QK9bIUT6Kjo+n/9wT+mf54R7AIphZr/99dSTEZ9i+ACwGNk5cnD1rrkOgUqHX7H+mzvDtq2cwmEiWaB1kO0UiJwDKC+LwxItbgm4o26/fpPuERqivsNWY6EBgEgT4EaV5kPUKrSN2siDjUszUvFNPVsWZHWafjP061Ns4BvrFlZd7WwSu+MxAC/weP93RgTGEwtQAAAABJRU5ErkJggg=='),(34,15,71,'senior consultant'),(34,15,72,'10/01/2019'),(34,15,73,'john'),(34,16,74,'john'),(34,16,75,'data:image/png;base64,iVBORw0KGgoAAAANSUhEUgAAAMgAAABQCAYAAABcbTqwAAANGklEQVR4Xu2dB7AsRRWGP8wRxSxgzjkHjJhBFMWcs1JiAMylmDHHMmKgwBzQUkHEnFBExQhmzAiKGTPG+h7d1tx5s7szd2dmZ2fOqbr17tvb29P9d5/pPnkbuqF7AHsCLwUO6+YR0Wsg0D0C23T0iN8C5yn0/UDg4I6eFd0GAp0h0BWDHA1crzTqbwHvAZ7R2Wyi40CgZQS6YhCHeVfgnsAewSgtr1p01xsCXTJInsS+iVl2qpjVa4CPAIf2NuN4UCDQAIE+GCQP5wHAQTPGdghwIPAF4JQG44+mgUCnCPTJIHkiXr3Ubu1YMbNjgROAvYEfdDrz6DwQqIHAKhgkD0th/dHAdjPG+QZgP+DkGvOIJoFAJwiskkGc0M7AXklGmTVBNV+qif/cCQLRaSAwB4FVM0gemgL8W4BLzRnr54HbhowS+7lPBIbCIM753MDTgX0WAPA64JHAv/oEKp41TQSGxCB5BS4KfBU474IlOQB4+DSXLWbdFwJDZJA89ysBx9UA4j7A22q0iyaBQGMEhswgeTK7AEfUmNn2wEk12kWTQKA2AuvAIHkyuwEfXDCzjwK7Av+pjUA0HAoC2sbOADxvSC+6dWIQF9LxPhjQRjKPdgBOHMrKxzhmIqBiZnfgTYUW1wW+PBTM1o1Biri9AnjUHCBfnf7+36GAHeP4PwLav64P3B24evr0i4CKF92O/jIUrNaZQTKGTwOeOQfQWwMfGwrgEx+H1+SrJca4asLiKECn1UEqWsbAIHnP3QpQBqkihXyNjEGrQcAT407JY+JCwJ+ADwHvTSfGakZV46ljYpA8Xa3xx8+Y+3WAY2rgEk3aQeCGwP7JpcgevT69AzgS+E07j+i2lzEySEbMiEZPlG1LEL4saUp+3S20k+397IAvohcm7PV4+Ha6RhlVula4j5lB8g69BPAk4GGlLWtiiXdNdht3M/GbAMb96FzqCfEp4M011PPdjKaFXqfAIBmm8wN3SW+yInS3Aw5vAcspd3GFJFNcHPgr8CXgZmMAZEoMktfrXMCTgScUFvD9yb7yuzEsao9zuAbwRuCa6ZkK3moVv9LjGDp91BQZJAOqNuXTwOUKCGvN9Tr2z05RX//OLwC8D7hBmsrPkyD+o/Wf2sYZTJlBMhJeu9SuFEkjloaroK33iyfv8wsf3zzJGqPEKhjktGU9B/DJpH3JC/1N4KbAH0a58s0nZSJAEwJmMi7nsUOyejef0uJvBINsxOhaFXYS3SHevRjKUbfwhPWklX4PXHkqvm7BIFvvazH5OODVIZO6fE+Zf4yaDbaenIn/3l74WN+3V00Jg2CQ2autr9A3Sn/W+PXECWwQDX2qajOZr0x3kVMnMPcNUwwGWbzipicyVr5Iam/cNGOiMwI3TieEdg3pF0kum2wgWjBIvS2uu8rXAa3ymV4EPGsE6YiqYjK+C9wL+Fo9eMbbKhik2dpeHjD9ULG0w+OAlzTrZuWtTw9cBngM8NDCaJyHhj8ZJChF6AUQzRHwjq6wavSb9MPkyj30N64n4B3SVUr3c8nrk9ZvGSOohECcIMttCTOqGLn475RC1Vj4OwO6rgyFPO08KfRuvmUalHmP1U7p2fzHoQx0iOMIBmlnVVQJayvJubx02DNnl56sfZNrqlft/ZNXbfH5etcaffmZvge1rs8LBmlv5c4MPAQwVv50qVs1XY9Pckt7T9q6p7MkoVrrtplBiuQVyjG9HPh7l4MYY9/BIN2sqqlRX1noWgOjd3+LBS1LFwS00dwtnRKqZ6vImAyj96Zm3FwW3w3fDwZpFc4NnZ0tZa5XHVwkmUe5pS6Z9UPmukUSrmd9z9NKJ0ITVPytbufRbj4CwSDd75AzAaqCn1N6lJF3ZvIoJuH2emSMhQkoPCHMADKLTKKn9mnomrPuEe7wCcEgHYJb6toTRcH9xaXPvQYpNFt5y1OiTCbA09PY5GqfACLPV39rtiVTYVB/CCi86wmrQS6rXMtP928aIw3m0nM2aIUIBIN0D75ewF6Z9OnKydLyU78PXLY0BKPyVBv/tPuhxRMWIRAMsgih5n93w+vspzBedUp4ndJq7bXJ65Onyr0rbCaWnNODdjTx3c2hXP03gkGWXwMt1WbwMJb92jO6U+54LbAoZlsrvDUZy2SKIrMQRlWt5derUQ/BII3g2tJYYdurkkZBM81X0XeSp++hKQ1O06dcOCVF0D2kSJGiqCmSS7YPBqkHoBv1QRXJ54rftmzcI4Cj63VZu1VVcu6nAM+t3UM03DQCwSDV0GmdviOgke9iM9DVbUO1rdV5dVbskpRTbpNUxFcsPOjZiVHChaQj9INBTgNWA501ETXoGSiUfamKsH8gFe75cA8MMW+5L5IMhF7xMh2cGEUv3aAWEZgqgxgwpEBtXIfZx09OAURFaLVU609lAochlnTTc1jj4p6pCI2nmBGOehVHwFNLTDIlBtHj9fbJX+mSJfz0Y1LlahCU5b8GU+Go5jobI286VYV704C+IPl7mfEwaAkExs4g1lzXgc/0NWU6BTgouYIvUr8uAXGvXzWNqiG0JnSTtMgr5GtzCdoEAmNkEMNKPQlmVZSyiqplD8opfTYB32C/4glpYJQRj5IuK4bY6r4S1ACBRQyiJdf7ucmKJUtn+f9zJv2+btX+rtbHe+8qHOmsYqTAqnfsLFLbpPV6aoY2k0z4QlAjl8k6KYuqBDfYQuNumhnEaDOLXVr05CpJKFWTY0qYNklB8nuploTZwb3ru2n93LIEGuH8vz9mWFc41uXCEFbHolBtvlzDSReRMRduDnM7TZ3Ol8o9GN2YyTVXa9e1inqtsZdBLg0MXT0ow5RDSYvAGzWnPUJ3DNWwQdUIWB5Nl5j9Cn/2unnfKPlQDVg+QQy6yfWqh7i5jIMwy7rer45VhlCwtubdKq51Q8SoyZi8Hby+wlXGzIqfa9LR2NsWZRDlDYU4y2j5u/dXXSzU9qgNkmyv3OFVyHZacNXHa1dok6z09KsUSGQZAn2blH0sBhnULgLaUQ4odblXktkmX0hokZC+zFKYuU8B3reVPzKUruDGR8h8vvkV/ncsMOCi53lq+L1fploVMoxXKpnnJxGLvQi+uX/fraLYpsxj/izlwElSlwyyDKDKGzKY47PuuSeYRTg1iN0IOOuCzi3/7I+xF6pzJ/8mbLAYehgozBsTn0l3fUN+j2vQzyiaDpVBFoHruHU53y5dA/WjstCNCRJm0THJrcTrmrJM0GIEDOR6azqZfSl59X1qcmdR4zl6WlcGmbcwykO7ADsBuoXPoiNTEgQZxnqEEeI6GyttTarNi1lWvHqJr1fb0dIYGWTWYrm45qjVW7dKZaytxVgOSxnLML4hw+lvI5peezW67lsC2cpTehSPTlaZEoOUGUfDpKptK9rqxGichVe2IskgMo7Z29XwyUDHhkyzxairv5fXrTKp+SxWp1rr02XKDDLvpPFNaXoeLfezfLqMD9ErQO/fwyesQTMM+LAKMPWU2BtYa4/iYJB67zdV074Zd00Z04sFdMo9WEfc08YQ3Cm5cXht1X3FsOMy+QJRZbx2bj/BIPUYpKqVsRf6rxmrbrmBWeT1zOArs5VoxzHuZMzknlKjaBaXKl8+nSVNuerVdfAUDNLuEhmPoQCrTLP9nK61y3gtOTDFbIy5iI22K1XFxfqOQmO8v/VTBm1bCQZpl0GqetOwqQZNl/x5/m5exyyP8FngqIKnQPcj7O8JXlMto71HclMyylPNl/KKL4xD+htKvScFg9TDqe1WZkrRi1oBV6bR6Fkl12TXGp0yrQ7lhlIFrTZtnUsc6H7vtVRNmCdMkZyf8sogAtqCQdre+sv1p0eArjXKN/7oXWue3jqkUuCI9KMTqV7PQ0w2UZ6L8zXYreiCn9tohDSnsaHDx9cBoe02wSBtI9pNfzp7Gsjmdc2kDHoKzJNxqkZhiMA700kkM/1sgAU8PVmUy3afAaPJNe7XJ7MEg3SzofvsVc9o7Tbe6722+EZuSvqpqSjQpmPsjd7SqxaePU2twmtm/CrSK8KajJ1qw4JBmm6l9WtvvgDlHBUF3vcNL9Bjt+w1UJ5ZMRfBCckRVL+1Hyc5SAbyJOp0g6ZBqQHzCqZKvUxmv1eN7lWsdQoGaR3StetQD2gVBl7jLNvgaaQHgUwkMzUhcwwYYmDyOrVSev+2TY5TC711G81PoJzlZ8pfnoL+21r57WCQtpdvXP258VQWeG1T/jF23SvdZkiDqXnIcvh0G46gOwD7JGY2CrZIpj1SXW5c0KYpGGTT0E36i+4bIxBlmGJg1WZB0QZkcjuZxt/NP7BtYk4Fd08yE04YoeqzbWOuL20o1oH35Dg1qcGNONWSnylr9opluWuPMxikNlTRsAYCevnqRSDT+O8qKV+98hjMreD4GlEwSCO4ovESCKgUUDXtFU3ZQbnH37MLirYbDaFdUuP93vgLXY4++p48AjKLdR1NxG2Sj7ap8X7/H0lUC29lFgFqAAAAAElFTkSuQmCC'),(34,16,84,'data:image/png;base64,iVBORw0KGgoAAAANSUhEUgAAAQ4AAABmCAYAAAA6YX8mAAAcfElEQVR4Xu3dCbR9Xz0A8G/meSZEZjJEKhKN6N9IKGRMIZUMKRVSGkhWUYoVKw1kbFDkT0mJqBQlQ5MxZJ6KQqb1eb+9X/u3f+fee+45+9x377v7u9Zb7717z56+e5/v/s7fK0SHY8TAh0fEZRHxhoj44Ih4bUT8c0Q8cQ0y3jsiPjZ9//qI+O3i2fzdKyPiryPC/38fETeIiF89RgSf9zVf4bwvsK/vFAMIxWdExJdHxPuuwQuCgDBkYpCJREk41qEVofiEiHj34iEE6fKIeGpE/Evfk8PHQCcch7+Hm1ZwjYh4TER8/KYHd/A9buTPI+IbI+KFOxivD7EQBjrhWAixe9Dte0TEk5O4UE/Hrf8zSazw3dUj4kML8WLp6f9xRNwxIp619EC9/2Uw0AnHMnjdh14Rhs8vJvIHEfHsiHjKBr0DAvInSVR5ZEQ8IiLoRP4sIj4yIt4/6UReVek4PiUi/jIiXpI+z8/69/oDBIz48tiI+MV9QFafw3YY6IRjO3wdytP/V030folYjFVU3iEifqjo4zsiQh9zgBL2SRFBdMpgPjec02lvezYY6ITjbPC+1KheyntWnIYXcyzBMK9rRcQLqgnSS3jxW0FJ2LadX6s59H5mYKATjhnI27Omt0ms/9uleREFfnBLoqHpoyPiKwfW1vIFf04huuBkcDQdDggDnXAc0GatmCr9w/dGxGcV3zOpXnPC0phc6UL8ruFxEXG7CX0ONeHfgXgA/iMUuR0OCAOdcBzQZg1M1U193+rzX4qIm05cVt3ff0fEW6W+fj0irjex36FmfxsR75O+eMfkjNaw+97VkhjohGNJ7C7b9+8XnpxG4qn5BRNEk3KWpQjh89dFxLukB6ZyMauw8OCIuEf6sp/DZc9K8977hjVH6U46rInGVH1GOdkPi4g/qmb/fRFx1+Kzr4mIH260QqZiJmPwIcnc26jr3s3SGOiEY2kMt++/9M/AZXzthhiTsTP4uIj4veJhfhsUl3wtMjw8eX2O7XPdc6VY1M9hC4zusI++YTtEdoOhXlz4QXC2+rKZokk5pcenOJb8GaJEB/FvEUEHAX4+Ij67wTp0QaGLm6GMRbQ6HBAGOuE4nM26RXpx84xbig36/ImI+KICHc+PiE9NptJSAdvqzPxoInxMxrimDgeEgVaH4ICWfLBT/YuI+IA0+2dGxI0br+RPKyevO0XEoxYkHFlPQz9DqdvhgDDQCcdhbFapD6DA/IjG03635E9RdpsVlrxRiUgZPjEiXtpgfByN+JaHRsTdG/TXu9ghBjrh2CGyZwxVmklbiyimVTpk+T/rN/x9pWTx4M/Br4Pr+V/NWEtu+gMRceeIuFdEMM12OCAMdMKx/5tVv9RL7NmQI1kehxfp3xVoajV+tg51UWX/z+AlM2x1CA5w6Qcz5ZJwCEG/2QIzrx2/6qjVMigNIfmHBnPIY/YI2QbI3HUXJeGQVu6dIuJpu55EH28tBsoQ96UsELViVJCbrGFDYkyry6YTjgM++PkQPCMlr81LobTqqd32Y2PlxUA8AOvDuoTCU2dcEw4BcjkZ8VKiEseyr4iIlsFzU9ff222JAYTj/VJGp7qpvAy/tWV//fH2GPinIvEva0rtFj53xI9JTlhlPyVXUX5fKk3njpv1KoccVv/RycJFlLtiRNwoIj4pIv4rIn4jIn4hIgTzcaLjlfu/c5G2L+0dkNrcVs6N30ALDfq+rPfQ5lHGjzh877zAAmqOwhC1OPIfEfG2SbcxFHI/ZVqZcEzRcfCYhRuerBlcgO+VrD68Uf8z5VJ9i4h4XkT8Y8Kfz61F9nbgc+71OYs74siSlCOBBfldOSJuOWWRK9r8TkT8bPqO4vmXIwLXdzDggAzZ8MsFSAwD2R12j4Hytl+Kpa8vDkFsTL4lZFf3KS/5KqxlwrHtuog3ZfzM7ndl2RHhgyt+XUbCpWGvOAL+T5oC0/g22d2azTzfLH8YEdiuIZAp+9bNRuwdbYOBu0XEQ1KDJVn60mqyjnBgv6+zzQLWPDuVcHiBhPsPAW4B5+BlwkUgMjKq/0rK6I4reZvElfieSOF/qREzx4FDkVjoPRO3/a4R8faJC3lTcpQjfviME5taMT7XD84MLvm7+Ixo8g4R8enpey78kj37yWOvQhERVQ2cD4qIm6TyFv6uwTr8vHVEvDqtDeFp4aS3cvsy4ajNcXUDSLSQDrvFwC4Uo1a0KQfoEhxHFpGmEkTtgZcmQ/n3bndq+9G8ewpXCR347u2br20BDzx/F4NMOEqTn1vl06oRUVAUrcNuMVC+0Mov4gxbQ+3gNWS5yfNoKaooyiTfB47qm1sv6gD7sw8IyO1Hzh1xIKr4jQNTcEsaRhX0thX/Rg755scy4cjuv75hhsNd0BCXcN2kZNp6kN5gEgbKRDdLh56XiYGw0SqulZDNtS0PpJdERvZjdjn34uOcWGLs9xjF8yuS6sCZKIFi2Pvsgllc75EJh5gBxCMDU+yQH0cr559Jb9KRNSq5wO9JL9lSKGBh4Pz3r0lZXo+zRCRrdjkXUs+x7dCA7uKTkw4jp1fEmeHMvSdufzoXv31OJ8I/xrMSTPvbe7YKcnGrMgl1+Sz9CV2G9AQ7r8ebCQE5S5LbDG4dLNMDq1XJcu3W6bA8BnZZQsAhdBYoEh3qGjLHwav4cxot/RAIBz3BB0YEbhuRaJXEaB0KcQs5FWR+TkQyky1d4xB4nqSgAt8SDoKXjLkqkCnfAnVFMB2gtG9sdHh6N6sxUCpGS0/O1jhzBrJjkt9vOTAA0UWF+1dGxFUaTUDWdDfut6TQ+kbdbtXNRyVugGOdujHXTsmLtupkxsPcHORWYWJFMPzgUlYBfxJ5Uoh360AfCIj+fm4Jd4pS9ChvuKwEY6KtFXJYo9vOQFZvOg4DnJaykloKv3UHalyPw0+VhGOVNj6LKi1jZfKlJBeHnBxLAdOqerh8YnDMzMm55MPYMf89In43ERUixMuS6KFv3PkY3YSxOFO+KCJ+LXlls1ZN9ZHiAPeg5OTm71XA2cz+catARJrAKsKh8/wdRPGkK+FqCZFNJtE7GcRAflmxn+sOxlz00W1kL0p+AIpF15BFlZZWlUw4viSlLZy7DjoEfVHq+2Fd2Ab4YPDhuDwVwvaCIxDZ2Wqbvnb9LAUr7u2OI0p14kQQ6lmxaCXhqD3ycqanVQ43qC3FT4dlMJAVlkxtnJCWAjL8a1LnbsScnrAcLxOOlv4BmXDcKiKessXiKB85RsmPKqJ7Cih+zenLy8M57Dz5KCEiFLD0llIwrKr5y3ntCVMV0yXhQKEzAutMT0Nuvl1kmXJkx7Vx8+Wbzq3HUWgpoAzFaQDa+aGbOkeyLkE4KBzLmJNyneZCQc/CtK14oR9nVN8CzOhnjhG8u4gH79MhK469l6iaTq02w6/EV0k4xKygQln5VYfWCwaqa3yyP5f5KI9xY5ZYs3IEgtoyLGkGJ3a+ZMNY2T38tQNi69T1Z44j+wddPdVsEcC2DeAYKBgRiJdv0/AIn2URpWjn61EDEcYFIVnURqgPZFm3o0zmoiPadpxIDdiiLCNvHLA/MAoDCDRCDZZITlxOAjdTxjUMEalScT6XiNGpqKPiktoGKBSfnaJKcWEdpmMAl0eU4b9VAgW8VAAbi4vXh2CT78D1V3ilYSMPQYk0HdW7bWnjcgaulgrJoVXUpR+HCMNUUQX3Stz44iRuCATbBDgtNyM9BOIiGKzDMhgguvDXyomi8igbz1x9SMqktasaPyAi7l2t4w1Fta9llnhcvdJ6f1Na8lC0aktsjElGnAnHqkQ+dDKsMfJcsGgQN8ROjAEyOHGD9a7D2WCAqRqnUSpSiS7owWB8VE04sDA556iEtEP2aVYW39W3x30iAlHpMB8Drypqp7itf3J+lyt7YLEpXZaHOI5crjErR/lF4Cb4RAiKW2cudp6shx4CgaDb0DbrI5ynUp+z4FJ712swgHhQJsv5kUE8DE/hS7LODR0SCjB5C8CXRsSPDwwmTdrfDHxOwVUq2vpOTcNA6bHLCU9g01JQ667ymbDH/qa8/M5EyIgNdC/5fLiNuDojPIgK64W/OR2tE12ZYIkiALcy5KG81Hp7v+sxUFtQB8tXDBGO0tX5WYni8Jyrodz88jvsapdL5x3P8kWaq4xcNxPcRg7Iys/J/iXknZnOPorXwFGwuuEY7p9cpPlBTM2hKQcHDhUsub55u3C8ret0kkQWe3YKQ5tWhnN7EDsqR8cQ/PSKup/9MMw7dC0JB5doYqU4DGZe+2l/iAssYiJiS/v+ZUl0KK0e8mISW1u5nBNbctqGflbmnZWlWsuV4gIBRMmrlkmThjaN5yB3W0FNYJOGdYjNXKpw0FJI2qd+S0/OTTcy7k6AFnZf+LX8sNLUceryXelxSvlIr8D0SmYlVuAq6KvWESrERbZ7AWGtyjM4iIjYpvXt074c41zKPC0XXRqrqP09qnqe63ImuNGGMqHjXLIce4xIn7pm2bWfWzSWZ5JOgbMdxx3h3XRJQ8A7kns4oiBEnr8DnZM4jHWQCYcQgtrJD6fym6lxK8KRx+M3ZF0d9hMDtaleztQTTnQdmyh+we0HPKzRKljl39E15psPBKIgQAsxcLvfdEVyaApSCki3AMW0v3EPCMRcENaN0yR63qbqrBRdiTctXLcz4aB0rU37c9fS27fFQM7UptdTRek6wpFNcHkam26bru9YvWEIAiLMQuJv+gK/Wa1YsVg2KBqZLd36X190tQsdAOLDxCpmQYRpCdm3p1WcShmHc3qDtT3rvbfGGLgkmfW6Q8kZRLKVHC25SdfBe1RK+Bo4ltyi8UL2uTsEAgeGOGDDaahxFZzk6BkEEhElcolFmdcQi5yXoXQ3t85dEI58MIg5CEgJOVPXg0ckkBmzL6VoS2k7dGbG9NOf2R0GytSiMpFdtulQlp6kpsk5hI1+FawKwb95ynOwu6UuPxKOgQwoxJunZJ3WzS3uRRRjgXi6sceGb7e0qozBRB6PGER7XgKixhTLTMuLdS6UYu2m8zd3rN6+HQZyagUX3jU3bVypGDMFmvunb5iLbFUK1tRA099CHm+HivE98WXAgQkMIvPXt7KeWJJonrOCciggcOyIZ0U4+OsIQstQ6jek1muRPVviZeUQTg7gWIT0584cAxelstxEOMy2rGQ+1o7P29BNW8O+B8PhIiQw8iPWwjrq5L1EDlYPmaLoBMZyEdvsvBRvObs1k+qqymXb9Lnu2VWEKuu5WuYalcLu81INEflGOxwGBkpx5X5jCEcprmxTdYuPey6sW6JmH1yMydluVoSB34M50UfUMRfke/oIDnBMzpSXu4Ay6/znpjKDS467inDkz7fZ903z5EuCe3M+nrHp4f79XmFAkKP6La8ZQzjKYk1EELfx2ExBcpXWUY+XuK8ugBrmTSIT2VxCIkl/OR15EQTycXrKld+lj2PVENCDS/Lb92cJ5oNQiRdpWQRp1ZqGCEdZjFpyagFQc6FUjPJXoXzvcDgYOI1jG0M4ahf0bQ8y/YCEuyWwslAYjgXiAq9IFh63McLgx+fr/Ev0z+eBAxNiJyiL9YI+goixyTFq7PyWeI7zVlZUjtmnOXMYIhyZ01yVTnDKeN8QEQ9LDeXp2HkhoSmT7m1OMXDq0zHmQHJd9uKV3oqPqHwNNuFWyG5dsg4BELMAmCyZL920XKj9r34LbmEscFj7sZSNjEjBY1KEJuemQwSWqKyIlqVryaxXQ4Rjiczmpb5szNk7xH07z3M+ZSK22bw6JmWTQ1iNQHKtg1MCgpQ5BpGYZY4PZkDERoQu5ygKSSHdiAEO5rxH4JZ+MUsnLB4iHJktlU38pxq9Dbu2FjWadu8mYYB+46S+zzaEA9fgJc65GLTfRmlGky7WX0p73AQgPrAgECdYKVgsWBByuv5j3zEm3VxZbUml8tALnT8javJBmQvibPiJZNjm7M0du7dvhwGX/bWnbF5pzzUd2aUlkSWv4ipYIugSbp2UjFyY/dBJUFDylORdSfRRI4MSUOCWG67DxRiglMy1elsVLhrCcU04FDNmisXxSSzcAr4/Ir4udfQjEfFVLTrtfewcAydnZQrh0I5j2LengKwxM0cUKCTLw4IDYdMHckII2x5yHBvT/3l9pnbjn7pfm/BTE47svyHvqbwMLaAcY10tlRZj9T6Ww8CJnmruQWSy42p9yzRPNTp4H2JniCPED/4SzJxDTkylrweigXggIh3ejAHcm+A40Mrtu8ZvTTjUSeUAV9fWmbMv5RjOxFBWuTn997a7wUATwtFiqtyPuSFn6Ga6i7Fa1nb1zRIFqMuXmhjJEkUJhpC3KPP5mREhOCrD3AurxbnrfUzDwEkk9b5soCCx0sFoF27W09B2Nq3gpqxw1tp1PxMOylieqvRWLcsysIDRZ3XCcTbnp+WoJxn494VwWJjKcY8uVsjZayizWEskHEpfnN/eWEyWWZrfy1Daxilryv1IQMz/hQi5jcVs05jlPLtidBO29vv7k/yz+0Q4oEty1FIZ1zOIvfkQ1YWT1FpRc6UF5BfbbaKwUsuyk6wy4n0y0H2VRLDF/Hsfu8PASR7SfSMclv/VVd4HfiNDNVx2h6r9GakuRi3rGjPt3PKbZSIffhstlbAiaxGjLqbszzmaM5NZ5tg5A49py97P7p+Bhr+8tcb0cV6fkQukzGtCbOFcNceUXWazhreWF0opprSsdn9e93ef13Xq/d3ygLRe8F0iQkxMhkNOBNQaN3XgoPB0OqKpOiHpD+g1wLqM9tuuoyZy0hbUAY/b9tmfPzsMHAThgJ7a2iLt3FCCoLND5dmNzBMXwRDrwy2duCJAsI4HGjPDnDqB4ut2DdM8CjqUkDnDPl9UY/B07M+cplo4hI2U/6PMc0oHUlpfjn0zH1QlERYLJARgG+CMRWkpbig7823TftWzpZiiBnFJRFr03/vYLQZOk3odAuGAmjrz91NT+rlW5sjdor/9aLU1CjH5tpHmWhnQ1IQFyjKU4uGcmV45Iph3M7AKnXWCpDnr6W0jnpNSXjRVgi2NWHlB6sQ7h0L4lsaN/uUoxTGUIIfq69cMXuO0ZZrC74qIMqdo36tdnIJlx1AKVIrNJx/iZj4myeEZRUok9jD8C9hgfRJnUsK6JECSLcu3kUHW8VzvZe4RLLnBVjVZ5s6pt5+OgTKfzj0PkXBYulomjy9wcKuIeMp0nJyrlkO1bfhSIArSGmQYSunYKvdGGflsPAlgmI07HC4GyqTlNzxUwpEP40k2ogTfGhFk+w4XKtWzuLBClUCpzLlLRrUh/VCr80C/8sA0cKvSkX1fzxYDF6WSbHVQzmpJUg0qXHz3NAFiDH+GDhcwILv78waQIdmS1I81iIyts9JPwWUuG6ltLyw9BYP71UbcWM7dy1z/uEMnHBm95QvCO9FNK96iwwUvUC/vquJH90rFkeCqhY6jrv7XUuHa9/NsMFDmzTmhGeeFcFiLPB5uOrkf8m0roVCHCxiQ14Mvhexbq4DeSF7YOXCaQj91wh1eMqIOh4uBrN84TbVwnghH3ha5Tu+Zbk/yPLmeTN/hQh2aV69BhLwZCO+cQkll3AsdlMRDHQ4bA9l/40RMsZTzSDisC8st45RKbsyTbtlusr1UIeql5m9RJw6m0Hx4slxtkwGsFlPG1ho+7NfqfM8+11JRcFzh8RM4r4TD2rDmDv/t01rJ+fc5Yu7j/inBdN77MgVhnb6RxSWfDToQMSdjstA/thJ1rpPq7p7vV+t8ry4rui9K7HSeCUfeTuUmpcLLoH7p2Nq35+VIiEotlcW4scuKxdWV9vjJyHTO/yIDr9QHRMSLVyCltPN7RHyRZMdvOi9IPMJ15D2VXEvG+1M4BsJhscyMpajypBRwpY7sMUDtszG07/WL7394kkj6ZhWS+MvgYHIIwFCVvpbJgI5hj/ZpjUR8SnIEY7C2zrEQDpuiEhqTZHZM8pmEQY/cpx1bYC45ZD53TU4lrw5BTTwye4rwSqyUc3bkto+KCDlEn5iKceXP/a/A9LFxdgts3867lFSaXxTdl2BS4v4l5+WYCEfegZr78Pl1VzhK7XzXGg9ISfyiok9FsWruoR6Sx2kpxpSyrRwgCnGt8gnRF2Wqynzdj6bxZu6gOxHMklVfKYmk9IKIxyVwjIQjI0HeCrVwMzDZ3mCmKXIHezt6CF61tSjmszE6B+wpvQfAPQhSEwOTa8gS+56+opKfuBgJmEqCNXrS/cEzw0CZuoIynAf2yrNyzITDDhFfUFWWgwwvj4jrnYPcEXJsyLWRYRulMBfj50eE33OAAx6HMISopwycg8ll26pjpPYzeFjyg+LTsxKOnXBkxMhbgf0uCQilIDnvEEtS3jxxBHl9CAgnnm3gbhHxkJENhOITi1iwOAgpCzoEnMMcTHPphGQkchd+rLSo3ajiwjvhGIl8lJfC7zbF8wiKW/NQgHxaBqrVptdt1nGHiODjweN0CHAlT4gIjl410JOwvFxrzYDEGmZeehWK1O6avs3uzHsWt/2FESEnCw/fq26TKb9zHMPIp0DFcWQC4nZkXvSi7HOxZPtZu9eP1WusOoZC9G8SEXK/Zh0Htla05NikP+YglSClqbyjN60Gk1Iw+4yooaNfeVONLevUC6tcIvNemd7aflKUg/sm/5yt0nB2wrH+ENELuE1F3zrYLAyIhxtyH8Fc71RMTJX7V+zjRNOcVHlTrEnRrRunOBmWmzGgzo64G3V0n5uIS+nxKut7LlRFyZcJqvq4/vYd5bE2+lBmE0Hkm8K6oKrdeQAcqMp5MuBLeCW8QECo9d02Il4wZZGdcIzDmvR62HZWF8C2jSMZ44Y9boT5T4lCfVlS+OqNqFBWiJ8/wm56ECpwlZSgGpfDfExZvSvgGUtfQ3RCWFgbKAq9bLkMBcUzYsPS5DNtWJp8RgRwueDIfOelXRdYOGdd6tYgii44F5tM9fClYJdcs/yUXhcROD66Ot68z0wlRmbp7jrh2G7bEI97J09UZsr8s10vyzztsDhI4KFFcqNlRju7XuWYdYtyo6eMxaHQTSE2ZSQurgL3gAB48b1gRCJip8JVRM43pBcOUcBteNH5n+A+PKu9PnFu/jeuHK4ICiJxtURYWmBDn86T2jYSAl89jeNzRMBcrVN6R8BfxryBtIzmbV0IAr0RPRdRj3ipyh9Oqxl0wjENleI47pqasiIIBMoy47Qe57UqQ9ndbmWt1nk999bbYMCLzF0b4UGEcEqIuReYWz5FMTFoG8DVIhw4F+n7+B5lcYseCEFEHJsShk0T7IRjE4ZWf889W/Eitw44TXIyvctJLU9rXaTWo01qk0brjToGznlY/S422O3iReWbQM4E2M2npWxbS87BDSaMPetdjNXLECyJ8d73KQY6x9HmMHiJRRMybWWgtb48EZFVQWVTR0cs7hwRkqxkuCjRytSOe7uOgTEY6IRjDJbGP0OhxcffS52BuzUuhMVDVfi5QERiRkOsMuh/KGv53LF6+46BQQx0wrHMwRDjweNSLdYacAaSAvNDGOtApQ99CR5jKiwBYbrLmlD5ZVbYez1qDHTCsfz2E2FwCKUuIo+KcDC3Kc7MzKiQEQ16SVDk8eS6nbO3lzNWIFoFu9ai0PJY6SMcNAY64djd9l0jFYZW82WIiJQzQTgQkFXPvTQ5oZ1knO7QMbBrDHTCsWuMXxiPl598nFdMwUW8PDkZbQLOPPdIHqE5DHpTm/59x0BzDPw/M1Bmln0FXegAAAAASUVORK5CYII='),(34,18,78,'data:image/png;base64,iVBORw0KGgoAAAANSUhEUgAAATMAAABGCAYAAACgwHOYAAATrUlEQVR4Xu3da6xFR1UH8H9RQUQRFBUUUFGsSlFQ5GVFK/JQMZJSDTHIw6YaPkjQBA2aKBrQRgkIfIBKwIjhEVAgCAKiFFpbFBCKaNVW8YGA7wcP34L5wSxyvN7bu889555z9j1rkp2zz96z98xeM/OftdasteacdGoKNAU2QYFvTfKAJJ+R5ClJ3raJQvepjHP26WP7W5sCG6LApyT5hiQXJ7nwkDJ/J8k9N1SXvSmmwWxvmro/dAMU+MYkz09y62PK+pUkF22gPntVRIPZXjV3f+yaKXCHJE9L8qAJ7/3vJI9L8pYkb03yHxOe6SxLUKDBbAlidda9p8CnJnlokh9O8sUTqPHSJM9McnWSf52Qv7OsQIEGsxWI14+eSQp8YpKvSHKvJLdJ8l9J7p7kW5b42rsl+d0l8nfWNVCgwWwNROxXzIIC+jqQ+swkn5Pk3km+IMlNktwlyWet8BXEx6cm+Z8V3tGPrkiBBrMVCdiPb5QCVgm/PMknjMNK4QUDkG42wOk0KvTmJF+U5IokViL90nvh2jrtCAUazHakIboaue2wwcIx3SjJ/ZJ8fpK7bpA270pyWRLg9XdJ/iHJX2+w/C5qBQo0mK1AvH70BilwbpJ/H4rvzx52VcSwz00+Cly3TGI10DWgBcCOM2lYheTvTfKHSX5t6LP+M8k1Sf5tlZf2s7tDgQaz3WmLudQEAH3S0DmxZv9Ikq8aAAWU6KEOSzgdz70zyT8OEAEm1yW5VZK/H9c+ODgipguAzm9zR3PpHVusZ4PZFom/Q0V/cpIvTfLhYTOFe7KSd/7gmIDNcQkw/XOS9wxTBEDEJAEQ6Wd/e9wL+n5TYBUKNJitQr15PHvzYRNlte6BSYh8bKWIdVMSvdGfJnljkg8k+auhBKf8/rMkjEE7NQW2ToEGs603wYkrUGYFzAy40dx46KO+Y5yzl5qSrMxdP5TeVuqAFN0S8bFTU2A2FGgw272mukWSmya5/TBDAFJfMvRSrt9jQpWJi28YnNMfDK6Kwvv3JzzbWZoCs6RAg9npNxv9E4U3Vxg2UdxaKLlxVBTnxD8W4zghCvLPG2BmJZA9FQU5Uc//a4cOil7qz5P8SxIgRdzr1BTYawo0mE1rfnSiayp6+b3dWGn79LEaB3iA1jeNVTgA8+AkdFaXD7BiQ3XlUJLjuHBQH0rCvomCHND9UzshT2uUztUUWKTAHMEM98IkwG8l31E6Hr/Esa9b0B3RH8kDcOiEKL8dlNd87oCK5yqSgd87D64HR1T53z44qveNlbr3j3usw18yTAuIh6zDOzUFmgIbpIAB/qODm/ilJM8dZXMZIdJUIvpYycKFAAqAAACkGuh+vc+B6wAgomsCHaIQIMGFAA0gwiaJiOVagQhRzHOW+D1LOQ0wvmyACEU1MwHPqodzK23MANgxKRcnxN9OPbyL/RKx7i8H56M+XF9wQPIsmhBU3RhSWrVr+6YNdsYuqimwCgUMZgOXndENpb8YALJKWZ4lSlkpw+0AMVbZQMgvEU093j0ArACHXqiA0r1OTYGmQFPg/1EAmD0vyXdPoI2Y5cQp3BmF9FVD11PcGCdgMZ4opnFiuKRKwPA+g7tiUiAv/ZDfTSRcGK4Pd6nu6ocbBKrA0rn6/HqS3xuc5yL3icMDqKW8922U8J2aAk2B06cAKeyrB/5gfEhTJEOLa8ySuMG9r3RmfOUorr9+xC4/yiXl9Ks9nxKIoERYVu7fnOQdAxytULpHVCYGI3QBH6t6oIgr1SD8EzWKxvKfmIsjxaESjf26t68JTUw81BIml/p1bgJyj2SBbtXBqUdMUCYekxf1hgnYxGlSdQ9N7zRcq0gL1CjGgAlae4jfT+9JNUHd8UdD7cAsxsRGutA2FoGEFDLA1EHbuu6gzqjDMw6ToDGnfPVx7lfdP218i3dQv3iHc+9wv+wGfY/k1zX19R6qFXRRD8+ij3vKdF6qHM/IhzalXyYVoZdvMfGjqXqpp8kf3as+9bz7nq9VeNfVwf9S82AgHIv67VPry0ctAPC/U3kreI9I8shTq8HuvhiYaFjc298Mo1L6ODo8nVdnsBBATOYKVNdwp5513UIFQJNPh9RZNLT36iAaWidWhoEpD7qXzrEWNUo/WVxwcYqH6Surs6Os+/WuGuw1AIBmLXrUoPKr08tT3LP3LJ7r4KX7dK7u3u28/CmVa8DgciXf5BsKeGoAuLd4zfVajHGvBsvi9bq/+Lv4jLK8s8LzuKcdAI+BWQtBBSYmnwIbgxq93NPOrpMovE+bajv0dc93Fxi4bvJCU21Mx8u9Sz4r2H88BjQmwfvZEh6n2tndkbGjNVt2NdPCwHcO3ZcZ0ExVnAOug3EntxcD2+DkVKwDET2lLxwdQyMb5Dq9TqLD6Qg6hUFuBm0L9B3tNKdQLSvAwAdAFLAADf1BxFfXzO6AQJ8BTK4X54OTcY/t3qoJMDM0xnUvcoIAzWJTcSbqi+MGgMDJBKWvq4cFKnlNeIARN1jGz37/ZFxTXxOksVAcjPfXWJAXDRzFKcnv2xfVOKt+8yrPG79ohvs9mGrhb3GCXczjvomeGVPFqPP96GUyQEMTgXuwSl5tc2haFsxW+eh+9nQpoMFNKDpDiRV0CsQpg96A8AsM5BGih/kJztBAMsHoDwYY0csEo4M611mLeyzbOB2xuJPiurxDR1QW7t7mHUDgB4Y47l2c19WVqKZsE5yYZVaPa2GoOBdAYbJUX8AiT62Wy4v79S7vLR0nacI5sYk+hajIKBlg0A9fcrrN0G/fFgUazLZF+WnlEo8AhUFP3DE7A56vHIMaeNgZ6LdHHiKuw6wGbICCmRzHAFTMbAVq/rvuvvcDBqABAHEcAAwwFJddYqqaA4paQPGfyQzR0+G9OAu/dIdAiN6QGOYo3Q/QKzOcadT4WHhrIhydFpD+2gMPArjjxLfu81OpPbN83bDbbTD0J5rTs+AeABURgh4HB0XUxp1g5R2U0kBHvt8a985L8roh0lhQwL3MPfk+wEWl8fAjRJjDvpGinv7yqER90Ytbc+8dLWbuRAvS7Tw2yY8cUhsc2G8OjoaO0YFrwmHhxIiQnicGEhdxUydNwI8+AkdVRsSl9PdOnJUDqJQynEsWsCDWeQbHVZPhm4bO6GB9iKlWCSV5cXQ4NuD9NeP7cJ/y8MSYGmmWPusXh1j6qMFNHkeLpyR5/KDncXn7/gwp0JzZZhuNHZvY9pUMbIcBvS+JaAykp6YXJXnlEHmZDy2z5RvOlmnFq6cW1vnmS4EGs8223ROSfO/gsmqFFweE46pVGjor+iT6LEp0HNAq26Dd0BficKZEkV0XlSrII44Nl1acoXrYZ5IoLUwRzu0Hx74BbB+XScTvxyThR9tpjyjQYDaPxjb4rT7WvoxEzFqVLJOFMtaUBxA6mAb4TzxcR1LuPYfoCWSJxsROorCy2OMpz2qixQCgPCXR9Yl+C8Cm7BS++E5L909O8gu9b+UUUp/dPA1mZ7dtd/nLRDR5/rAXm1pPIAk4udU9K8mLlwDLqWV0vhlToMFsxo03k6qzE8PNASArt8smEXMZYnu+o5gsS709yt9gtkeNvaFPxT0BLyu2yyjrF6v380leMMxPSrTeUPW7mLlSoMFsri23O/VmhGuV8bvGcZKaPSfJpcPN5yTP9zNNgY/bCTUpmgJTKWDBgRsUF6WHTX1oIZ9V2x8bO4uz2O/UFFgLBZozWwsZz+xLhMYBXGy1WM5znZqSuED9xjC9+NURHmnKc52nKXBiCjSYnZh0Z+pBeq77Dvchsdl4GRwV6YA5xsuGaxVbMaYRDGG5WlXYnTNFnP6YeVCgwWwe7bTOWrK+5x510TAuPe7dr0qCu7JBsJBOrZA/jmJ9fysUaDDbCtk3VigPAjZdD0nybRNK5ZXwwrE1HpOI5rQmEK2z7AYFGsx2ox1WrQVncNEihAmyn4OoG8cl0Tg4a798xBpj0d+pKTBbCjSYzavpmEHcfZhCiGZqk+HDInwe9lVPGiuIAiY2xzWvdu/aTqBAg9kEIm0hi1VEgRUFISQmAiyBCI8L+8M3Uhgh0Tk4WlcM/i18QhfZFNgsBRrMNktvpdFjWRG841g1pJAHVByshawR315YIOGkOZNXEjdepFhO4yLBii5b0SY2/xVdYlNgxyjQYHayBmE4anOXxa2+nLPDEmBQxAj7/LHRqt1+jipJ5NjXD/OGMnN4zYh6ITyQ+52aAk2BYyiwz2Ambpj4WbV5htjyFOkODtFcdOiohNax+fFJk117ABITB5yV0M1id7nOTqut4E9K2X6uKbBAgbMEZgw9HUQ4ACWWvgiuOCTimG+liwIeVv5co0SvKK9W89hQ1WaqNvUFZMBNXm44QKk2cGXlLt4+2ytiISNTm3zI19vk9TBrCmyYAtsGs58cVudiyNtthy7IDj61wzfQwSWJRU+5DWgA1TIJeLFQxwlJ3iGefoHWundbFhRRAo5C1lTc+9q5yO+7k7DjAo7q5ygu0Pd7BjDXRiYAVz39txJZ+ypqvzJidb541EbBgNW5X/dr523vAdidtkcBOlFqiWo3EYXtjaD/u2YytamL3+tGe2k/fUtYJBOoftRpYUOKbRFDoxzlNrOtOu1Cubg9+rZdT4Bb++FM7V1Z28rhTh0Xjr0zXadjlBfAW5W1jZ3BXEEXi+P1u7jwsS0amGBqOz2/vsFREXQrii/1hD1A7c8pPTDJz4zvvP9YsAFA9vA0OQsL7vtMyhZ7hC03SaGlScq5CL0mL1KBEOIi+XrGZsm16XbR5SeSCMe+92nbnJkOoEH3Mem8OqkD14kbu2JwofRquLHi2Cwi4KSAAA6u/nuW2YbrrjlKNK7dsLVxDZDa0NfAMFgMUmK5/waqOjh3rTbkVW4N5BrUrpUoXZsC4369E0jxJMAJ47aJ4+7VFm/qoI5CZcsPHLy/6usa0FMPda+drv2va2ig/NrcGCC6V3tmql9teKyP4XbdB0DeCRCqXPUvbtWv73at9gl1zbn3obfzxcNqtPfWczgtulG0opdVdnHT2sk+CNp+FbcwAPfjSb5/cGYX7OMAOvjN2wYz9WFLhVX2W5t8+MVym6nMTgaIxFyBSQOWezGPgVKb1dY5DoDYWmJfvbvbvSkwZwrYT/TRSXB9+joga1FzB8TMOXeqrntT4DQpQM9Jf3Z+kosH50fXSwQ1ofPk4A3SaVBgFzizboymQFPgY2qFuw6/2u+7AXMgZj3UEXay6rRAgQaz7g5Ngc1TAIdllfKHJu7GXjVkTP1zSV67+SrvfokNZrvfRl3D+VHAyi33tG9P8j0rVv95Y3MX7mwWDzodQYEGs+4aTYHlKHDbsfrKpILOigKeOca6doZ/xogp15F7l2uX3tBkSXp19rNDASZBVseZXjDFcNgi77xhNnHvsYs804p1AdVB6r0iyTPHXgnNda3Yt5ozW5GA/fhGKcBWjEcIezgH9zSrfezG2Kk558bGY8Rq4Gkk4CZiCTs19mRs6Jj/KI8dmXN2g8yCjC/529PiNFriwDsbzDZA5C7i4xRg7HrugsGoc5wQo1kcEttCdlTO2Rj6L2QSty+GouUZwEC1DGTXSd7rk1w1DF7fNey3RORVHj/cTjtMgQazHW6cHa4azgcQEc1Y6HPTEf4IWAEnyu91pHLcJ4LhxDj882ZgAO0/Y2rAhwsCeA59Wj3UiycFMOq0BxRoMJt3I/Oa4AcoMgjRBrfC8wEnQewpVxruNA7imMHNlYZYBoy46OCCuOXgfOQDBHcb4hquad3O+AepzvUJKHEL4skBqIhvgMs1e3BeO+rmu9Sd8ah8uDcin3OuXWjg3HfIJ7/v0dfLHcpvOd+Xb3DlqbqVOxMaedb7/Jark/oKlLnJRIwlWi/Wrb7PtwN1oausfIqNJ+inenId41qlHb1Df7ksyYs2WfnTLqvB7LQpfLrvN9BxSfuaiIWs4XclmUSAB6AFsKLBWO3EUZpIuB8BooPO4uuq/zLit9VSHgZnJjWYzbspf3lsI7eJrzA4cXDbSABA+bhPwIC7pHzno6tOAARAEC8BSYV48t+Be3E4lw8X5j+ncP+dK4MfsCQKiGu4UtwhbtezxF7n9GnqIV9xt84d5fBe9QS2xF+cnVXRKgOXVIEBcEtVD99SXLIyRU8h0q8zmQR/Ksml63zptt/VYLbtFphX+ZTxBqzBQHQxGCuShr5UAABoOi1HgTKyffJyj/2f3ERzQM/xXLwzEwCgtPpK9JaAM6A9c6nB7Mw1aX/QTCiAY3tckktWrO9Lx05crx7h2Fd83XwfbzCbb9t1zedDAeOME7kgilN2lj/sy3C7fDkthhB1Ox2gQINZd4mmwPopQGS0QfPPrvDqnx5uTfSCRPlOx1Cgway7yLYpcHmSqw+JHiHsttVKOronDnMDJgf3HXofJgoi2eJS2J2VzRsFvFVDJhtMFej3ipOxMTK9ko2VLRJwaVrHavAyq4hH0fu5SZ6+EEa8IuzWr+d8W+0BUG5YFhYsXlisKBrIK8T2s5NcM9y0LD6gw5WDNrX3wLNGJI5t94OVy28wW5mE/YIVKGDH9TnsdbDCJx76KIA9bnf6dZd51PvsXyDKx+xTg9nsm3DWH8C0BKdlpY3JwuLOW7gIK3Ou47SYN+A+cFTbNBM5CcGBF28ExsHMLawu+g7fhvNi0IoDFaARB2WleJmEO8NxMpJmdIxT4x0BpBaBEwfJSJrpRyX7ufLemH36XxsxMBwUwlxYAAAAAElFTkSuQmCC'),(34,20,85,'james'),(34,20,86,'ok'),(34,20,87,'data:image/png;base64,iVBORw0KGgoAAAANSUhEUgAAAMgAAAAyCAYAAAAZUZThAAAHv0lEQVR4Xu2dR4g0RRSAv98cMSfMmCMmTJhzVkQFA4oBBdNBPamgHgRF9CDoTVEwHMScc0LMCSPmnHPOyse+kmHZ2enp7Z2tnqkHzfR0V3j1ql5VvVQ9iwKjQoGVgfWAnYBFgYuA50al8XXbOatuxpIvewpsCpwKHNQF0yeBzbNvxQwjWBhkhjugwerXB44HjqtY5vXAARXTjmyywiDt6/r5gS2B7YB9gHX7aMJXwLnA08AzwO995B3JpIVBpr/bFwKc3eeMQe2AXgX4GpD+8wD/AD8C38eg/QFYFlg9rjmAvwB/+4WTgMuAX/vNWNKPdVCB5iiwErAisD2wGbBbc0VXLulF4HTgjso5SsKuFCgMUm9wLBnC78nAavWKaCSXzHAl8GhopFyJCjRIgcIg1Yi5O3AMsH+15PwWA9at1EfAZ4DbprmAtYC1K5ZjnkeAa4C3gO+ivLJdqkjAqSYrDNKdgnvG3n2pHkT+HLgBuA94Hnh3qp1S8udDgcIgY30hHXYEzgS27dE9P8W2RkPbO/l0ZcFkOigwqgyiNmgLYC/glAraIff5aoPUNBUYIQqMCoPIEGsCmwAnxG+3blbQPQO4NOSGERoOpanjKTBsDKLNwa3SRmF32ADYpUe33w5cC9wI/FKGSKFAJwXaxiCzA/oYLQDsAewL6ITXC34G7gIeB14G3g6tUK985f2IUyBHBnErNB+gFsnZf6s++0hN0p3Ap+FSocfqn32WUZIXCvyvvZkJUiSZYENg47Ax6GPUD+hHdDVwE/BaWRH6IV1JW5UC072CGH+gT5FOdduEtmiNCsg547sSPAs8EKvBx8B7FfKWJIUCjVGgCQZxO6QDnh6mx4aluBeC3wAPhovEC2EdVi4oUCiQFQWqMohOeM7eZ8dsruuFAnIVeAx4CLg3GKL4C1WhWkmTBQVkEH2MLgg/H319BN0rNIq51VmnD0xvBW4GngBe6SNfSVookCUFZBAd34xJaAoUmFWn3gPcDxikU6BQoJUUkEEUhjWoDQouD+3Th8GcersWKBTIkgJJBjF8Uxds4xySs94SwJeBte+nG/4IrZVWbdXACv9u03Tz1kAo/Bv34m0anxupN1vc+8x3pkvpjcRLl8/T/d+xhXQFtRzLsCxdzH1m+zUwal3XQu8qqxt7kqFMm/L5a92W7/MECW/zWH6qXxyt38tnXqZJz6SF97rHW69bX+t265twWrBj5U/lW0eii3Wn/vXXy7Zbl1tn8/jf34S3aWy/dTkWrMt7DbPSQP+1xeP/fsCqPQbFF4Cx78bKtxKqCukyiJ2zAyBhJN4wg0zZq/MH3X5V3tqMBgG67FfxUKiKi0oaoyxbB1UZZLKGWYZqXmcsbRxHArtOgRIfxKqx9bjZeApFds3qDOnsbCy4stK3gPEdqpxdwWyTv3PHeweNs7r/vbz3ctXwWhhYJO6lS3ruatA5e38SM7OzvauVLvReKZ3PvFy9VJaIh3g5e7u6uHo4q3tvHT63Xmd532l0dWXwmSuQdVuW9bkiWKa7A++9LMegLn/nDbW77Ur1mMZ+EQ/tUeJvfut2lTdfJxiDb3CZK47eEK09YqgJBpmOgVvKbDcFNAfoM6c5QDgnTASta1VhkNZ1WfYIXxyxMwnR1jKHDSgMkv14aw2CHmeqQN6p0NEmpszaWigM0tquywrx8yI6s9Oo/EaYD1p9wERhkKzGWeuQUQi/MITxTuTVWnkEqkzSaigM0urum1HkFcTPmgCD64I51Ai2HgqDtL4LB9qAZWLwH9LlwLwTgUsGitE0V1YYZJoJPATF64Z0BLDCJAfnXRGq3KGL1ykMMgQjuOEmqIXSzebA0Eh53w207p8W4QwNo5FHcYVB8uiHprBwC6TV3EGttTz5lCXruZZ2LeR6D+gupDV+6Yjt0Y/Lc8JMMxnox/VSxPd4SPZQx/cUBmlqaDZTzqA9q5vBeqwUg+reb7LAHMoqDJJDL4zhoM/S3fmgUwuToRtPQ9egWt2aR6blAGNk2gxDN56GrkFtHl3hDXx47Os91kh5Qg9a7937KyfoOa2Xrh67etHqVazXre75eh4rY3TGw3Te+848fuRH+UTP3bqgh+6bwC2AodbKOUMHhUGGp0uPCsbyxEkZSIG9n/MExlNCecgQAAVyv1Ylkz41gWv78FBwgpYUBml/974ecTh1W5KiEevmnyifRzkpT7mqpMM71KwlbZouKh4aaEyJ8Sp7R4yJK6SMnQ0UBsmmK2ohcihwVa2c+WbKakxmhUy+fZY1ZkYi9nts6yAa5Fd8F4vPTXvKjeHaylPaYLS9qBaeCLIak1khM4heG9I69Jx1a6Krh1cafMn1w+1NsoingziUT14NoV8BX1cSQ3KN6zCE17Ba/3vwgkoA5RpDgh3kKgbcLqkU8P34b7WnesWjijJAi7yGTYOr9ATOBgqDZNMVWSNyGHD0uGCoqSIsIzwcGjAZJEsoDJJlt2SFlMdBTeWUzLTqyBCuEGl1aYVjY2GQrMZilsgYRjvR56+10agG9mQYwe+xpNNglo+tmCuE121ZtqwCUoVBKhBpxJPsHMfI1iWDMs/5EXlYt4wZy1cYZMZI36qKZZKD48yzOoiP9MFxdQhW8rSXAumYWg+iM5BKMKhK9W031W1rj/75D3pqW0LRiEFBAAAAAElFTkSuQmCC'),(34,20,88,'data:image/png;base64,iVBORw0KGgoAAAANSUhEUgAAAMgAAAAxCAYAAACfxeZPAAAIeklEQVR4Xu2dBcwjRRiGn8PdD4dwuEOw4O7O4RqChuBBgrskENwJBJcAwYMGd3eX4A7B3fKQaVjKtt1t+7fb3fmSpr3/Vmbe2Xe++Wx2GO3LSGBXYEfg9fYvE8+MCBQXgWEdNO0zYDjwObAs8HIH14qnRgQKiUAnBHkIWDzRq+WAewvZy9ioiECbCHRCEG95T9Ae/n4HGNFmO+JpEYFCItApQezUX4meXQJsVciexkZFBNpAoBsE0f5Qk9TkcOCwNtoST4kIFA6BbhDETkmIQxO90xbZEvigcD2ODYoI5ECgWwRJI4l/exjYPnq4coxIPLRQCHSTIC61TgfmSunhTcAOwCeF6n1sTESgBQLdJIi3kiQutfxOk1OBfYBf48hEBAYBgW4TxD6vGzTJNE0AkERHAX8OAkixjdVFYCgIIprzAE8Do7WA9hDgyOrCH3tedASGiiD2e1RgZ+CUjCBMHtJWMh4eD4sIDD0CQ0mQZOufA+bN0J2fgBmjMZ8BqXhITxDoFUHszOzAKzl6NQfwao7j46H5EHDsnbSWBJYKY2OQN0oCgV4SpHbbcYHrgRUzjMR7wKo5iZXhspU9RJtwZWBrYMM6FHTFr11ZZBp0vB8ESTZlPeDaDINyBnA88G6GY+Mh/0VgYuBgYM8UYN4GJMZpwFsRuP8j0G+CJFs0N7AIcH6LgdoUuDIOZlMExgOOA3ZqcNQxwBHALxHH5ggUiSDJluoBWxhYGlgFWD6lGx+GZVq0U/4Fx0nmhQZDbpb1FcDvkRTZESgqQep7MBmwH7BXg665pjbVvmqBRycSbbTdgm1RD892wIXAH9kfiXhkEoFBIUiyzS4bzmwwjFY5qm3KnsqiR/AgYPMUHIw9nVcBDHrC5EEkSA0Yl163NUFJbXM28GNPkBzam+h9MgnUPLbNgPpxM8ftopC9MLQtqdjVB5kgtaHSIH0NmLrB2H0fdl7RW/PdAI3vWMC2wBLAJMEWqzX/zZDvZqHa8wPUp4FrahkIUgN9TGD/usKt+gExruJseynwacFGS0KsFkqW16nTEtb7PxXa/mRJtGLB4E9vTpkIkuzhKMDqwNEtUlzUPJeF3VgerKuv78UAumwyYXOjlJt9BVwX3LESO0ofECgrQeqhNLt4sWDAb9wCZ93HFwf75hHgty6Oi964fQFjOdOmXPfbUL58a0yz6SLqHVyqKgSph8iZe4Ocm0t8DVweIs+SqFG8of5e5jnt0kBLeOxjgDlQkiJKwRCoKkGSwzB2IIsPsZH8vCJxrgJeAp4A/LfxB7XEVCkX+zLEc7QpXsx7s3h8bxGIBEnHW7eqyXwrBE9Sq1Fxb7BmWLpUc+eXO1pdKP5/sRCIBMk/HjoA5gfWDI6AiYDZ8l/mHy/aucHWcZkVo91tgDjUp0SCZEN4nEAGI9fW3CdF7aBNcmKISah9LPpyr+I1wrLNWE0eeTRkORvn0IPlRuFR+oBAJEhj0E2WNE18rZRDdMEaSzFN3KBdFjGQ6cdI+ALAMllOqjvmbsB0GnfU135RC/0cCGRANEqXEYgE+S+gVteZnpK2t5dLIO2IG7scvXYMJIwuYBMPdUlr+7SSL8I5zY4zc+DZsHzTTvohfPz7NyFfy5R3nQs6KAxI1mQG4KNA6lnCt0tBCalWs4zab8laWqk6QXwoT2iy4fYzQYvc0ocgYvKhmzB4xCx+WjA4BMxcNjFzgozVmc0eYslvZnA7cn+b2rCde/X8nKoRxP5a6rt7sA/SALdq0fT5QXzXiekq1oQo/rZi06WijgU1hZtiuBQzgXO6oEEmDd+SpKZB/Nv0wBjAzMDoLZ7M0j5Hpe1YYkBdHhwQHvpG43wfcHKole/5LFWQG5oQaU26KTp66cQti7wfyJTl2IE7powEcbZzgE0Nr9+YoDZAtwdCmAnrOrtK4pivFGwObS01xEI5AdDuMDAqjnrcBlHbZuryoBNk/DDYulRdm5tv9XFKBFsi3Bk8TxqtZRdxEYv1gU2CndJJn12SPQ64ycM54Xcn1xuYcweJIKaz62nxY8KfOzGmietotz112XRNBTTElKGy0NyyRbv85F0N+LEwbZBqaboGQ5EJ4jLJQJubXGcRy0zdEUUNoSuyrDJTiNy7v5XOhm7IA2FCuTnEVswn81N5KQJB9LDMFz5uzJAnbcPta0wU1CdfNtFo1kYQG3ck0RvVDTkLuCHYEPENYC0Q7QdBdCFaT+7aOC1K3azJzpgWNhmfSL48tBsPThGuoVYwOj9rxsZYXaim1b4SD99Vb4TdVHydD/GFRRmBbHTYUBNEn7z1EFMALg22yNFe84/cDdCqOv33ZRMNaQN9B+bQDmpL7SrTTarmfevL+HdKEJdHEmBk2Jup3U44A7qpgns4ldEYFCdzr9Sc2lW1YF4rvNQmlgSb4hGlDwjkIYgpDduE7SyzLgHSumQuk5u8uUwq236wvlXLpY72g942o/YWTmWVC4C9AZMhoxQAgSRBfK9gLeDjjKcf3bc/GWPoREyKU8OYiTrIYsr6nGH3Rtf9fnxFg68QMC+qkds5rc/WubtMOjYWURX7kZAgDrTJeMnyUHcmNA+nE3E7TGslzDo1M7S2dLLkVDFeMTx4arQ3dCv6EHpfCerHBDo//jat3Gu1Eh9as1bNPdIh4G9tmBFhjylrOyyzNa7ivYwjNIq4t7pX2v9LFu0mA2vmddkOA2waz1XbGrUd/Ap1jgTZAzipz61qVbLaSfPcrLnVuxLzXt/tgrSbXCK+Echu6kWUkiEgQdysTA3Sjjg7O1s6GzsL+8DcFdI9vJ5ayVlaDaLGSGomZ1c1iMuWmrZwNneWdeZ3HZ9H1DCu3SVErYhI7eMD7JLGtpqxapZrTVOpSfztOT7wxgU8R1z8mPnqzF9GL1oebCt77N/u32RBUPlGKQAAAABJRU5ErkJggg=='),(34,22,91,'asdas'),(34,22,92,'data:image/png;base64,iVBORw0KGgoAAAANSUhEUgAAAMgAAABGCAYAAACJ4ts2AAAHzklEQVR4Xu2deaxdUxTGf6U1Bq1SUwyNWY0xhNTQxhBjpIaGIPiD/mH4R8xRUxBziISUICKRImZaYgoSQamhLaWUSk01T422WvmSfThOz33vvnPPPfcM305u7n3vnrP22t/a3z17WGvtQVS/HAWcBUwAPq5+c9yCMiEwqEzKZNTlO2BdYAEwIqMM32YEUhGoOkGGAbMDQe4FTrWdjUCeCFSdIGOAlwIgFwDX5gmOZRmBqhPkMuDSYEbNQSbZpEYgTwSqTpAZwKgAyHjgoTzBsSwjUGWCbAfMjJnwMeBk4Feb1QjkhUCVCbIZMDcBxJXAxLzAsRwjUGWCyHqLgcEJM24JzLFpjUAeCFSdILOAbVOAWBFYmgdAltFsBKpOkIOBKSkm/ALQEMzFCHSEQNUJosY/AxySgoLcT27rCB3f3HgE6kAQDaeWtLDkOECrWy5GIBMCdSCIGr4rMK0FAton0VzFxQgMGIG6EEQNj++qJ4HYPrFnMmCgfEMzEagTQWTBn4G1WpjSJGlmH++o1XUjiMBY1gcimwLzOkLMNzcKgToSRJP2+cB6LSyp/yuGxMUI9ItAHQkSNfrIPlawdgQ+6BcdX9B4BOpMEBl3KPBTCytvE4KtGt8JDEBrBOpOkKjlY4EXEzB8C5wCTHUHMQKtEGgKQdT+IcBVwLkJMBSmq3BdFyOwHAJNIkjU+OHA/YD8uKIyHRgNLHQfMQJxBJpIkKj9JwH3JbqDPIM/chcxAhECTSaIMDgCeCLRHZz8wfz4F4GmE0RAJEN39b/fAQ3FFrmvNBsBE+Q/+6e5qZwPXNfsLtLs1psg/7f/hcDVKV3CeyYN5YkJsrzh1we+TukPlwNXOJS3WUwxQdLtvQJwEaAsKcliN5UGccQE6dvY64SY990Slz0KKKu8S80RMEHaM/DaYX9EWeTjZWfgvfZE+KoqImCCDMxqCrp6PuFKfz1wg13oBwZkVa42QbJZSilOk/5bxwIPZxPnu8qKgAmS3TIadimz/NkxEW8HH6/vs4v1nWVCwATp3Boadr0TvIUjaXqSnN5HLErntVpCIQiYIPnAvCqgCMYHEuL2BN7IpwpL6QUCJki+qK8GvBX8uyLJin/fwZP4fIEuSpoJ0h2kDwSeS4gWcfa2A2R3AO+WVBOkW8iCduOVzO6SRBWnAXd1r1pLzhMBEyRPNNNlbQIo23y8/A1s3MLnq/sauYa2ETBB2oaq4wu3AD5JSHkQODEcBNRxBRaQPwImSP6Y9iVRw65bgTMSF50D3FSsKq6tHQRMkHZQyv+alYNvV/KQH7naKx2RS0kQMEF6awglidDeyU4xNW4BLgb+6K1qrl0ImCDl6Adp8xOtft1sovTWQCZIb/FP1r4H8DSgOJSo7Ae8Ui41m6ONCVJOWytqUbHxhwX1lKvrGB8CVLyxTJDiMR9IjeNDVpXVw1PlkRAKPHsgQnxtdgRMkOzYFXnnXsDdgLKrqLwMKKfw50Uq0cS6TJDqWF0HA+0TArV0UpaK5ivHA79VpxnV0tQEqZa9Im11bMM9MdV1HryS3P1ZzeaUV2sTpLy26U8zbTbKGVK5hKNyI3Cec3f1B13735sg7WNV1ivlDPkkoJWvqCgp91NlVbhKepkgVbJW37pqAj8D0FxFRR7Dh6bEpdSnxQW0xAQpAOSCq0geXirfrs29I5/NCiZINtyqcJc8hjV5j8qr4TyUX6qgfFl0NEHKYonu6DEM0ObimJj4ScCE7lRXP6kmSP1smtaiNGdIeRFrs/GvZkCQrZUmSDbcqnqXJvIfJpS/BpgILKlqo7qptwnSTXTLK/ugcD583P7aeNQZKMn4+fK2ogDNTJACQC5xFVsBdwL7xnR8M6RUnVpivQtTLSKIlgE1FlXisyFhLV3x04ODJhuFNfVlgF6KdtNBl3p/Afgm5HtSHIOPUS7MfLlVpF157cDrBK2o/BDSp2qS39gigozIOQ56evAJWhBIp7+1tKiMHjpLw4mdy93dRgO3h2yQkabaqVd8yrSmzVVEEO28avypJMx6AugJskZ4nxtSZs4PCZp/DDu0emKo6CnzFaCDZZSfdkNAv0ZrAgeEFJzx6Lh415ArhHZ+5bo9B/i03P2mcdqpDxwN3BFsKgA0P1HM/JSmjBSKmoMoW4fIIxIeHlJwbtCiy2lMrJfIs7Bx3bKcDdZQW4kkNAz7EtgaeC2QRQcK6QjtWpaiCNIKvOHAKGAcsH/isR7do6CgyYB2gvWk+cyJ1nraF0UO7Z/IvT5eng0ZWh6vE2F6TZA0S2uopifNCcCZMee75LV63Guza2YYF2uuo18yxUQ4gKi7HNIwWucz7g4cB2je0m7RfHQW8HoYnr8bhu2yo+atpSplJEgrgJTLVnmk5N4th7yh4bOGalpZWynEQegpoxhuPXm00qbXYkBuF+8D88J8SXMtvUQ0TT71WXKilTu9C5+l4V3f6bO8ZDX3kszo+2h1T+/6v1YEF4V6VgmLFBouaqgZrf5JH3U0Xaf7JEs6qF7Jj68map6oVzRnjK6PdIrrFuko2cqSouR0+tGQXtoM1GfJ0Y+IMFNdmkMqrFfZ5yNv4KI6atQW1SeM9AOpUYJW0aSfvt+lKGWS9VSJIP1hpEe/niDqGNoI06+RSDU2dAzFS4yMTTj7k9et70Ue6ejSPgI966f/AMmuG1YiJ5qvAAAAAElFTkSuQmCC'),(35,14,64,'data:image/png;base64,iVBORw0KGgoAAAANSUhEUgAAAMgAAAA1CAYAAAAEVKRZAAAI7ElEQVR4Xu2dBwwtRRWGv4cKKtJ8QaW3hKIkWClCAhgwlBd61VCNWIhICU06SgRCiECAQAhKVXoJCMQYkVhAAmoAW5Sq0nsJNZCPzIbl5u7d2fvu3rtlTvLC493Z2Z1/5uzMOec/Z+fQfvkNsBfwYPuH0ogRfBBYD9gM+CrwEvBb4CPAx4BPAxs34kmn8BBzpnCPum6xJnBPrvNzgZuAa+u6Ycf7nQecB3wyYpxtXjcRw3uvSZsH+ofwpssP+H7gIuDYSij0t/GHgMuBbSpC0OZ1U2mobR7o6cD3Ckb7s3DsqgRGjxovATwTOd7/AqcCz+aOsbdGXtv6Zm1WkJWAu4HFC2bBSezNWTlyJS4GPBfZ1ma/B3YG/lfhmk41bbOCZBPh5C1dMCt/D0ZlpyZtzMH8GvhK5LU3AnsCT0W272yzLiiI9sY3RyjJP4A1OjuD5QNbH/hdebN3W4jjBcAbke0736wLCuIk6Xr0SLVkwYydA3y787P5/gHOBf4MLBcx7mWA/0e0612TriiIE7cycCKwY8Esfhc4uwcz/AFgF+DikrH+Atg97RajUeqSgjhSA1yXjXhrngwcBrzdUUUxsHc04LGqSNxJ3VGTRCDQNQVxyOsCfxwx9kcAPWBvReDThiYG9nYAdgtBvhWHPLQGt7ZFkooIdFFBhGBR4K/AsMWSQWQk/r6KeDWp+UaAf44Z8lBGxC8MTIMqbt0mja8Rz9JVBRFcuUNXAZuPQPrHwA8aMRNxD6HCuxvsMUT57wy7xJlxXaVWMQh0WUGy8R8FHF8ChpSLN2MAm0Ebj4PaTZ8F1h5y//OBa4AbZvBsnb9lHxTESdSj8/WS2dQdKq2iCWLc5rgRHjmf0d91bfeG9jGLiemLgnhW3wo4oATkrwE/n8VEAAuGRe9uUST/DK5suWZJpoBAXxQkg/KBEsPddgcFct4U4H/XTjotRLBH3e8sQDq/jockU0SgbwriLnJdBL6/DDtOXa5gI/7msozKvZC6r+tW4ztRPyImrY4mfVMQMdT96cLLREbw54eAKwnSf39iQsAvFe69SUl/hwIGNJM0AIE+KojR5lty2J8CHBLO/3q88vJwYMD+Zz7mSsr99SFdtagb7Z7vA0/Ox33SpTUg0EcFEUbP8zJXM9k6LOKPAj8aMOZVptvHyFLcKdBeiqZN16wJX73NtahhPU+8y74qiF4tiz1kohG8b+7/9SiZumvhAqPyivEGA4v/HjELqwF7hx1pWLObgYOBeyc+k6nDWhDoq4IIpnkkeZrG54C/DKCsIskCzjOEPTLlYw/uOirFGQUzdELYnTS2u0qSrGVxNqHTPiuIOSR5LpYxkp8MmZSPB8qKypKJ2XnmxLsbbDBwzW2ABSW0O0aRJpsw/+kZShAYV0G8TmP3h8DqwEKAeQj+iZV/Ab8Kb2Pf3kfEXjjBdhroxj2Ul0sM6Z8GHlTR7bVrDOAlpZjgBM26q3EVpGyxjDuuFwMNXcPVI4nkPGMAvpEHxUJxLmrbPQ147TiSz2l3cX95SCdSP7QbFhjymzuFdPMUqxgH/YZfM66C6P6MSeWc1vBVFhVl2VDOxp1BYzqGW3UpsGvuQfU+XQFYYXAfYBg79rWwa+bHJ6kwVXec1oxP6T7jKohHo7KA15SGUHobvU/GGe4KtZ0GL9AAt3haJhY4MO4hpXxQ9GypNK8GG2SwLleqx1U6He1qMK6CWIvq6pK6U68AjwXPjUXHng/HkA8HiNyBtFk0lJcPx5fP1AifxzDpHR6TTgoK83go9FAWLTd3W+UYFD1hRuXNh8/kjkBPTyzbGidzWl2PqyB1Pd86gZZu0YGiCiWTvLd1nyzOPCzzUJfvFsCjJTcsYgp7TDMZa1TcZJJjSX3VgEDTFCQb4sKhAINpsUa5pWB8KZzx1wIsnVkkJj5pP8yvWAR72wqdFNXnGoybVOgyNZ01Ak1VkFG4uLOoQL71M8+VxydFI9nfPar5u0E8bYx8DKMq5h6VtGF0S5cdm7ynVJV8cpbHy28Fw7/qvVP7GSPQRgUpg2wR4AvAqqGiol6pfGlSlUr38KdyHWnA64UyKBgjesy0nR4KjS26pnK+Hv5d2so3glct6y/tJDHINqxNFxRE1+6GYdeQUu5CXGEAZxXAnG1Jh5Yizdyxcqe+GHaiF8L3MVaZ0BxZXkh8fb5MNOjLCrpN6Papm0kg0FYF8Qi1KXDgiHiMxyLdrh6//GMA0F1F5XHRSjUpKno9CWyH9SFBMraAdF3PkPqtgEBbFER3sB95MQYhxWVQjICbjup/PeZoh+iadXfIRKLgJMZr/zIJthvD02am4pYV5ic1nTECk1gwdQ1BT9T2ISD3iYKbSBi03u53gP1KHiRTEHcVqwxmBr42yzDje/9gpxg30dCWc+bfZe3+KdzL+IcxHHcmjXhFqvzh4bgmjUXGsEc67RVjJH4mLklLEGiaguidMuei6MtRwnpJiHxLDoz5np7HGmvR+iFKA5dJEgLRCDRFQfQgWaSgSHzD+xY2gJhF4kcN0srlRssH8zuigUkNEwIiMEsF8e3vLmClkWHiWd+jzGC+xbC2Vh8xr9zjU+y399IKSAiUIjBtBckCd5MofOZnwjyKWesqSUKgFgSmpSB6lczY03gdV64MBEljGUkpxkUxXVcJgboVRJfmkeGbHVUezMCeAT0Na6Pe5mwkSQhMHYE6FMRyOtoV8yqORqXQDSoLtozzVLHr1DwhMB4Ck1AQmbVGhy1gYHn+mD7lLv0t5GSoECpHkoRA4xCIWcxFD+2HXAymSfuIoZebd+EHbQy0mbGXvnzUuOWQHmgQgaoKIinQqLW0DyuZlImpqUaS/SRYcr+WoZV+bxwCMQpiVp07heTAGPEbFtI+zFtPhdJiEEttGovAKAUxEi09Wwp5mVhIzfyHLD+irH36PSHQCgTyCiKFQ3KgxeCkfpSJ5DyZtUkpypBKv7cWgUxBjDmYPFQmslNNYU3VA8uQSr93AgEVRKPb6uZFYlVDd5bEhO3ElKdBVEFABZkLWP4mL36mTO9T+iZeFTRT284h8A5Sx1tFVceaCwAAAABJRU5ErkJggg=='),(35,14,65,'ok'),(35,14,66,'19000'),(35,14,67,'vp'),(35,14,68,'james'),(35,15,69,'data:image/png;base64,iVBORw0KGgoAAAANSUhEUgAAAMgAAABSCAYAAAARpZu7AAANlklEQVR4Xu2dd8wGRRHGH+xRVGIjlqBiFxWxIPYeS+w9othLLAj2gtjF2Av2LvaKoqDGhhq7gBUbiD3Ggl0jCZpfsmuWce9u794r+907889XbuuzN7c7dXfRPPR0SUdIOmme7rwXR2AcBHYZp5nGVi4v6cTw9DRJR0p6sqSfTNyvN+8IjILA1AxyrKQbZEZ6P0lvGWUG3ogjMCECUzPISyQd1DD+70g6QNIJE87Pm3YENkJgaga5sKSPSLpGyyjvJul9G83CKzsCEyEwNYMw7D0lPU/SXVvmAIPAKE6OQFUIzMEgccKflXSjjtk/QxIaLydHoAoE5mSQK0r6XsGsnUkKQPIi8yAwJ4Mwo3QX4VjVdOxyuWSe9fdeOhCYm0FgiPeGMZ0i6WGSjm4Y44skPdZX0BFYEoG5GQQZhF0kUuz/zZLumwHijZIeuCRA3vd2IzA3g4D2fxLIbyzpc+Hvq0t6rSR+psTzh0j60XYvlc9+CQSWYJBUDskJ5K8MR68UD4T750h61xIgeZ/bi8ASDHJ9SZ8PkP9R0vkz8KPxglGsWhj3FNxU+hBHt70lHdynkpd1BEBgCQah3+9LukJYgjaNFTaRp2WOXOw88WjWtJKXDgqBfUKBnwU5p6uevxmOwP8QWIpBUmEdbRayCD9z1MQkLwvewbk6uLjw3KqR6YMd7Jf+DjgCJQgsxSCM7a3BWZHf+arDJE2UYxLkkis1VHi5pEc2POP/h5eA42UcgSUZBPRTjVaXcfASklAHW7kkCvr8n90B28l5kqX9h6RzJn//QtIevvSOQAkCSzPItSV9KRloiZtJbjdpm+ttJR1lCuwV5KASjLzMFiOwNIMAPUcejkSRcI3/ZseaoJliN2kj5IynSvpAcLlPd54LSfrdFq+7T70QgRoYhKGmuwKBVLduEaQRvB8l6botc/yupLsnu0SqNaNaCRMWQujF1oxALQwCxh8LjMHvRCI+2gDPDnCfBpeU3Bqxy6AIgE6VtFtS6LmSnrLmhfW5jYNATQzCjFKh3cojyCrILJb+JOkRkv6ckTWoc3NJnzJ1scjfcxwIvZU1I1Abg1gmQbP1Y0nvkXRZsxDIKWisUsPf7pJ+YHYLqh0j6VZJ/RJlwJrX3edWiECNDIKbySckXSzM4W+SdjXz6XrBeX5oCwZd9Qvh82JrR6BGBgFzBPGXSrpIZgHuJekdBQtzLkknS0JjZckZpABAL7KcL1YJ9gjST0oKspNcucUlpalNBPtcDi52qF+VDMTLbC8Cte4gFwyOhqnt4ovBUj5ktVLhP62P+heV7z+HNOp11o9AjQxy9vDFv0cG/qEW8CYGiV3cMsg9619xn2EvBGpjkAeHYxV+V5HQSpHjF/q6pJtI4rhVSveW9LakMLEo+Gzl5n5RSb8ubdjLrR+BWhhk/xDQZMNtUeVyBPq4pFuE5XhmJkakbaWsW8rjJL1Q0jUlfS1T8YmSXiDp9PUvv8+wC4EaGISX9TGZgcIcD5f0VUkEPR2XlDmvpL90TS48TxNC4J+FGvmv4dmZgwU/Ml/aJHLQ7wv78GIrRWBpBiE31l0Mtq8K8gA5fVNK5Qi8c29XsCbnlvRtSfHI1hR3Qthvjhk+LIkjWmSogi69yJoQWJJBbOZ3bBuH9IgsvIokHBvbyKYZYkeCAZuIoK3PZB7esSV6cU3vg8/FILAUg9gXF0E8xqg3LRK7gT1WdY2fvFr3Txq8TMHlPbRJHLyNheeohs8XAVhOW4JA1ws2BQxXlfSh5NiDjLFfYUdWXYt264cNdW0u4L4Z5JFzsObbhHYcCYkxcdoCBJZgEFKPxmQKxJWjVcKZsITSlEGxfNMcbOThUFsHfmC4zd8pGSAexDc1ioOS8XuZHYbA3Axik8J1yQQ5OO0ucibjJk8djI24ul8tNIC7+517aL5y/Z5P0utCO/E5rjDcfeK0UgTmZBCbf5cjz+MH+FZZBnlxRk1sZRzi0j860hpyRHx+iDOhSRwiOXYdP1L73kxFCMzBIKhYsXXwBY/UVx5IISOZ9esNhnYe6fGqLT3QJktxcUlvCLsUuwsRkURBeg7hTVCtrO6UDEJc+b6SHmTc1rFF3CFEAA6Fw+4ipPVJHQ4R3GOA1dSu7dcLjpUkq4Ow+j/AXVaGLm1d9aZiEFxGnmAyG+Lj9JqgGdrU8GYZJI1hv1SiykUlSwrS30wMOzIPGejRekVMyVT/0In79eYnRmAKBrmNpHdKwm4B4e/EEWvMm2wJxSUMN6U4F/qPebAQqnlx5yR8uQ5LOsTPDDycdiACYzMIX008ciNhtUZTNQXZXQR3EbLF0z/jgBCm2cnmJmwo75d0s6RjDJZ4C/x77sF4f8MRGItBMKYRuZcGOHFNQS6Sb/hoz1jT3pp7pCRcQlI7y9TyR9dckE++YAqNqVHr6t+fb4jAGAwCU3DXYJpJfY77BRHCrRUdmwi+VJFRl2aQuDwkukM+SQlFBc6QThUjsCmD2Ny6TPUVkg6cac72mIXbPMwZqRYGYTww77NNnD3/J3LSylMzwefddCGwCYPkMo9sYt/oGmvuOapk7A+ROM7gjhKJXFioXWuic4QIR3t3iadDrWmVwliGMoi1VNNc1x0fU0z/bJKObXB25EapNHR3iv43aZNgLdTe9hZfvJrxbnaqAIEhDJJjDqzVuIIvcb1Z7nwPtDUdr9qWmrtMOJYeYAohY5FV0mlBBPoyCMyBT1X6ZSaMlai7JZgjQseLhEEw0pclXWdBXId0zdELFTVXx6XEUQz3+q7MLEP69DodCPRhkGtJert5EWm+62aoORYhdS2hP5QEfJV3Ip0lCO5HmMGTNI9rHZxmRKCUQXAd+UZmXDUcY0hFal+mGyZXTc8I56hdsTbYddBwwTQQuzRHSuLsnWZAoIRBMHa9WxI5o1Ka2hBYOn3Sh9ocvriX4GayBmKNuCwIjwDcaCBiXbjfZMlj7Rqw7ZxDG4MgbxCFl3PVQCAnGdumToedA+wowPkcy7mlJTRqm86lpD6Mgp8XeYUvGRQR+J11XVlX0raXySDQxCAwB8mjcxfWIPwiBNdAqVvJSZLw5IXmtsfMjQVHXlxWYmIJtIj4foEH+YadRkIgxyA2LDZ2hZMdF27WdHRJNTvcJEX4Ky8PMolVm44EWVXNMNeDJeExHIm7Vb4S7n2sarA7cTBtkXjpfDiyIHOcUtEkLSNzDwiuHKhKiUGHYbaF2PFhFvIW410AoX5nV0Hz6EewgW9CyiDYNhD+YmRcBJkw0jFjOQYO9f+qIQNhf4FgXM7k5NSN17KRBC4SGUnY/RDe1x4Si1yG6j3NWImjJPaVmj5wY70Hk7aTMog1ti1pHS+ZNB7E7CIQCeJw2YixIEQvRq0b+bHYAcm1y93ouRunSvrbaWXwQ2PXjz5ffvQasIKRQXC9JplbSsSTc91ArUSiBF6CswYG4OuI3eCDYcAklft78NXaM/wvxozUOqcpxsWuSrAWeEEct/B45qZfpw4EIoPY4KMlQlXHWCxeAnZCfmLExH0jqqnXqvotwY1dlN02DWjzwK0C5GAQG3i00wVcm483wlBiFC2AbEcXsXYjx6RgB7EpOmvwrdrkLeRaBBuph0YLxt9mYveIygr/aBS+CXxB7PFqDV+VNIsjiRLw19o2iscpMkHe3hyvwCJVZGwbNsXzXSuDAABHR5z8tsGyjKKC+1IQxkmiB3O0BYuRRww1+QnFb8qWFlwzg6x5SYlv59q4ZwUDYZ+5UofEFu7oWIAaDJLmkaLK0GsCCrrzIhsggOvMmyQRqtuXYAZCk91XqydyMIhNfLDThfSeEFRZ/ALBGh4NoX0G+S9JPw92DhjDd4o+6JmyUSA/MbmLHECxITiwGwDbsypHJoy1uPTw+1Ai7SmyxdS5iIeOb8fViwxykCQEt0gsFGlDnUmmXVJCB3CwTP3G+vTITsENXZ+UxK1XTiMjkKp0rbqXmA+YpkZHxZFhmK25ywXfKCIDifEfQjhdcvTyJA5D0OtZJ2WQXApRdOVcVoMx0ak/AtHlhQjMIYQNB5vOp4dU9jqbI5AzCtoM7fSCTIK79Kmbd7nqFmAIkiocWjBLQguQN44LsRtY+mt2Di2Y0vqKNFnNyTFFLiaMT5FwFccFHiIuGq/QP6wPkt4zIk6cLPZpXq6mRlCz4l2byxDTu2OvMD0CbW4lnJFJjYmrQhPBNAjz27S77B4uxCF6r4uODnHjzhBdSFX6vMTvigwaJG8guTJRezbpcjo1BHrS0awtZSby2SHhbvSupSSRAsfU33YV9Of1I1DCIHYW1MGYSARfeoOSLcfZGt+gb9UPwxlGiP8WxyaCsUpupyLbIR8NTzi9wxa6ZLhDGMS2u1/IItJ2BkdWIUMgcg3q5NpUlOwQqGAJUe1Sv8L4xL0zD6eVIzAGg6QQ4UH76pBdows6ks7xkqHCPD5Yf0+XdHJHRb7wHPd2lXRaSKK2T4geRCtEu1iSd0sMnfFKaDIworreO8Snk9hgr4b+SO95jCRiuZEhlk6S14WnP58AgbEZJB3iHpIODwnOJhj6aE2imUPZwBGJmPWfbkHmk9HAW3tDUzJIDjsyH/Jl56vNV5/LYvjqkyCCm2HHIpLc8dJz+xS7SUxlxO/sINhzUCjETCdj9evtrAyB/wIqjjBxIl8huQAAAABJRU5ErkJggg=='),(35,15,70,'data:image/png;base64,iVBORw0KGgoAAAANSUhEUgAAAMgAAAAkCAYAAADM3nVnAAAHKUlEQVR4Xu2dZagtVRiGn2s3YneBCioq2IWtKDYoKraoqNhd2GInBnagYvywu7A7MDBB7O4WUR5YI8MwuWfP3ufsuz443Mudle+s93y55k6ge1kaWANYGZgV+Bq4AvgTeBNYHPgKeCssZafw5wLAZ+HvfwEfhj5TAo91v+w4Q0QAJnQEwoyBFBJjvw7m+B14DrgFuKiD8esOOS9wH7AYcA5wYN2Osd34QKDfBFFDSIrdgXUGCIFEuTSQ5ucBzXsEcEpmrn7jOaCtxGmKEOjnCz0O2CuYUXnzfQrMPYBXofl1APBqB3NNAqwbyOheJk3N8QUwZwdzxiGHiEA/CKLGkBhb5uzjIeBJ4AXgnvB8GWCh4ItMDRwKeLjeAX4AfgP0OfRBEl/Dv+uD2P504CXgX2B2YIOceW27YB9xVTOuBtwETJYzrv7T3tE36iPiY2SotgTRoT44ONrpLekX3AE8A/w0gL1KUn82BQwKXA3s3GJex1KWDxpjlUDOvCE175KfFlPGrmMRgTYEyTOp/I1/HnBbw83OAOwA7AH8AdwdfhurKZr6FB7uOlGueYC/gT2DWfgPsFaYXy1XR64CdqnTMLYZnwj0QpANgaVyHNQkolTncGbROgk4KgfCpwDNNEn3fY8Qa56pVTz8rnslYPIwlqRI+xHpKTThyvCRHEbomhK4x23EbsNAoClBtgYuAGZJLdZcxsnAjS028DqwREV/fZxbS9pMC2wFbAZsUnMtnwPvAo8Gc1CNYvTtyIr++j2Gd6OMOAJ1CaI5peZYLoOHcX/j/23lwuDoV41zPHAlMBuwOrBe+Knqlzx/AHgceBB4IwQEkmfTAL9WDPR88EkG4VfV3VNs1yECVQTRnj8VWCGzhmdD9MioUz/ERJumVN0wqVGuKQom/jgQQD9IzWREq0o0vx6uaDQz8F3VQPH5aCFQRpDzgX0y2zWDrSbpxc8oQ07zyGiYIV9/k1eJBHktrMO1qA0+qupU8NzQraZZkWzeQ9Chx6XEbmMNgSxBPKhLBqc4bU5ZE3UZoKnVVpxTf8NDeXSLwe4CNm7RXyJ+UxK+fQ9YpMX4sesIIJAmiOaUppQmVVq+DXb+yy32a+TIZOJ2LcbI6yphDRo0NX2Mar1SspbpgV/6vNY43DhEIE2Qs0OJRnobJtx0jOvY8el+FvEtGhJoFi42kUOAM0MHQ7QmI48tGeCTUCRomLmOaCJeD2TXZTRubeDLOoPENhMHAglBzHqnzRVL0s2G1zGpNMt2DDkGzbMVG0KnD2CZhpoqT3TcDw8JuelKxpYg1wKaXnliWcoJoZAy/dwymPVb5Fkabjc2H08ISBDrjLyPkUjVQUvaeb/DLLI5B8eoK8cEH6cqwWauwXKRvBqvsrlOCzmKdCBB89FcR1qsEVM7Gj2LEhHIRUCCmBgzL5CIuY37Q65Bs8Ns876BRPOFzPP2oVCwClZzDuY47gSMgNURD61mlXPliRl1Cx/1I7xslSeXA7uFBxIjqa3ynyxfkUR1TbI6a45tRhSBxMSyrKKteHCvAd4Opk5dQjivWsJw6jYli5CsZtJvDrcPdaStmfLwGyLW1EtEn8l6LjVQOmwsMTTXokQEaiGQEKTqLkfZYB5GLytZudtLfuQJYNWSCS4OSbxHgp9gUlFSSCprqixrn6vGbnW+F461UzWQik3+RyAdxTIEu2vGHCmDSrPp9kCM5D55E2h1jMvqmXSetwCMUs0UfJ280vomc6pRjMxFiQjUQqAok67pkkS1lgUss9B0UkuYxdZ8MdLVq6ixikK3HmD9A5OTRsd+rAjzNlmD2qZpyLrJ+LHtiCFQVYvV7+1qGl0HeBcjK5LirFDjVXZ1t+maknoxgwVtMvdN543tRwCBQRKkSGt4gG8IWEqMKlGLWXflFdgi30OH3jyOWs72mmlRIgKNERgEQTYKtwXz8hkeYiNoJgrzxANuhn+q8MWSe0OW/aCC9paHmPTcv6UJ2BjI2GE0EeiaIJLDKFTWpFIDFOU5RFrn3ZBs+qMN3t7zwtYcBa/ijOCA9xIwGM23G3fVGoEuCaLG8Ask1lPVkadDwlIf5YNUB8fxems6z5EezxCzd9mjRAT6jkBXBKmqlk02YkTJ5KIZd/McWXkxJAPzNt60SLHv4MUBRx+BrghiCLeo0FGzyY+6mUMpSixacn9YCfyaaPOP/uuJOxw2Al0RxKSjplIiXkyyJsqvlGguFd3ptujRT3r6ZcQ8MeLlF04sh4/3NYZ9eiaC+bsiiNBZtWu17yWhFKXOZ3v0Q7xclSfnVmidieB1xS0OGoEuCdJkL5JCrZEXCn4f8BJV04/RNZk/to0I5CIwFggiKSwvyX6swTJ7I1R1kofx9UYEOkFg2AQpinYZ3Voz1k118s7joA0QGDZBLAPJXtE1srUt4FcPo0QEhorAsAlyYqaAMP4vTUM9DnHyLAL/AVGEPTSMBEboAAAAAElFTkSuQmCC'),(35,15,71,'vp'),(35,15,72,'10/01/2019'),(35,15,73,'john'),(35,16,74,'john'),(35,16,75,'data:image/png;base64,iVBORw0KGgoAAAANSUhEUgAAAMgAAAAmCAYAAACBFtRsAAAFPUlEQVR4Xu2dWehvUxTHP/fBA1II4cmDoZASEcpUpkgUMj2YirqJeymhDGX2QImQQsbIg5nI9GDIVIriBXkxk/lF+Gif2rZz7u/8zv93zv39fmftut17z1l7WN+zv+2919pr/VbRb9kHuBHYCvgFWAu80m+X0XogMDsEVs2uqf+0dCBwHbB3TftPAkf31G80GwjMFIE+CHIFcPmEUb4IHDJTTaKxQKAHBGZNkOOBR1qO80pAMkUJBOYWgVkSZEPgtxpNPXPsAmxZvIut1txOixhYhYAEORE4G3gVcNK+2xGej4Eds7rfA7dkq4RnkouKtjcDfuzYX1QLBHpHQIJ8B2xe9PQt8AGwBXBeC8vTdsCnRRunA/dkz3YGPixk9gXe6F3L6CAQ6IiABHmzwdqUN/lsWg38u65otXo5e/EUcArwU/aslPHV3cAZHcce1QKB3hGoziBHJJIcl84LTR3flHwZ5fty8jcdwH8FNsoqu8K40kQJBOYSgbpD+gHA08DGDSN+FDih5t1f2bMmM+59wKmZnOedPecSmRhUIAA0WbH0gF8FHLwOlE4D7s3el/6PQ4EXivqljBaug+JLBALzisAkM69+DZ1+mmmbyn7A60C5zXoMcMuWl5IgHtp3nVdwYlyBwCSCiJAWKu9QnTsBLgnxRzqcV6JuxdySVeXrwh9yZzIxx5cIBOYSgTYEqQaumdYJfyyw2xTa5Af2/JxiE+FNnwLIEB0egWkIko9uf+C2CVuvXN5V5HrgnULFnYBPhlc7egwE2iHQlSBV6xsA5wM3tOvuf1Ir7b9jt1EtEGiHwCwnqNaol9p1+6/UM8CRU8iHaCAwOAKzJEg1eP0nWqsubKmNfpfXWsqGWCAwKAJ9ECRXYPt0/X33FlrdDFwC/N5CNkQCgUEQ6JsglRLe09JP0qZcClzTRjBkAoG+ERiCIHWXFCfp9RXgiuJlRv8dJRBYLwgMQZDbG5yBbxW3iN1aGXRVFi84ngPcv14Qik5HjcAQBJEIe2Uo/5CurxhMpfPxLGBN9v494BvgsJov46riFqwucnHUHzKU7weBIQjiVXpNulXRwbi6UOck4AJgj+z51cCXKQ6l1N44Ew0AEilKINAbAkMQxME78b3m/ngK6f25QSMTPnhBMi/W+yKFBNdVk1wP94ZQNDxqBIYiyDQgHwPcCmybVTJQ6wngfeD5hghI4927evSnGV/IjgiBeSSI8Hs20dlYriYe1u8ATPZwWbrmUn4un0soMzlGCQRWhMC8EqRSqi4JndGOBmp5AdK7YJ5drq1BwZSn1o8D/YqmyLgrzztB/DpHJRKUjsbyqrxnkQcbiOKW7fNxf+rQvgsCi0AQ9domedcN882Lse8GXT0HVAd/oxjzIC3ljUNxRTErSyTP7jJTRlpnUQji59k0nTlOBnYovpdnjruAj9Jz9XLFubjIASxxzN/lFq2SHemnD7XbILBIBMn1qcsBbCZHLV1lGiF/ekGiGLeSl0gY0WaGjFxmUQmyCXB4snKVli4nvtuuh2q+7ZnJH2OcvX8snyVZr7LEqjJyQpTqLypBcj08l2jF2rpQzu2UXvumM0fdDeMHktPRzJBRAoHGvFiLBo1+E82/1apQjd97X052Ix1dKUqy6Iw0W4sJvPO6yul0bEq1umj4xHg7IrAMK0i5mhjJ2JTHywz0WrP+TGSRNFUxl7AXJ3Nz8rLh03GajLfaMk4AJ7jJ7toEaEmQt9Pn9/dL/L+ZVswsaVlGfMY72ztovswTwN9BNDJxXVkhJ0G2zPhM0j3e/4PA3zP8vCf0F2jEAAAAAElFTkSuQmCC'),(35,16,84,'data:image/png;base64,iVBORw0KGgoAAAANSUhEUgAAAMgAAACBCAYAAACFD/U6AAANvklEQVR4Xu2de9B+1RTHP4mSlApRGInUJNRohjAuaSZdKAqFjOSWy7hEKcZlEgmViCTKZSQ0SKmZxmXcjWqMVFKqUZRLEQmN23zN2TPLnvM8zznv8zz77Pc93/XX73eefc5e+7vX9923tddahzrl7cBJwC11qmetxoLAOhU29GZgM+BGYMsK9bNKI0KgNoI8FLgy4F+bfiMyDTdVCNRmgIcAp5kgNs5aEKiNID8Gdm7A+TuwQS1AWY9xIlAbQf4TuuFy4GHj7Ba3uhYEaiKIdPl3AOYCYI9agLIe40SgJoI8BLgqdMOhwCnj7Ba3uhYEaiLIMcBRAZgzgINrAcp6jBOBmgjyG2CL0A3nAk8bZ7e41bUgUBNB4gJd+PwKeGAtQFmPcSIwNEGeBHyrgT4nyMVhy3ecveNWD47AUAQRMU4Gtge0nfss4LIWNIbSb/COsQJ1IDCUAX4TEEmSXA88oAUSPbuhDqisxRgRGIIgub/VNNz3Ac4ZY8e4zXUgMARB5Mr+tinN/ynwiOZ3b/XWYSej1WIIgvxshgvJ4cBxTY9oAf/k0faOGz44AqUJIt8qEWSa3A84sVm4eydrcBMZtwKlCfJx4EUzIL8T8Frg+KZcaR3HbRFu/f8hUNr4bu/gwi6d9gW+1Gi6J3C++80IDIFAaYLkh4FtbZZOWwHXNj/KH0uLdYsRKI5AbQSRP5bWIJLrGlcT3TB8SXFkXKERKHzlVo6IIsAs0a6Vdq80gmgk0c3CuwP/mvWifzcCi0ag5AiyFyAP3VnyMuBUIE7Htg5Trlnv+3cjsDAEShLkhGZ3apbynwZeAPwR2KQprNN0napbjEBRBEoS5JeARoIo/wDWz57d0TzLF/QldS3aCa6sXgRKGl2XHayE1DuARwF7B+hK6lpvj1mzogiUNLo+BLkGOB04OqDxzHA2UhQkVzZeBIYkyG3N7lRC/9dhi1fPFGFx29A1OmTccLxd5ZYPgcCQBDkb2C80Wv5XcjGZJiX1HaI/XGdlCJQyuI2BW7O2vyuLYiIfrP2Bz0/BqJS+lXWT1RkKgVIGpwX3RVkjzwKe07IIvwLYbgIgumwVY2cNhZvrHQkCpQiiBbamVF2mT9q5+uqEgiLVASPpGzezAgRKEeSjwEs7EkSHg7qzvuOE8qV0rqB7rMLQCJQytmnTJmHwSeCFAYxptw5L6Tx037j+ChAoZWyzzkB2yML+5FFPIlSldK6ge6zC0AiUMracIIrirl2rJHcF5HaSxAQZ2jJc//8QGIogyj8Y4/DmemirV8Hk2qSUzjYRIzAYQTSiREPPjV7rEbmamCA20kERKPXXeNoaRNOtdTMUdgMuNEEGtQ1XPuAUK4Kv6CWHtfTGJFKVIrUNxAgMNsWK0CuK4qVZX9wb+J1HEFvo0AiU+ms8bYql3ay23+WaIheVXErpPHTfuP4KEChlbNMIMkkHT7EqMJCxq1AzQb4LPM4jyNhNdNj2D02QaameJ/lvldJ52J5x7VUgUMrYJk2X5O4+6f5Hm4u8QCulcxUdZCWGRaCUsU0iyD2AP0+BoM1psZTOw/aMa68CgRLGpqiIf1nhlq0S7SjhTpQSOlfROVZieARKGNuWgAIytMms+pXHUI6LJsjwtjJKDWYZ6CJA2Qm4pOVD52Vxr9rq2qhJ4qk77UlK6LyIdvsbawCBEsa2C/D9FqyeC5zZAUPtdO1ugnRAykUWjkAJgjwd+EoTpV33PpJobfLXji1SvN6dAZHldR3fcTEjMDcCJQjyPOAzzY1B5ShsmyqtBzy2yZ1+X+BzTQqEuRvoDxiBeRAoQZAjAcXA+i1wnxaC6GLUOwGF9MlF734RuHqeRvpdI7BSBEoQ5EPAKzMFP9BEUWzbpWpri4JZ59u9K22z3zMCnREoQRBlhor3z6XcY4AfNafok67Wxkbc0BBEWXItRqAYAiUIolP0mwCtLZJosa7pkw4C+8g2nm71gctl50Vg2QTRmkPkULaoTYOyqvdw4D3hmUYUjSxJNKXKCfRZQIt+ixEogsCyCfLEZjdKtwM3b1qkpJwbNP9WigMtzpW0U8k7c3kV8MHwMGbBLQKQKxk3AssmyMeAF2cQy3Vk1/BMC3URZJI4Fdu4bXTQ1i+bIPLUlbtIlOOAIzq2Ot/lOh/Ys+O7LmYE5kZg2QRpc3NPaZ67KJ+vQ7zd2wU1l1kYAsskyGbAzS2a6qbgyzu24FPAQaHswcAZHd91MSMwNwLLJIhynStqey6nAId21Pw04JBQ9sDGDaXj6y5mBOZDYJkEuRbYqsVJUVdsY2apaS3QIWK8kqudrmkL+vnQ8NtGIENgmQSZdM1Wru9t0UraOkdJdzQlS9Jn/eLONgJzI7Asgsg7N6YziIpOOvPoQhCtP7QOsRiBIggsiyD7AF+e0ALdAdFdkC6S72L1IVeX77uMEZiKwLII8kPg0VNq7lqvCWIDHhSBrobaV8lpoUZvazk8nPT9PE/Ih1tc5/vq5vJGoDMCQxBEynWt1weFnbvSBZeBQFdD7VP3/YHrZ7zQtV5FPomuJT4o7NMTLjs3Al0NtU9FOvnWCXiUNnf3Lt/UQl8L/iQPAq7r8qLLGIFFILAMgugO+X6ZctryXT8861rvz4Ftm/f+ACixjsUIFEOgq6H2Uagtnm7+fpd6nw8o3E8S3UA8to8iLmsE5kWgi6H2rWPaDlb6Vpd681zpdjPp2xMuPzcCXQy1TyV3Ae7IXngzcEz2rEu9kWgnOmBcn25w2UUh0MVQ+9Ql50Q5KUa5M/DP8KDLOchbgKPDO4qqeHEfRVzWCCwCgUUTZC/g3JbRIo4G52Q7U23t0MWotzY/6B761lN8uxaBg79hBFoRWDRB8pPvdPcjEkSB5F49oz9OBl7RlDkb2N/9ZwSGQGDRBMm3eLUm0fQqEkTBp7WmmCZxgf4F4NlDgOM6jcCiCTIpAkl8rmnY12ZAr4Q7Srwj8R0Q2+lgCCySIDoIVMyrJDH/RySI4mBd1WME8fbuYObhihdJkNcD7w+Qxm9HgtwTuGUG9BcBynIr0fRK0yyLESiOwCIJEkkQ750rDu/fQsu6JM6J3/IIUtwsXGFCYFEEyadXhwHHN5Vs3yTP6VpnzI8ux0Q5KFqMwCAILIogbwQUMTGJvHCf0fwnno0oTta9ZrQ0BmowQQYxC1fa9a95V6Rk+AoUlyTG343hQy8HYhq2tu8rn6HyGkocSbFrD7jcUhBYxAiSrzFyw9ZUKyXenDUiPDjk/5hVdimA+KNGICKwCILE4G7yw9KaId4djztSylMYE+nkvREjKcr3Sj5YFiMwGAKLIMglwE5NC/RXXw6LMX5V3JGaNSqkaIz63AHAWYMh44qNQI/gCZPAUu5B5SCUKCD1mxqCpPhVcUdKZb4HPH7Cx1KyHf1s9xKbZxUIzDuCxAAN6wJfb3KdJ4L0iWsVr9cqZ/oPqkDISowagXkJ8j5AZx7JATFNpxJB8luBk3alIpG8czVqk6yr8fMQJO5eJf+qtIZIa5C4QFfLlcrgExkEcZHvqVVd9jF6beYhyO7ABU0W2y0aJCNBdOfj22EBryJ52J59mySdmqpJ7Hc1epOsC4B5CHIpsEOzOE8pCpTaYJdmF0sXozSCJFFsrHiYKBeU7zTPfg+8BjizLniszdgRWClBNmlynwu/dClK/74V2LhJcqPsUqcHgGX8coGX7NHsVG3YBILTaJNf1R1737j9FSCwUoLIoE8CrgF0+p0kEkR3Q54afksXn3ZriJOmVQ4nWoEhWIV2BFZKkLRbpXvjHwmfTrtW2olSyNAdw29yW5doVNFhosTR2m2ZVSOwEoI8EvhJ06oNsluEadfqVEBeuVFEGDkiJlEZjSoWI1AtAishSPK2vTHcG1cDFUNXh30SrSf2zlqtW4RpkX4CoBuIFiNQNQJ9CaLT8hQE7inAN0Lrolv7ZVPc2j1yVG0SVi4i0JcgWlCng7783UgQBWXYpgVqn3PY/lYVAn0JkhbnbdERI0HaQPDd8lVlGlZWCPQhyOaA7nNI9G8d7kWJl51ydNvKuweMQPUI9CFIzPY06T2tPXRCHiU/K6keFCtoBBICfQiSpleTDvbkdKgLTvk3FSvrDYbcCKxGBLoSRJeh0oGg0hmkS1KpzSKH8hLKwzcXuZXIqdFiBFYdAl0JkkaPm4DkuZsaG6/c5gDMumK76gCzwuNCoAtBtgOuaGCJYUN1in57Bpf+f7fw7L3A4eOC1K1dSwh0IYiu0e4K/AnYtGm8zjh+0QKEPHYPDM/lXqItYYsRWJUIzCJIvDWY1hLRFys2WgEcNBU7r9nJejegU3OLEVi1CMwiyFEhAafKHtQsxvMGy3VdOT0sRmBNITCLIGlxruu1DwcUpCEXOSDqtqDFCKw5BKYRJLqOaF3Rdh32Cc212TUHjBtkBITANIKkgNQaNdoO+uSuLrd1ixFYswhMIojC+Fw5pdU+HV+zJuGGRQQmEeTq7K55fOeILBeIETUCaxaBNoJsBGh6pWgluaS852sWEDfMCMwaQRSAWmcYuXhaZdsZHQL5CKJo7Ar+tl6GhIK6KcyPxQiMCoGcIBcCilsV5Ujg2FGh4sYagQaBSBClbpbbehJFLVHkdocDtbmMFoFEEO1MxVFC6Qt0MUru6hYjMFoERJA8h4fJMVpzcMNzBESQ2wAFkZakxDdGyggYgcbVRCkIlDfQ5LBJGIEMgf8ChbD3kfWeWyIAAAAASUVORK5CYII='),(40,19,81,'data:image/png;base64,iVBORw0KGgoAAAANSUhEUgAAAMgAAAA6CAYAAAD1AhaMAAAHSklEQVR4Xu2dZ8gdRRSGnyjG/kMl2I2CGjtYwAoqsYBdUTGKHRQjGBXBQkD9oeAPW8SKHRuJvYKKDQvGgoiKitgL2LEnapTXzJrJfHv37s7d3W/vnXPg/klmp7xn3m/mzJxzZgKjKxsBvwNLAksDqwH/ALu4IU8G5gMTgdWBlYBXgeU8SH4ALga+GF2YbGRFCEzoMDxbAisAqwB7AjsBvwHLAFtE9Ps9YErEdyLZ0cCciG/tkyFHYDwJIgLsDpwJrNwgjp8Bc4GHgY+Bz92q8Q2wjltlDgG2cv+3NrCit9JkXTvUSNKgljpadRsE2RRYCzgD2K1hHP4G7gbucWR4DVgQ2eYFwKnBlutY4ObI+uyzIUSgboJoVZgKnB9MrKaguQ24ydkOPzXQiOyV6YBWGMnrwA7AvAbasio7iMCgBDkYmOHsgyaHpwk5E7gBkOHcpogcs70GpwF3tdkBa2v8EIglyLrAucAxNXf9cuB24JWa6x2kOp1wfelV8Ayw6yAV2rfDg0AMQc4Djnd2RexIH3B/hR90J1Ox9bT1nY6HfYnBra2+Wjs1IlBF0ds7UlwJTCrZBx2tzgJuAX4t+U0Xi10LnOB1rApuXRyP9akkAv0UvTWg3ymATqPyRNuPP4GXgPuBx4AmDOaSQ2qkmMghkmTSD7dGOmGVto9AL0XLtjgI2LegS7pHuArQlmvU5QDgPiPIqKt57PjyCHIrcASwRAEculXOfimgpuPep40gKah68TH6BNEkOMu5dfRC4hdApzjacnyVEFx7u5t422IlpHQNNSPIWwU2RgaJbpB1k5yinA1caCtIeqoXQWRD6E7Dl2/dbbEu6OTN+qhz3UgPoYUj1mnchkaQ9NTvryAavYxu2RYywE0WIWD3IInOBjuu7K/48CZd/l9H9v/MSowCAkaQ/loMfbF0kHFR/8+sxCggYATpr8XQRpMflk7yTBJAwAjSX8kKw5U3QSZrJHbE3R+hES5hBClW7ibA214ROVfuP8LzwYYWIGAEKZ4S4fZKHgZ32CxKBwEjSLGu/e2Vwne3SWdq2EiFgBGk9zy4EzjM+2+LR0+QM0aQfKXraFdhtZnDZspuNgnSYtGQjSBj1a+LQYX+ZokavgM2t5OrNHliBBmrd2VJyWLt5XJzOqDbc5MEETCCLK70S10urOxflb4ohYCwBKd+uSEbQRbhFLqUPATsVw5GKzWqCBhBFmp2H0CEyORlYLtRVbqNqzwCRpCx8TBPAsrcogQUJokjkDpBfINcU0HJrQ8E3kh8XtjwHQLDThBleNSJk/7iVwnyCnPuCg75XClZtVYQE0PgPwSGiSAig36a3Lqr2MvL7qjJvVlJneqphWu8ew59pihKHefqaQQTQ+B/BLpOEB2xLg8oq+OOBXore9OtB3nkbOjn+7J3P4wQPRHoGkG0MpwI7AxsAKzZo+efAs8DLwDvVAhg+sitQqr2A+drJSdEE0MgF4EuEESvTCmtqbY4et0pT2RfKLOhcnEpmu9N4PuKOvVTG8kYX6/i91Y8QQTGgyAKQtK2RqtE9qBmCL0S1MnV/FlHiEFDXF902zS1Y27rCU702CG3RZCMFHpwp1cSbI1BxraeUKt6KtVr/DLIH/dCZpVgWy9EmRgCpRBomiAyrvWWiH5FIp+ny4AfS/W6fCE5GSoKUKKTKtk3bb9QVb63VrJzCDRFECU5UP5e/02NcPDaNulJtaY8Zf1LQLUlkn7YOQ1YhzqNQN0EkcNf9ssbuE6O9MRa0x6y/spR5Y6k08qyzrWPQF0EORy4BFi1xxD0qI7+omub07SoH6d5jSiO3I5ym0Z9ROsflCBaCfQ0QK9kBtraXAcovrsNCV3WZZDLMDcxBKIQGIQg4WT0OyDbQqdR8mv6K6pn1T5S5nU9kZYdG8tl5KTgTY9qNVppQ2BAX6ww47kAnQvc23LuWp1S6f2O7PjYnmm2qV0bArEriNw7Ng560XZ46kRn8OtuJRM933BybehYRckjEEOQ8MVXgdimw59S8UwHrvC0JxcUxXHInWSYn5tOfkJ2DYAYgoTpON8HprQ0MG2nwnsTHRsfB8xvqQ/WTEIIxBBEr736PlRNb62WBWYC5+ToZQ/giYT0ZUNtGYEYgswOgo3kvqGj3LplkjsenppTsVYRbbN+rrtRq88Q8BGIIYhCXHXpl4nIIZLUIbpovNrZE73qU5mv62jM6jAE+iEQQxDVWeejlooYlA0xq6CzWikUYqsgKRNDoDUEYgkS2iExmc/l6XuUC3/NixyUY+EM4JEcQrYGkDWUNgKxBNGzAL77iGIuru/ja5UZ9tNcfIb/rFmmBbmFKP2nbuHzLiLT1paNvnUEYgmijoariP5Nt9gijt7xm+wSLmhrpJBZZSQJ5UZgHiDD/zlgQesIWIOGQAECgxBkW3cnsX5FhN8FnnKrzaChtBWbtuKGQDUEBiGIWlIorVw7dOSaJ0qOsJS7q/jEbZ0UE/JHtW5aaUNgfBD4F9V0EUrHHavTAAAAAElFTkSuQmCC'),(40,19,83,'sai'),(41,16,74,'Mathew'),(41,16,75,'data:image/png;base64,iVBORw0KGgoAAAANSUhEUgAAAMgAAABlCAYAAAAI2qyuAAAMxklEQVR4Xu2dCdC21RjHf5FkUkQqZctSxpa9qUbRIMRYIlIzNIMIWSZTYsYyGco0VLYYYkR2M0JNMbaRYUIkrZZQRNn6orLOrzl3jnvu533u5/nu9zn3cl0zz3zv+73nPvc5/3P+zznXOdeyCcvJwwA/yo3APdLPG4CtgPOBLYDNsjLXA1cDd0nlr8z+5o9XAecBv12uSfFUINA9Apu0rFICvAzYGXhKy2eWLfYH4E7A14HTgO+nz7L1xXOBwNIIzCOIxHgD8Pyl39DdgxVhzgJ+2V21UVMgMBuBtQjyaOBrKwTvn8CmLd5nuc8Dt03bsssTYWKL1gK8KLIYArMIon5x7hpV/Rn4FvAD4O6ZDuK3+20yHcQq/LZ3JfoesAOwNeA26tpU/zXpXyf+dsBuwLbA3mlL5zOLSLW6XAecDVwIvH+RCqJsIFAhMIsgv07KdI6USrUEOCEp06tC8X7AAYkwEmufREBXuLbyaeCDwHeAv7Z9KMoFAk0E+ThwYA2aNwFv7BlcEsRDg92BZ6bt2eZz2vgO4NU960c0p8cI1AmiMn5Krb1OKCdW38WTr/un7ZzHy4en3+vtVlfZvu+difb1A4GcIFsCnwCelDXNLcke/WjqUq1QlzoSeFbt6UuAXZaqMR6aFAI5QeqnVpcBe43k4s7tocfVufRx2zipyTeEzuYEeRFwctboI4Djh9CJFm10dbwAuGut7Lx7oBZVR5ExI5BPkLpy7hbErciYxKNl708qeUy6sR9TH6MvHSKQE+Q/E/h2/Rlwz6yfxwJHdYhnVDUyBCqC3AtQ56jkpzNOgIbe/foq6YqicWVIINCIQEWQpyXzjarQ0cBbR4jZE4Ev1/oV26wRDnRXXaoIUr//ePiILWgvTheMFYaaoRzaFaBRz7gQqAhSPwYd8+lO05GvPipXjGtoozddIFARweNdj3kVjf126qLyntaxI/CbWts+03CZ2NPmR7NWiUBFkHcDh6UXe1/wgFU2osC7dMR6TvbeG4B5dlwFmhmvLI1ARZBPZd+gY19BxPyVDfZl6iFhFl96Rvbs/RVBfpH5dPwY2LVn7ey6ORozXgrcLatYk3jN6kMCgZsRqAiin8U26X91hNIGa+xyIvDyWic11Dxj7B2P/rVHQILo7ecKUsmHgUPaVzHYkvsCZ9Za/xXgcYPtUTS8cwSmTBDBPB14cobq31K4os6BjgqHiYAEqd8LGD3E2+UpyDHA62odPRj42BQ6H32cj4AE8XjXY95KpnSzfMfkX+9FYSWxzZo/byZTQoI8GPhh1uMpHPPmA6wjVd3ffr8Gm63JTIro6P8QqE6xpmDqPmvcm27Wp3JQEVyYg0BFEEPh6HVXyRidpdaCIr8otdw/srjCMYkmjEBFkLqfhBFBTpoQLk0362EGP6EJMKurs6x5hx7NZJmhza0JfF57recuU1E8Mx4EKoI0xeH1Nt1b9amIcYjzaI1TOu6eyhgv3M+KIOofnv3nqQ1+leLuLlzpQB+oO42ZdkHHsZAJI5A7Rh0EnFrDYkqxo+phj4RCv5hItRAEuRkBTS2Mzl6JjkX1WFJjhatpmxmK+lhHu2W/6q61zwA+W3t2KlsNo8jrLJaLsX6N8BIyUQSafM/PSRHTc0j+BLwE+OSIcWpaQaa0xRzx0C7ftVnBGX6f8gTWa3bCaLel/8jYpG72HzrI2EZ4if7MIojRB982I5CBSqtm4l4mjkmatlh6VuphGTJRBOaF9/kR8KAZ2JjWWUtgnY7GkLo5lPSJkmCtbs8jyJ1TULV66oC8ThXbjwKaiavQD1ViizXUkVvHds8jSPXqe6fVwtRsa2VnUjd5D6A17NDuD2IFWceJNtSq2xIk798XAPfrBryeJVcDXwSMFFKPhdtXrIIgfR2Zgu1ahiBVc51Qfkyg6X3BWqKXogaQ2jf1dWVxddSqOReNFTVaDJkoAhtDkBwyb5wfCxgpxLyAs8Sb+n8Dhvq8MSn3kkY9pvTR8e0BDRb1sFTOS7755oQPmSgCXREkh89VxaSZfsw820Y2ABem7VhJ/aVqu212eyh5QyaMwHoQJIfTQGxPBcw/sm1LnNVfJMnn0ras5WNRLBDoHoH1JkjeYo+M9wbum8zo3WI9fc4q4zf4R3quu3Q/KlFjbxBYJUFmddo9/+PTqViVgqFe9rqku1wDnJX8xb3h1trYI2jl1sCV6WfJ572Gp20aGz4E+GP62+WJoP67J3A+8MgU3d0wQNZ5y/TccSNMZNqbyTeEhvSBIDlO+wCvAZ7QI/BcxR4BbBopEno0KitqSt8IUnXbOxath/fPos6vCJI1X9NXvPqAzSjbMIQBV3fRHdZtWO4zvqoBcQVxG3irWo71Vb0/3lMQgSEQpA6P9yzqIm57FPULM2LpV+8lZKVjqINUv4cOUnCSDfnVQyTIkPGOtg8MgSDIwAYsmrtaBIIgq8U73jYwBIZGkEpJvxYwbldp+62BDXc0d1EEShJEw0BlrWQ9R6bLPF2A9WCsG0KqhFfWwXo/GoTbi78tsuDTXhp+KZHJ0zCVd2/0tRP7VzKUFAeV+/f12Np40bGN8h0gUIogeVarpsgh2m4dnZ1UddDVVlV4E/+BhnwhrR6OQuNDoBRBRLLKSfKT9I2uKchuKX/57oWhjpzphQegL68vSZCTgcr2ylWkjeNVl7jpP//zZNaS50bxHcYBM4hemLt3ifgA6ypJkJcC70qYqWzXfUe+nVYZHZluSJO5KvONLLC2OoWiEaNhU2fpIJbxec3u84lvfkJXLPUTzfMrOQI4foBjGk3uEIGSBKlHEfFkym91HZW+ClzcYT/bVFUPXm17tmrzYJQZLwIlCeJJUv5Nrjuuvu2lfNYjaMN45/nSPStJkHp+djtROhZuPcvUq4B3Lo1uPDh4BEoSxDuNc2sIHpLcbUsBe2nmgGUbSrenFA7x3oRASYLYhHr6acMDecRaQt4OqJjnEvlBSoxEj97ZN4KU3GL9pUEpL41Pj6bKNJtScgJ45GqahVxKEMRjXvOk1y8njd1l6KKQCSNQkiDCrg6S21eV2GLVs9vaLh2ydkz3LxOeHtH10gSp6yCrTL3sKdoLgR0apkHoHsGNmxAoSZBtGszVV2UD9U3gUTPmgKmwDbwdEggUJYjw11eQ9f7mrkKiztItDkg3+TE1AoHiK0gTQQxTanqFrmU74M2ZcWS9/u8CJ0Qk965hH359JbdYTQTpuj2eUJlr8aAZQ6Uz1QtShqzhj2b0oHMEup6QizTQY15vrm+XHvLk6D7J1HyReprKGvNXHUNTkVmiUaRbqpBAYCYCJQlio3SS2jq1Th+MO2zEWD0beEUK8qbZ+1rifYv+KGNIProRkMWj8xAoTZC6kr5oeySUjlZuk6pAcrP67HbqQymk6Txc4u+BwE0ILDohu4Ytt57VzH2nli/QNP1gwBRp81aLKl+ihochgcBCCAyBIB7JmoZaT8BbpNRtxuudJ+o03mfoKRgSCCyFQGmCtNli6Y7rpeKyYh4R6zgz5XI392BIINAKgb4TpMnLr1XH1ihkUs6z04WgJ1khgcBMBEoTpI0OctUC+Q0XHWoDPGjmfmrmA19lpYqIJouiOcLypQniMev2CdffAU26hcEd3puMCt0eOaE9HnYi68N+GeCzVb5D87FvNicddZuhvCLlJDGFW8hEEShNECf8rgl7Q4dWOcq7GA4JpGK/cwoxag4R618kCY+rV0XgLtoUdQwMgdIEOSU7ZTL186qOYn3PUYk884ZsvQ0o570//l4QgakSpIJ8L8DA2G7JDkz/WV9hSng5FpwS8eocgdIEyb35VuksNWsWNJ2aBUEmzJnSBCm1xWoa8hcDx0bghgmzoaHrpQli/N09UrvOSblAVj1C+sT7OaYhPrCm8q9ddYPiff1BoDRBvIfwdEkxDcIDVwSN5id+JKfpnZvkEmCXFbUnXtNTBEoTRFJ4l6Gs4hTLANWuCFVE+FnD4l2LXohGlQ+ZMAKlCeIFnxNxPQmiSfzhC+QfuQB4S7jfTpgVWddLEyQ3Vuz6FMuLQkP7GKVk8xbD7Zbq9YC6kLfoIYFAr/xButhiSQrdaJ/XYhvl8Fd5SEyUY7apkEDg/xAovYJUKRB0ljoMOGPB8dGvfb+kx+y/gMOV7zkuUqwtiPYEi5ckiBFHFLdZbbY0HsWa5NPPnsm+SjurtiIJT0phhTRwDAkE5iJQiiDu8/Ng0U5eT4wkiy6ybn0emmylzFH495ZbpnqHTet8WvJFD6vcudMhCtQRKEGQfZN333qNhmTTe9BEn34icsl6IT2BeksQRB9z0w10KaenbZoREl0x4v6iS3QnXFcJggh3U8qBtsOgj/lFwIYUEdHLRrdlIYFA5wj8F9oyD4Qi0lkvAAAAAElFTkSuQmCC'),(41,16,84,'data:image/png;base64,iVBORw0KGgoAAAANSUhEUgAAAMgAAABFCAYAAAAPdqmYAAAIf0lEQVR4Xu2dZ8gdRRSGH3sXY/uhRmwQe0kEG1YEe0fBgKjEQsSCCpYfYvljxYoFu2Ihir2DYsOGUbBrUBRF/aGxx4aNV+fCMm7uztk7d7+9d8+BjyRfZs6ceXfenbLnnFmA4ckU4DdgLvDj8JpxzY7A8BBYoKbqNYAVgC2AlQMRpEp/XxKYFn70u0+AC4Grarbl1RyBCUOgH0FEAsk5wDrAJGBxoPd7i9H3A/tZKnhZR6ANCPQI8nYwRjPASsBrhRkgh52XAifmUOQ6HIEmERBBzgLOHFKj1wJzAuGeGVIbrtYRGBoC85tBrA2+CfwKXBRmoHeBd4CvrIq8vCPQJgTmtwfRMmv1sAk/AFgeWARYFVgudOAB4EbgB8BnhzY9VbclGwLWUywtxbQkk+jPs7NZ4oocgRYiYCXI7MLmXRv5zVvYJzfJEciGgIUgOt79EFgotP5nOP7Vdw4XR2AsEbAQpOy0S0us3pJrLAHyTnUbAQtBDgNuiuA6HLi52xB678cZASfIOD9d79vACFgIUrbE2tGPeAd+Bq6gxQhYCHI8cFnUl+2B51rcPzfNERgIAQtBzgVOi1rzTfpA8HvltiNgIYhc2PUdpCjD2KTvABwK7AHMA54GJgN/AS8BjwMvtx1Yt288ELAQRD3+O+q2XEy0D8khOiW7pODK0k/n+8BM3//kgN119EPAShC9zfWGL4pVR5k9Oj4WQawyHbjTWsnLOwKpCFgH9zHAlZHyDYPnbmqbcbnzgFNrVtYSbAYwq2Z9r+YI9EXAShDNHppFijLIUe/6YT+xTKRT+43XAQVyybVlagjnlZdxLFrmKVrxO3/WjkBuBKwEkT/Wx5ERihRUxGAdeQrYqaSivIYV6huLCHpfyT5FBFFYr4sjkBUBK0HKZpC6R70i23shzt0yI51RQp6chwVZAXZlo42AlSCrAZ9FXa571Fv2ZT5loC8NnA9oP1QULb++Hu3H4da3DQErQfYCHow6cUpI62Pt2+fAKoVK34fllvYeVVI2k1n7UtWG/78jgHVQlb31dQp1uhHLXcIHv2K1KwC5s6TIbsCjUUFrX1La8TIdR8A6qHK5vGtDvU+E/a7AE4nPo+ywYM2QpC5RhRdzBKoRsBIkR9DUgcAdwMIF8xSVqAGeKrmPm1Pb9XIdQ6BpgihV6cmASFIU+Vdp2ZQqRwDXRYWPBK5PVeDlHIEUBKwEKXN5PwG4PKExvfU1qJXGtCiWzXmvXtkMsh3wfIIdXsQRSEbASpAyl/fUTfoLwNYllh0E3J1s8X8FjyshpTKsKNOKiyOQDQErQepu0hctZIAvGi9yaHlluR5BbinazG9VUOQpiLINCVdURKApgpQtiW6p6cGr/ctd0WNM+cDoT94RMCNgJUjdUyydWh0cWWdtW9XlOfxsSIVaVOe+WOZH7xVSELAO0rKZIGXtL6/cDQoGKev70SkGRmUeAXaPfvdkOBVzb94agHqV/ghYCbJucDAsal0PUIRfP4kjEZX9vUiYqud0VJiB4mCtbwPRrJv8qvb8/x2BfxGwEqTuBzoti3QMW5TUOJJ49unp0IwhT+K6rvY+BByBSgSsBKnr4nFxyQ1TeuvrFKufxHuebwDFkNwajnS/rOyhF3AEBkCgKYIsBsh7Vxd/FuWPEAmokNuH5nPhTu96OO1Z3gB+GqC/mgH18wHwmEchDoBkR6paCVJ3iSU4y45nY5g1Q8hH66NABhFKS7Ffwg1Wyigvv63NgN8TfrcpIJ0/hxOwYnvSqQuAju3Is/Zu1kDASpC6S6yeaWVLrRpmZ61ixSBr466s3QhYB8fa4Y6QYq/kW6U3fqroe4iWVJukVhhyOSsGQzbH1bcJgTqD497CnedKoLB/zQ4pyEoJG3auWT9XtToY5Grb9bQcgdTBsXc4hdLJk37WCv16JUP/NCttDKgNpQHSRaE6wl0KmBviRLT30C26g+xBFK+u4+ZtIlKmYpChq65i1BBIGRz7hlQ7vb4NkuanDfjIj6sYj5KCQRvsdhsmAIGUwaFvDocUbJsDTJkAW3M0OSkc8RYT0KVgkKNt1zGCCKQMjmEmrJ4IyOL+pGAwEXZ6my1AoGpwlB3r1s2D1YLusmLJx8gqDNpgt9swQQhUDY4ygtSJAJyg7v2vWc+n1ZYnMSJ2VBFkkC/nbYSgjPBVGLSxH25TQwhUDQ75P10T2ZLi3t6Q+eZmfAYxQ9btClUEGbebbZ0g3R7v5t53jSC+xDIPkW5XqCJIWRYTRQIqInAUpcyXrAqDUeyn25wJgarBMW6bdF9iZRo4XVFTRZCyN+4ofwfRc9UNWVpq9aQKg66MBe9nCQJVg2PcPhQKghejpHNVGPjA6TACKYMjds2oe+VaW2COr7JOwaAttrsdDSOQMjjGjSByey/Gxqdg0PBj8ebagkDK4IizIuqOQkURKiZ81CR2dZf9KRiMWj/d3kwIpAyOnDfbZjLbpGb1kMtXQVlLRDU96bUJyu4VTiGIMrNrWaKs6j1RCh/deNtmmQbMAGb2MVIRjLqK2sURKEUghSCqeE9J7Hmb3r46bdOPBvxGwHRg2YpnPspeyT6cG0IglSCaLXSPR5xPV7lx9Yae1ZC9vWaUq1f5s04K8euaLVJFiSZUT/m1XByBvgikEkRKtBfRJrcYrtpT3sTRr+LItw23S9V5rMoof4ExRVGddrzOGCFgIYi6rWwmNwSyxDAoU6EuxXk1ZEXUhZ2fAluGPYyyGyqeXUTT23seoA209jhKTdp7oysT4tTw7yXD0k6k1Ca7jlwd0poq1aiLI2BCwEqQnnIN/MmmlporrBy/OkR4C3g4kLS51r2lsUKgLkEEwmzAsvbPDZzuNbwdUG6uBcOs5Zd45ka54/oGIYigU0DVng0S5YuwD7rNb7Tt+MhtqPv/ALMWX1VR9stGAAAAAElFTkSuQmCC'),(41,20,85,'Mathew'),(41,20,86,''),(41,20,87,'data:image/png;base64,iVBORw0KGgoAAAANSUhEUgAAAbsAAAC1CAYAAADGFFHaAAAgAElEQVR4Xu2dBxg2R1Xv/wpBaRGIlxIwKki7EANKr3o1SFEQkCb1opRIS6gqTYUrJYoixQKIoFIviIAoAZF7QbpgiAZQQCNFQCSoBBRQfH4wA/MN+77v7O7M7MzuOc/zPV/yvbszZ/4zO2fm1G+QkSFQFoELSLqtpAdLuuKOrh4n6VRJZ5dlxVo3BAyBrSLwDVsduI27KALHSLqVpN+a0Mu9Jr43oSt7xRAwBLaCgAm7rcx0nXEeLenJku6WobvjJf1VhnasCUPAEDAEZMLOFkEuBG4j6ZmSEHghvUDS0yW9UdKXBjq7lKTfkHSzgd9uJ+lFuRi0dgwBQ2C7CJiw2+7c5xr5d0l6hqTvcw1+QtIbJD1C0ntHdHJeSZ8deP55ku4s6b9GtGWPGgKGgCFwBAIm7GxBzEHgEk5tya0OOtn9/5w23yzpWlEDT5D003MatXcNAUNg2wiYsNv2/M8d/T0l/aakD7vb1+vnNih9WbX+ROe9GTZ3P0lPzdC+NWEIGAIbRMCE3QYnPdOQUV++WtKlJX2/pByCLmTtuU6Ahv92gqR3Z+LfmjEEDIENIWDCbkOTnXmoPyfp0ZKeLenumdv2zX1UEqrSkGzNFgLbmjUE1oyAbRxrnt1yY7uQpD+TdBUXMP7iQl0dJenzUduENTynUH/WrCFgCKwUARN2K53YwsPCIYWQgNOdwCvZ3YmSTrPbXUmIrW1DYP0ImLBb/xyXGCGhBdeTdF9JTyvRQdRmHJ/3HZLOqtCvdWEIGAIrQcCE3UomsuIwEDR/5/qrtX6uIemtwRhRY+bI0lIRNuvKEDAElkSg1ma15Bit77wIPEnSKZKeIun+eZve21p8u7O1WxF868oQ6B0B2zB6n8G6/FPBgNRed5R0WUnvr9i9CbuKYFtXhsDaEDBht7YZLTueB0n6JZfr8j5lu/q61sm7+RPBv9rarTwB1p0h0DMCtmH0PHt1eT+fpHNcl0usm6tJensw5ItY/bu6C8B6MwR6RmCJTatnvLbM+wdcthRudg9ZAIhvlvS5oN/ru0oKC7BiXRoChkBvCJiw623GluH3JKe6pPeLSvqnZdg4okTQXST97kJ8WLeGgCHQGQIm7DqbsAXYPZekL7p+by3ppQvw4LsMnVSw4d1jQV6sa0PAEOgIARN2HU3WQqyS7PlGrm8E35J15d4j6QqOF9SqJKM2MgQMAUPgIAIm7A5CtOkHyIF5tkOgBRsZIQ+/F8yIrd9NL08bvCGQjoBtFulYbfHJN0m6tht4C2vlYpI+ZsJui0vRxmwIzEOghQ1s3gjs7VIIXFnSGa7xG0giH2YLFNrtbP22MCPGgyHQAQK2WXQwSQux2KpQeYWkH3aYXEnSmQvhY90aAoZARwiYsOtosiqyeqykj7j+qETuEz9XZGFnVzcMqqLjjYlXppEhYAgYAnsRMGFnC2QIgXdLOt790NoaCUMh/loS6lYjQ8AQMARM2NkaGIXABSX9q3uD0jphiq5RDRV8+FcknSzpbyRdvmA/1rQhYAisBIHWTu0rgbXrYTxVkk/y3Or6+HZJf+9QPk7Sh7pG3Jg3BAyB4gi0upkVH7h1sBMB75hyoqTXNoyT5/Oxkh7ZMJ/GmiFgCDSAgAm7BiahIRZ+UNJrHD+trw3q6t2rE14bmmJjxRDYJgKtb2jbnJXlRv1vkijQejdJz1mOjaSeLyfpfe7Jq0t6R9Jb9pAhYAhsEgETdpuc9sFBh8LjPJK+0AE0XpX5R0HsXQdsG4uGgCFQGwETdrURb7e/F0q6raRHS/qFdtk8grNnu1so/3hUUJ2hE/aNTUPAEKiFgAm7Wki33c+5JaHCpEBqL7c6EL2EpI86aK2+XdtrzLgzBBZFwITdovA30/ljJD1C0uMk/WwzXKUx4lWZ/+GEddpb9pQhYAhsCgETdpua7sHBcpv7nPuF+nDUieuJflPSPR3DF5b06Z6YN14NAUOgDgIm7Org3HIvFGalQCvlfK7bMqM7eLtUEFSOrRGbo5EhYAgYAkcgYMLOFoRXA/6opD/sFI5WKzR0CqexbQisDwETduub0zEjCmvW9bwWfK5Mxk6uTHJmGhkChoAh8FUEet7gbBrnI+BvRGQjOWl+c4u1ECavfqukay3GiXVsCBgCTSJgwq7JaanC1DGSPul6WoNjh6kyqywb68QQ6BMBE3Z9zlsOrl8g6XauoTWsgxtL+mM3nqtIOj0HSNaGIWAIrAOBNWxy65iJuqNg3v/LdUnWlBfX7b5Yb/52R/HZE4r1Yg0bAoZAaQT+p6Tvc0WkPy6Jsl5nuU5fL4k/o8iE3Si4VvPw/SU9eUW3Oj8x2OsoOAvZ2l7NcrWBbACBC0m6jKTvlcT+dKUDY/55ST83BhfbEMagtZ5n/Q3oZZJuuZ5h6aqS3unGQ8wgsYNGhoAh0C4C5LflgIqwO3Ykm6Pk16iHRzJij7eJQOi5eHFJqAjWRF6Qo+b4/jUNzMZiCHSOwF85/s/v/iYf7/ETx8Tt7ylj3jVhNwatdTxLiMHT3VDWOP+oZ/kQoDWObx2r0EZxCAFS96F1QTBcWtJ/OjXfByWdT9L/kPT3kj7rCi6/TtK/Hmp0wd9ROU7JbvQhSc+T9O/ObscQMFcQLjWKbDMYBdcqHvY3nx6TPqdMwNGS/sU92GOuz5Qx2jPrRuBJkk6ZMETy2r5K0kunOHBM6G/sK/5mh+DCNreLEOKvyD2OtQo7vHju6pDEDZ1CpH8t6amS/mLsDK3o+W8JEiXz3y2fBOfA7gU6ag5/y5vTnr1rCNRAgNvPQyWdN1Nnz3dJ0j+Tqb2czXyHpJtKuoOk4yRxYz1T0tslwTdVTLLSmoQdrqpPk3QdV5NtF1AIO3TFqAFIl7UlIq6O+DpoTXMfz+FPSHrmBsa5pbVL7UJuA490pZw4wPIto8Yjp+u1XfUO/p90cRx4uSFA3PC57ZNI4WKS3uXUg/z2Ta4mIpvtFxe8EcHvnxWaUDwXqQ7yj4Xa76LZNWx4d3O6YE4KY2m0++rYDhp7nkDr73YVydcSWzcE8bmCquWXDAq8NjYdi7LD5gpdzv3tPeH8iZpT9snuUMgj3yqJG8JPLiAQnuhuAFS4qEEIyXMkfUzS+9whGjxK0t86oRz28QlJ/+RuO/w740eQc1Dnj3fwSNn7uDERU+sPACXH4tv2wrsJR7EehZ2f2IdIuloQV5UyeSxYjLtM+NZudhi6vTpjzSpMvw5Ok3SipPu6zSplffT+zL7NhaK813Mqo0M2k304oPpm/dQgNvcHTrRf5eaPWyQ3wxJ7x49L+v2I4XdIunnibQwHFpJEcDi5qKQfknSRAQBImA6eNSh0SGniUtG6sEN1wc2N8jMUGeVWMoa8yhJPJk5OPSc7HjPuoWc51b1Q0ssl3WJuYx2879OH9VqnbyzEQ5sLar+7S7r9js1vbB/+eU7qozNYTOhsqqPGhK5Gv5JzAw8LEMPI3KxG7Jv3koQ6P74N44l9n9GjnfaCt53X7HMnpy0Lu3tLevjAZO2D/aPODfdtzj11y84oMU6472IM5tTHrWftdJ7AyI3Bn9vMmolDIQG60Efc4c6rKnOOG1U4Tl+l6VclPSDq5MPuZoJ97Z/db1d3f2OX+5yz4e2y2aHKAxOq2RPfhXbnR0YM5M1uTeXWCoVJzGEn577sTRfhMLlF3mnEuKc+2lRy9pygTgVk6L0XSbrNiAZRLfySc1XdtBF2D2aoMFFltjrnI6Y7+VG/jnouTJs62FDYpb6z69vjG0IFjNNXTL8s6cFzOkh892yXVSN8vNTaxR6JAEcdyIGQ/QThie33/ZJ+23lzYz/LTVeQ9J6gUfq7bOZOUG/HB5+5t8cUFv9B0re5B/kWfeL5lHezP1Nq8cxhFCEHMDFhOH98EFjI6exPnZH2/83pcAPvcpvDIYXT8qM2MF4/xBs6tS3jnhLQ2hNUoRqTTZlQG++MwI2EjQY7Dip9gnL9xo06EkcHrwXBAYUYTARATLVsPj/teAj7ryVka895HGz9FudZmpsPbIBhbNtrJd3KzX3uvmgP+/AbgobxkiXfZU0HmSPG1Zqw42P06gnPqFdd8FGWOFmVmOjW2qT0DTasLdxwYuzJwIDxnqzpa6bwFM2YiV0aSxw0Cd9BTRfTbzk70Ng2pzyPGjbMk/h3krgBfX5KY42/E4cclEpzd01JCNKQStpehzKm5LRzjp7W1oQduvjvrDghowHr8IXwAHFud7LvcBiTWSatEMZ6qpdzo1kj4aGM+gu1G8TtDTXcmFP0vnRONVRefl5QJxIHF1LN/muvD2yHlKTy9EZJ1y/ExO9JumPQNqENxB2WIG6R3CZDWjTxfE5hh34ft1dOhRiCx3xoANLcSaDECligTe/WTBqhmy3Q/9Jd4oCAB+qvS/qppZkp1P/cb4fb3BA2qJ7w3PudQnwPNRuP5VPOhsXfayWEjr9N40jFDaxEbNpjndNfiCOOKnHYQw6cGQ/jCmlRr8y5wg7pzWbyYwP1h/73yI8k9kgizxunU6N5CKDSwv2Y0yKnxq0RISt46UFz13ur2A05p6R8f9jxyEgyVDuMmyL2XVI31aTYDb+W52DNMcZ9xXsfv5dS+cXB62g70HrkJmy+sdmJfJfEDi5CUz5+0jChNqH+0L5kniQjvXXiqE4d8PC6QWTgTGzKHgsQCBccrvikWNoikYCWDZ26WWgd1kZDTl37VH98t+SOvd8eIKbsDTlwjT2xF70N5BhQQhtkayHZRUilxj2kXvxB5+yXwOqoR2IhPmSPxMxCzmJCSEjXxuEUPFBlk8CAd/AiZ/8ipATZw7+N1Rx+3Uk3zMDg1ZKMjpRCADImHIAUPw9LhCYGpZbXVyJ73T5GUtknuJgrnxaq28HMYJwM8gQo/4HzQJvRVJOv3tPlPgyZi28GOEKgsrpzQu5YMhMtRbGb/JrtdR5jr33ZN3855wOTxk2CBks5xaCdI5zDk+8nrGuXkupsaOzY4XGaSqbw9BbqypGaU5nAhfkMdw1Pkb5ca0nkGtIJkdE2eUD24BEI+EPE1m/JaCGI24KWurGUXJpDSYQxL+CQRPgFN1oSpO8jnFq4TSxdJQKPy6MCRlPUsSWxrdH2kBqzpMpvSBNQ4ruIb+l41j8rUxjQaAEdDnCXkTplsrleElOBt8/YNELc/oif88QkY0vwdpaU/u2Zr0cALysS2a51gx87535Dwds35RA2tv0ln+dgint+SHw/qaViiMH0f5Ycx5DQLukev+RYw76HhB32Lhz+ShHrJbzQkFbOZ+DJ1WesccDhCZVkjpsdWivMX8kUCjsf24I3EI4MnIR9NVxOW+hMAYfTInpW/sbD7S8nCLiQwdggTUApqjejeQigRiZZNht7HM4xr+U+336Gy9iPRxpOGWsiTA4EkY8h1sVLJBFc/CdjXiz4bDwO0v9RtWLtFAseP94Sty3fNhmnHhQAS6XzHygA9KFUaMSDctk5ZLO7orsAES9LEpHRHsIeTNyOudlBo6+HMwGKc7f9sKQ/mtmmvS75RUa4ATr6rRN2KO+cUnITWQpnbgJDWU9CfkgZRywrZWsQLLxDOieE3f+deWjNMe5YvUbml0Pq1xz9Lt3GLmFX0l6JDZ91ENLlnRNITjxiG2ypUIeDPPuPPkf2hYOd7XjgkOSf2u7W3/O4fqO+JvgMk68ggMdX9krIC4MbbpiMjaKkU4gTPxqBJWhIjbnGg0mM7ZAak2cIyvaJrkvMR6xVK2Ef5dYWOiouFkrCQsqRfWHqRMTZEmrfKqfy3fp7OKRw1SdNls+q0TrPNfjzmwpOGE+p0WHFPnx4BV0S9kNc5VDarxSWcCSgHNQvSqoZzB3bHrdys6OK+tEDEzMlE07K/Ppn4sMFCa8pC5SThg4w3CqJ96tKCLu52RfmMBwvbvSwnC6M5iFA3AqZL0Ybced12/zbPhSDeENs0Gui8JTuww64pd3SOapQ42ws+by0taraxza7rdibh0IP/FyVCi737ePIhKYDwl8j1alpzFpCRR7GXFNImGTjVcmrCOJrdEldcTjAWklQq4LaQGd4PbFo2TzC8iENsLYoC2EKo7Wpx0Lbd7xBYsvDmews51yGhyMbEDf/y7i1ctM9M4PDGk5jhBWVLqEVps4q7ZG46GIMOsdreleOSg4a7MeliFAAPDE9lfCZiDP84L2PfbAq7RJ2LGy8IktTrMa0m10exP3hZW0beg501hqCEJZwmVKhgIMnjmr7EkfgoY0zC98p1UlKFEfeog0/HDOC7+LBQsehiANJKUK4Ee7l6TmSEE45acgZpvretEvYlb46h0CGhvUpH2nOSVlDW8TmfFzSeyXhrmt0JALcdCkXQ407MqushcINc47tm3y0hGmkVDnHpkYme26JbMo5KBTaCNMls7nkGE9KG+EeeJqkG0UvkeruzJSGJj5T44ARe2WWcIbZO3yEHaodXFAvHDxZ0yMLu4CPpSHWj6TFRtMR8Blp1lrscjoyX3kTGxYOHFD10+Vc5ve8HwqJ0amUBtpFBX4PVx7pkB2HHIbvdE5RCNqxiSXC7mtsvAWnYVLTobDDcSrOWVr68hEHf1/VxU9PGsyOl0gBeXLw25wD2SS+/MceenLRUE3DcDjR2B1QbRpNR+DX3MdCfBInb6MjEcA7lYSzaxN24ck5Z9YRHFtIHozdiLyaKcT+wQY9OvB3IExmTQeSXdi9KahODnbUtwurA+C+/zMpwE98Ji7sWkLDFsZyw2bJun2DMPiFFF8xa24EpKjxOmKz2U1crcFrvio5WW58Psj5ra6rBRwzWPulsr0vgVZ4syvpYIZ6E09WvlnybxLHGWfs9+Pn9I66akx6ti06qPgDKrih3XpElLoLYXjdwosqlgG5DxmYDkJnuRrZcUh2zbdAYo3ThjKoeEzJrICKsTSFIJe+rpceSwvtYzthM7dagLtn474uzo5abRS3XQP9qaT/5QZS4mS+CyPCh27s8tkO2fnG8rJFNWbslU56vzjXaW7hE89nfPPKqR3wfaFp8rXzYps55jRsk4RMod0Ly/1w0yVc6JXO3IY3J5ghMBGgx0gifAPi4EXaMxKgH7EePYBDufVu4So8l94I5nqRleavp/axu1JWg5yH2FuMhhHg1os3IVR6E6k1B6FNZKlDI+pOSrqQ7T6kMSr1LTqoxGnS2PDZ7Imd9FTCjhbOER6fFOz1VKqeHhqBt7n0lAg4EkNDU6vsJH9f4YdOmZ1QT1xCsg8xFtrschjWkwe/wgdP5LouiQK7Juz2T7C/QXBA+PQK1kJ4O1gkaNdheEFJz5OES7snElcggFNoizc7cIm9aQkBCKsQIAARQCXJFwOgj5LxfUOJTEqOCyH+klDY3dsFnvpOS+r9fR/x9X2pE2lJoGu2zcdwknMkoNzSloi1xB8+pBSimCuhB6gxUWf2TmFdSCoZcPBZiubkuNyqsOOAcIdgwvAaptiwpxp7Y+yVWbIcFuar0jc7BDYHhreS9i4UdmF2CQCucbOL1ad2s5u3Pb1FEp5VW8ic4oUbunlUIF4NQtwXG8Uh8qnq1lK9PBQw1d26I7DnCLstOqgA3+2jQxeHVhIo+3WNmvqBhxb1zN+XvHxMtdlhqyP7DDHFmHCgd7mKHkc4RsX2irCyLEbnV88EL+X1MOyhxm0yhaden/GnYtzrcVJZC/kPHn0/wg1VGfahIRpja8Buh/2Oytg+HKFXzOLDKskFSLe1BBG3S9YMT2OE71ZvdnE2KbQNXDh8NpUaHpnMVzh3NW6T1dZnLOzChJ0k6kT3HxKGVGwcZOgm3x4ZDjAw+qS6FHmFMEDyofEbnjIQQm2orEoYVE5AJRnpSxObJrdIEp+SmYCNgj9UCuBmQEHa3shnToHv3pwu4B3vUTyumAfclFlfrKdHH5gINlLKhpBFnfkbQw+XRDFXBCdB0b1TaP+uoZkZwmvIHoO6GO+7FApvdlvJoOJxiQU9NxN/0GP/PD4FwJnPhOXeuOxw6VkFxZtimLCTEzJunIQgcLpAMOw6TaeAwWaCeyv605DCD7R0SQ+u6VQEwMV1H6HrJQNJzGvKOJd6Jsxxt7SwI/bqyu5gRKzLXSRNybofYsmHTxJiDkwItzMyzA8ebtgOqOpOOZveaekwnqF4XSqosxZSKdwPaia3SOWv5HPxjZhMP7dyHdaIS6Or1d6s402ReAZ/ekC4+dIPuSZ46Fpc2tZA+6SpucDIsvPcMrjZkjqtB0Ltgd6feCuCpUsQGJKrkFgZDj7/5nTl2AnZpDiV+ziauf0THI9Qu6yk17isEvSXm9hgUPmuIY9oeKtCgIdFM3PjFraHxudpO+rnjT14bTlXbizs0Faw/j2NxXLKnIdJPlZVdSIEL6c7KJsHp/uYhlQr4W2S0wu3rrmu4Me5qg0YeecQpXKoFFwyCesc/sJ3/YksR2oh1gXzglrZx8Hk4jNuhwKV3PoJmUDAIdC4te2q3pybDx+fdoITqLnbr9leGK819kY1hU9u62hAQi/CsJ0pNvhcCa2njGfpd+I1jznFp0+sJXhiOVA6CXU1zOOTwpAaYogZNie8YNigmASf8dwH6iLo2LQQOl71yQY2lKsxDmaca2u4xgj1FmPALuBtRUMZIErGm+ScaP+hkBrnVSMbxk2dkk4+A8fI17/6OHiyBsDs3G6+OcCwPigS2SJhk0DI1rwJlcIhTOpeozQM6uldJYGmOjeENiPCZ1LzcZbCtGa78f7Lof9CjoFawo7DS+j1OXUea+KW1NfQtTg0EBNojvMAWc+5UlPLCgGXO41Y6AU6B1zUbNzCsDPuI67qFC388+gh8vhh0wtz/SG0v73xPJPMD7dQiJuY/+9dGIRVrZMWyoGHsC2QFqqG924OfsM21pYYGpWvV2Mj/D6ZGzAX3vKgHYKO2mg4mY3Jhxmy+JlAm3COMz8UGEKTTcaxdjGTNdSYsSp1zn7cFMhD4L3cJXiF0bm3rNTBhnnZxrgpx+2TZQBhNUTcOMipxqa8Lxt7nLqHtmqlTkvFK36OzY1NDornFC8uLwT5m3Is3z21o+A9HJgeSbBmhraWbsLbKbDbUQewZwrVUHhC55wfqkv/xo5adwg3bNxzA/RX6yCRsKiG4hP9azWcdeJCrkP7ScIw2nxkSNhhaEb4QFN07lNGGgeX42571oSGhuyOnEzG1tiKP7haOEwY8pdfwbZGcuN4cea0w9I29q0HryyGj3H9kNNarCHAfG6OTMwO2C+xuxPTeH0XaoR6cZc3NodHBB3esnNpy96YYAeGYaVyj+ecS4Bvg4M88Y+sdx+AjWkJIYtjGRlTQurFhJO05oaEHbFKN3Bv1yy5EwaXT706h84uHgA+VmonpVIcnMt7SwbopvAdqp533eymhI48RBLlR3z8ZAovPT6D17G3KdZQFZXGyB/WUgPsSRPFAZdNlmwUYyh3Zo+tC7t9t7splWgI/fF/xlZCwZZP6rlV0NCHPfdkOBWY+BYyddMJPxZ4wYYQJrg+xF9cd4nnWST+JHTo/SV+D2+i+3DjxnxTp5Yl9ulYxyy2WdS/xBWWcO9fApOxfSLsEHqsFdZMr+TToMH/77oYx6GxUAaFxAq7HEwOjR97GmE5qblID7Xnfw+/X1Tu3C57TPKQOt6h53ze1vg3wn5wqNtHHNZxUsOLk7Uc39ZS+MIZhpp6mHxWQ0MbY3g7qnmNjb0yp9rJ4tvdFF13WHepB9WWF3bkxrz2alZn3YHg9fdcl1fve+p2nb23fYcfnEfuKAmv5SnEYYhNEHV2CfLFh33bW1zTHEjZx+KDCIfTb3JqR57h1oW9Hqe8O0nC2WpuqRzUpd70U2J+F2tzSNjl8oycMqiw76kq1CE1wBRHG/TauP72kEXFb26nSnroFODtnS8jsJbcoqFa2699NkecSw55KvulwA2CJBN49+LcRZ250xNuFnOXErGxcSkbDt1s6GNt73N5WfJ9BB2p8ny2J2+z4/D9ozMYY1+9lItlvZELHeMAQ6gKuOPEt0oaEnZLphwKPSGnxgnFN0Qmbg1edrsWIPFsxAlCaylXs9TH5mO8KHcVFs5cip+p/YaHRsJp2OCeIekn9zSIBuT/u4TYbHqH1GVTeUt5b1+879kujpT0bj0ke0gZ775nOLxzeGGsQ0W2U9pHgJFsIqyPl/Leqp4ZEnZhuhj/odQcdKiCwUNo7M1q6GY31eGl5rin9kVlaG9PxDV8tSezqQCNeA/VOYnAoak24xHdFX0UYY1nn7ep7RJ23BhQS84NGcg9mJQEFwhkwivIwkMAOllj3u7+DW/uEjGGucc5tr3YJ2HX+6xjMGBut3AoOIjj0AfN6Q4PRqhWFYKQ0bCAILkR0UWPodBA79+rUeV3DI85n0VN9TrXIMHleF0aTUOAzD9snNAUz7dpvdZ5CzUmYUV8H6jC3uD+nhr8XYPr8OA9pT+EIaYIkmGQVWgNmz7ziAbM5zBG2HNgIREG9k7WMMkdqDpuFCAwJOzQy/ug49JVCIYmI1RDTqm4PCTsVpPfbQAwX6aGn3q/jbTwcZINhuKv3HRQC6+N+D5aFnAx3r5IL05DPzJzMtjPXuK8VFENGm0IgaHNMbxZ1SorEUPuY+6mpAvK5aDSyzJATXEPx6wJu/mzRpZ5rwo2POfjmbMFvm2yfOA8NqZs0BAPqDwxkZDPlf+mdBShDv4wwK1wq2E4OeesmbaGPuZYWCxhtwtj7sba24ZudinxKc1MykhGuP0SM2U3u5HA7Xnc242nZvLJx4m1tAsBPArxJiTTC0HT75F0V2enzBF+M3bfsZlqHIFdJ9fQSYSATjKq1D7leEMsNxeCX8cQahqSN3tas82O27cvjGo3kTGrZPezVEAge8wLXY3APK1aK7UQILCawGhiCTmwcBvEk3FM8ekc6blqjdf6SUBg1+YYl3mgKCgffk3ymfmnlLaIc1uu+ZSWmj2l5tz13hfOKYQhQHaA6H02v/Cv5xwAABFySURBVMY/jh38QXuFQNxHa94z1jOjI0ay60OOY9WmOIqMYGPw0VCVSQovSk+kUuyeu4QqNpXXuc95YUcJJpK8GuVBwOOKhsALvjwtWystIEAaMvKAUi+O/YWUgIRqYKvDZms2uxZmKSMP+06tS5faQA/vi5COOWX5YpwhTFMyqGSEuWhTfp6ohUUaKKM8CPyqpAe4PyTDNjIEDIGOEdgn7OICn1etnJA1zBbwJknXTcSZ5LdhbB62xqMT3+3xMS/snuCqjfc4hhZ55tT/MWf7oeqFkSFgCHSMwD5hF1chGHO7ygXJvzhBRaDvjwXZLXa1jxcWgjEkTuin5GKowXa8sGOMjNUoHwIe29xFUPNxaC0ZAoZAEgKtCzvUR/dzIzkkbC/iEt3GmcIJRH1lEhr9PUSW8y86tkkOS6keo3wIUJD0/7iMQmNqIubjwFoyBAyBLAjsE3Y4O4ROIVOrEMxhlHpMfgP/8IGM7aQ4I9VZSKnFK+fwuOS7YXory4uZfyZwVScVG2m2EHxGhoAh0CkCh9yqfTJWYrmwmdVOM0R5EbKp+BpN5IUj/9sQIZhjb0QKF9bmueZSwFPQj+84lw2iZv9b6Iu1T+AyQcxGhoAh0CkCh4Qdw6Li7ZKVgsOqvbuKyZ4siQrrIR1Se3Y6ZUewzdy8y6kyqbLtkxivYWytjIFs+ni5cst7ZytMGR+GgCEwDoEUYTeuxfxPx+nLhniOPUfX7oHpUabu2q+7/6GC8efzw7/5FonR/G1JjzNV5ubXggHQMQI9CDvg9Ymh+W9Sh5FCLCTqNqHG8zT0TMfTtJP1F0i6nfv1qMBZZY1jXWpMx7pyKRwkOFAYGQKGQIcI9CLswjAIVKrE/HkKq5v7f1tzEHm4zEil9q3uH3qZyw4/E/kQhAtK+kyPAzCeDYGtI9DLBhlWMohj7qhRRUVzT0uVJVpiLVlezDqoP0vS3XdoFepwYL0YAttDgPylaOyu6XKa8v+TSzv1IuyY5le47OX8t3c+ebykh0Vr4Gck8e9bIBN2dWbZ2+2+IOk8dbq0XgyBTSKAsyFp+jDLXHIAAb/3EykAocVLop6EHWU6EHiQL78RJ3zGDZ9wg62QCbs6M31hSZ9yXfX0zdRBx3oxBOYjQHpIhBzFw3cRRXa52U2qd9rThxsXZSUk4YERKheX9PH5uHfTggm7elPlsab8DwkOjAwBQyAPAnjc/5RTVcYtnuM8zkns4GOK7ybp2e7B5Io2PQk7xvYRSXjHQZ8MnDP4f+LsYuGXZyrabSUUdqQOI/jZqAwCHuu151otg561aggMI0CJJVSSxAzHxH5GLVXiq0MKw9GSnRF7E3Y+o0sMygclnbBBTzkTdvW2kEc5WzE99vbd1EPJejIExiFwB0mUJ4uJeoIUEX/+wG+bEHZDYQaolPCWQ4+7NQqFHWWMCKY3KoMAxT0pkGvCrgy+1uo2EThe0rujoR8qV7Z6mx14kJ+Q7PPkhIQIM8B7J77mbmXZhMIOJ4pPb2XgC43T431eSf++EA/WrSGwNgSobkOxbkq6ob17yIEBhhmzSDBCEpGD1KM6BkcVrrHE2522MYeUeEJDYccJiUwzRuUQ8HjfSNJrynVjLRsChsAeBEIv/GQP/B6Fna2CryEQCjtKHFnNtbKrg+w92IafccBFuiwX1roh0A4CHLDPdOwQ9I3wIbWej0fld+xvhIvlIC4775eEQx7EpQcTw8HqNibscsC/XBuhsLuxpFcvx8omer6rJOo6fkLSxTYxYhukITCMAOpGBI8vv7YPp5wezKG9zveZVOHGhF3fSzkUdqSz8rEnfY+qXe6xGX/IsWffTrvzZJyVRSAUOOTnJdgb09IuepmkW2ZiKYyx800mxdrZB5tpBhZqJhR295FEZXajsgh4zIkPwqBuZAhsDYGhoG4yoFxUEl7hJPe4v6QrOfXiqRn3pqGbXVKsnQm7vpfpByRd2g3hwS4upe8Rtc+9t9vdWtJL22fXODQEsiOQmsEEAYgmJGdIlAm77NPZR4PEp+CFCXF6emgfbHfN5SMkPcbZ7lCfGBkCW0NgUpxbJpCuIOk9UVs4qHDw30t2szuEUNu/o7Y8ybH4SEmPbZvdVXB3NUmUlSLwFcFnZAhsDYFJrv8ZQQrNNzSbJMeSHsrIpDWVFwHS7JBuB8JL0G4aefHd1Rr5WUloYGQIbA0BVJNnSPpGN3DyV6Jd8uEHNfCIq91gGzzYvwm7GlNTro/wZkdW8PuW68paNgQMAUPgiPI6Ho4k1/+M2IUZVGiWsm4WZ5cR4BabWlJ33iIexpMhYAiURWCy639GtijvdkrQXpInut3sMs7AAk0RV8fig7AjXWcBHqxLQ8AQ2A4CLQi72CMz6WZpwq7vRRpe55NzxPU9ZON+wwiQtQMirmpt1MvYJmcwyThhFHrFbOMpqZapCbuMM7BAU7Ghltx0FLU1MgTWhsCaVfY9jS2sJefXWFJQd8YFeTlJ7wvaS3LOM2GXcQYWaCouZmvzucAkWJdVEEgNZK7CTIFOvDs9TmfYoFolcmFyyA4pyUEk84D83ke6sgfsKPJ6RJe2OWaegcrNxTe7JENtZR6tO0MgBwKTqlPn6LhSG70UYr6MqzoQwpIU1F0Ax6s4L8ykOp4m7ArMQMUm4+DKJENtRf7GduXr8V157It7ni/RZkb2rKlEBNYu7MKD66sk3SwRlyUeI02eT+z8B5JutQQTY/s0YTcWsbaef4ek7w1YomIvlXt7pBJ2ixJtDmF7eZeq7QIuOfRR7iE8ZHEcOn3jRYZzrMdSc3lt58ZOsHTOQ9aYMZ/oClH7d6gHd9WUQOkxnWR+9pquvbdmbrdYcybsikFbpeHYZpdkqK3C2fhOSthkSrTJyPxt8fyS/jk6cAyN/Pcl3Wk8JPZGgEAYZpNrnePRh2efp6U0Iy14OK5+sZmw63uK40wCuTaBJVApoaYqIeyGNqZDeH1K0jGHHrLf9yIwJx+j135QZR714GWDBOq+U2qyLXWz43b5pmj0STXabM2kI2DCLh2rFp+MN94XS7pti4wm8FRC2JVSfY292WFApzTQGuPDEqZ29iNT8jHeznnpUQLrUFX52q7zMSBD7vxL3TJnT1arDZiwa3Vm0vh6vKSHBY+eLQn7Ee64vVEJYReqeV9fUNiENjvsLddz6k3m4IKSiAuCetzAWnDwGaPmYx1xK7pLwgfAIeTJ0pfzPS5JLcSuLTn+Kn2bsKsCc7FOhj6SXgPLS9zC/kHStzn0KSJ5XLGZ2N1wCVVqrWGUmJMpvN9G0ouiF9FgoMnwdAlJOGg9OrGDz7ryWM9NfL7kY5NrtJVkam1tm7Dre0bXdCLMfQsj+PX9ks7lpvg/JREPdDA7euYl0bOwA4oW0lgdWudg/DhJF0+YO6pm47H8dkkvTHi+1iOTarTVYm4N/Ziw63sWz+NUlkcHw8C+EVfy7WGUobMNmxGn9Dk0RvU1p59D74Z8lFSlHuKj5993CTsOMLePPCrjcT5fEg5CeHNCf9EoEHGCiIt2ao5oFN7ECq/Ncm+MgQDqHdQ8npZI3ZNjJj4gCWcC6IOSyNQwRPeU9IcJcWstZGeHf7zs8LaDllKlTp2fFm518D6kxnybpGvsGRgHiydK+uOpg6/8nqX+Kwy43ewKA1yh+RtK4sPuWdhdyAm4C7tB4GiD4PNpgNjUiFO7XzDOmx7YyIZuA7XduWNVKuxfX9IbK6yLuV20Yq9jHENzuWt8VM5+uCSct3qi+GbX66G1WcxN2DU7NaMYCwNue/T4i7OYM/gnSDqfi4dis4sJexzxUrvoUu4mFf5eW9i1okodtZiCh1tJTpwq7M6Q9JjIcWXq2Gu/F9vslg6HqD3+4v2ZsCsOcZUOws0Atdl1q/Sar5P4VJvS8isk3XzPgy3ELg2p33r65lpJTjyUaT+eejwznyXp1SmLp8Fn8Aq9c8DX1Rq2LzYI32GWevrwDo9m2094gdFbEdcpGUkYIyrNVx6Y8qVVQ8RAxuq0nr65VpITo96mfhlhNRBCeBeOqPRxSjltAc/bOTtQbHv/WedhOqdNezdAoKcPzyZuPwIt2VjGzlXqzY6NDJVtamwUhWzDNF217SBx7kVwOVbSP44FaIHnW0tOHDpwkNrrSgmYnCXpFztJjh47VP2NSxCRMEx7JAUBE3YpKPXzTCvec2MRG1I5EgdFkuVPSCKzOoLuzJENLx27RPaRcFPG7R31VA/Umr0xxBJh9yeS7i7JOzUdwpRwFvDHOWjsOjrUdq7fl16vucbRZDsm7Jqcls0xVaogJILSq76WSJIdu5P3lLu0ldAN/zG8QBL5LiGCwYmv45DEn9SsKb4tNAkcplAz104ysO/jjhO713aoWvXGY8Ju1dPb1eByn2oJrucG4GkJL9VYPUvcV5jLtOUJolIA9RJDWnLzpUzSjztmnifpjhFvCL07SCIOcwzRLrF4/L00wTsCz1NPh6OlsTvYvwm7gxDZA5UQmFPCZYjFWA1X25W7BW/QOVPXGv9j0q5h1yUn6g+MAAAVJ6ELHIqWuu0RSoOtLiRuoLfoxM47Au76j5qwq4+59TiMQO7cmGHs4RIeqkM3IxL+4lXYA5FH9G8jRu8j6ekLMR/eekglhw3uEDEH/KECwjcnFNmlvaVv37EqE55waMLWyBioogFR2YQ41I9IerMkUgdCVN2ASJFGgD0ey2DQapq0Q3OY7XcTdtmgtIZmIoDKzBfZzOHIcRO3MROjtYQKEzhC1ey+FGgzoSvy+pAd9YqS3lukt8ONhq75U9V7ZOVBAJzsvGLDNHueg5dJuuVhdoo9cU1JbynQOgc+bojvLtB2F02asOtimjbBZG6bnQftku70WxNE6tvhEHOtoNOPS3qdpC+40/b5o9M4ybvxOm2FDlUaqM1n7ps//N/YqTpJRUfFBATCqQveXj2mONwQZ+dva7mw3nQichN2uZaRtTMXgVLCbi5fKe+PrVy+q83adsV9YxvKWlI7TjHkL1RLl/CsxaGJRN2UAGqFwjHn4Kml9ZVjPKPaMGE3Ci57uCACuR1UCrJ6RNNTMsDs4q2lk/fWhF2t9TK2H2yn95b0GUnfE9nsaAvb3X+4eEOC6D/q7HbY7Lit4vBC7tnTG9McjMVh9vMm7GZDaA1kQiCHTSYTK6ObWePNrjU1JiV9ru5mBg/FfeV9Rk+gvbB+BEzYrX+Oexnhn0u6jmO2x2TWIc7Y7B4r6SqSvui86M5xzgG92Oxau9nhcehtoDhw+BqBvaxv43NhBEzYLTwB1v1XESDG6cru/7gpHW/YLIpAqaw2UwdV2mY3lS97rxMETNh1MlEbYNM2s7YmuTU1pq2PttZHd9yYsOtuylbLsG1mbU1ta2rMEqEHbSFu3BRFwIRdUXit8REImLAbAVaFR1sTdrY+Kkz6mrswYbfm2e1rbHZyb2u+WlNjhrUBSVlG6jIjQyAZARN2yVDZg4URCE/uvyLpgYX7s+b3I9Daze7mkh7lWP4FSS+3CTQExiBgwm4MWvZsSQTs5F4S3fFttybsxo/A3jAEAgRM2NlyaAUBO7m3MhNf4aM1NWZb6Bg33SFgwq67KTOGDYFqCMTFZ5fMjVlt0NbROhEwYbfOebVRGQI5EHiDpOsFDS1Zzy7HeKyNDSNgwm7Dk29DNwQOIPAkSacEz0ytI2dAGwKLI2DCbvEpMAYMgWYR+KSkYwLuliqC2yxAxlg/CJiw62eujFNDoCYC8a2Ovu8h6Zk1mbC+DIFcCJiwy4WktWMI9IfAyZJOcGxTC+0Wrl4aSaBjopI6BU6NDIEuETBh1+W0GdOGwGwEwvqBKY2dKOm1KQ/aM4ZAiwiYsGtxVownQ6A8Al9K7OLDkk6S9MrE5+0xQ6BJBEzYNTktxpQhUByBV0m6yZ5ePiCJZ+5fnBPrwBCogIAJuwogWxeGQIMIED/3UFckl9Rg0F9KOl3S2VHIQYPsG0uGwDgE/huURPBY9N4NuAAAAABJRU5ErkJggg=='),(41,20,88,'data:image/png;base64,iVBORw0KGgoAAAANSUhEUgAAAMgAAAA9CAYAAADoByY0AAAICElEQVR4Xu2dZ6hdRRDHf1GJGiM2YsOOBfsHo2JvHxSN2NAvduxdFAsoFhA7iBUURUVFYy9IsIDlg4od1ChqbLGgosYSW9TIX3Zls5xz7zn3nn5m4PIe722Z/e/O3Z2d2ZkJ1EcbALsDGwPrA5OAV4Dvgc2BWcA6wGLAcsCTwM/AbODq+ti2nvuEwISKB7s/oM+OwJQx+n4AmA7cN0YbVtUQGIpA2QIiQdgK2MV9hjKUs8AnwFxgo5z1rLghkAmBogVkGjAV2AtYGlgjExfjF7oQuGD8ZqwFQ2BBBIoUkMOAWzMC/BrwETDT6RorAj8CmwLfAtsAn7u2/gQmAr86oVO5N93OtAQgXcZ2kIzAW7F8CBQpIFKgJw/ofh5wP/AocE8+Nq20IVAPAkUJiHSNZ6IhzHHf+BcDLwLaNb6qZ5jWqyEwGgJFCYh6nx+xoCvcGaOxZbUMgWYgUKSAPAjsEwxLV7AHNGOYxoUhMBoCRQrI0cCNERuPAVLeZfwzMgRah0CRApJ0zNLfpH9s3TpkjGFDAChaQJKUdQH9A7CsIW4ItA2BogVE45dd4ilg5QiMZ4EbzD2kbUuk3/yWISBC9BDgImDVBHglKM+Z5bvfC68toy9LQDR+OSPK4h3vJB4b2UQuBa5pC1jGZ/8QKFNAPJoyIEo3SaPrgLOcK0n/ZsBG3GgEqhAQASBHwvMHICG/rDvcNbFZ2xu9ZPrFXFUC4lGVTWRJ4IwU/UTGRf/p10zYaBuJQNUCEoLgH0/pZ0zmvt7I5dI/puoUEI+2FHXpIDHptktPax/u37TYiJuCQBMERFjsDZySoszLn8ue1jZlxfSMj6YIiIc9TZk/DbiqZ3Njw20AAk0TEEGiZ7rHAWdG+HzhvINfaABuxkJPEGiigHjodwX2AE6K5uJa4HHgiZ7MkQ2zRgSaLCAeFl0NnwesGeEkv66bgTdqxM+67jgCbRAQPwUHApenOEHu1PF5suHVhECbBEQQbQLsm2KV17XwUcCHNWFp3XYQgbYJiJ8CKfJyXdHxK6ZjgJsyztWpwBaAXkP+krGOFesRAm0VkHCKrgeOj+bsfeBg4OUBc3knoGObpy5g0aOlW81Qu7IotgR2BhRiKKQ0I2OSvaUrWFSzcnrSS9cWhY5eCk63WTB/MjDK0OhJvl/3Jsxv17DoyRIud5hdXRTxDvGqO3K9lxC/SwibO0u566y1rXdVQDQhsZD87iLBK9dISOY53NrlWz7jXRYQoZcUqytEVcbGE8qH2XpoKwJdFxDNi4JH6DpXkeBD+hvYDXi6rZNnfJePwLgCorfmh7o0aqu4lAZNCxKXppQL3Yec4bF8pK2HViIwioAo7tWxwJ4pCXKU30NHlyYktFnL5T1MC1qnnIgyFBoZAokIZBUQHUWURu0gQMluslATboaUy1CuKSEpMY92O09ZMcgyZivTMQSyLA5ljVJKtWVyjl3R3vfLWafI4rKJfBw1qBCo4Tjkv2WOjkWi3rG2BgmIUhncDSw6ZMy3A88DRyQEqZaLuhJt1kFJLig6UinFtCe74q1jZlrUZ5KAnA5cOWQMMrjJ30llvfes3D1eiuop1pXCkFZNSYq5chsuFTGiPOzm/Vv17LSov1BA1gbOSfGQ1ZC0E1ziXDnS8n3oyLJDMH4l3oyvV8uER8cq6UnnZtj5YheUMvmytluKQCgg8k9KilGloWXVJ2RzkJCFVPYxRqnepCMpMsryGefBdI+MQPW9mBeQs93uEOOhcDuXuQScWbCSG4cCVoe3RKqX5TIgS/thGV0j62Zt25wVdQ0t67mFEsoJXB+L+4WriCFxFHZ98yulWt5YuQqyEEdsPxlQsIVxSMen1d3NWBzIIWu7dqzKipSV+w8BCUhSVigp3IMeGw2DT9erWtCelAJ66oBKKjsXWM0ZIKXvTHRCK51mXff7P8BCwzoP/q8bNrX1ju0YOVCzov8j4HeQv4CFowV9F/AB8E0gLOsBK7lFN8nlQf/DHcH0BkOCoKQ5en8h/6eQJCBfAys41xRdt6rshoAs3qPQd4D6j3c/HZ+0Wyg/opEhMDICXkCSbAZho/oW1mdQng9fXk6AobCF7UgQFxmZW5DL+jxA/E4HdE0bP34Sn3GIoDG6tKp9RiBUnqVvyD28LtLilwBNBmYAs90xS8cvGSy1O30GSMn2ND+B2TIuBOrCxPqtGYF4MWmHULQQ2UTim6isrA7aQf500UNURp60c9wOoIUvChf/sP5iPUfly75SHsaT/b9jCKR920rPUEgdCYq+0RcHXnd5B7WIdYx5yxnjknQQf8R6xMWy8rAdCdxSAIa3OTf7sCl7/FQAsNbEggiUfRyRo2MYu+pwQIt7HJoG6HYqdGHXVXRastBx+rK6PUegbAGJE3gWcQR62918hVNX9jh6vkz6O/yyF1YsID8lOAzmQf9Ld80c1skTSTFPX1bWECjFBSSEVbaQOPHNKA+ppBMpL0hofFQ/avuKEaz9NvWGQCYEyt5BxMSnzkIeMqRHSnIYzEoSjq2iwnK3l+HSyBAoDYEqBGQ796AqHMRvzkNYt1xKC62o7AoerUU/xUUa0e8nAtu7v4X1ZSORW4qRIVAqAlUIiAYwzFKfd5BV8Z2XLyvfMQSqWmjSHZT8Ju29SVZYZYORMXNm1gpWzhAYB4GqBMTzqJ1E7iyj+GNZDKtxZtrqjoRA1QLimdSbdwWF8F682hnkNaydQS4uXiGX9++7gCzws0YaoVUyBMZA4F+eliFNum6H2QAAAABJRU5ErkJggg=='),(43,15,70,'data:image/png;base64,iVBORw0KGgoAAAANSUhEUgAAAOAAAABlCAYAAABUUO+KAAAAAXNSR0IArs4c6QAAAARnQU1BAACxjwv8YQUAAAqISURBVHhe7Z1L6D1lGcd/iSmhUCYRanYBF61MN4GLSJeKdlmIYpuCMGql4EYQvGwMXBQlulHUhSuFsgJxUSktSkgqgzYVXUAXqVl/JDWLej7nzCNfX+fynnPmnDPnzPcDX2bOOXNuM/Od53ne952Z95xslw+ELmn04dDloVOh34WeCX0/ZIwZEUx3R+hXof8N6NXQ3aGLQ8aYDflyCFO1mW1IGJb3G2NWhKj381CbsVYVBrYRjamE+u5PoTYzpTDVT0PPhb7dzLctp3o05NTUmB5uCnWlnJiM1zFoGx8P3R9qe6+Kz+n6DGNmC+ZqM8ybIVJI0tJa+oyc+kLIGBNgsDaTEK2IbOvyrVDb56ZcG5rZg8HaohXmWSXqdUG6+Uqo/PzUJgY35uB5KFSagn6/semKhj8LGTNLiE5l9MMo2wJj63eh10LGzBK6BtQM3wuNkXb2Qd33Vki/17WgmR20Qv43lCZg5Mq2zado6ksUdi1oZgNG085zuhoYWL1r9Ddso+40ZpKUDSLfCO0Doh6jboiA7pw3s4AdXc1HKmiM2RGa9hF5dln3GTNraHjR6MeQMWPMjtCWx123ehozazDbP0JD0Y/lrg55sLQxI/KZUJoPdfW7PR3KZTxMzJiR0PSzz1jlKBV3kBszAnqWe196WZ65sM2xocbMAuo6NVVfVLsvpMvSVWGMqeC0Zlqio0z+3KiLvzXTBPM6DTWmgi4DbopbRI2poMuA2t9HV0QfFzZT5cpmaozpocuAn2imcHYz7eL8Zqpc0UyNMT10GfCjzRT+2ky7eKOZKu8N7eN0JWMOii4DaiPKd5tpF9lgQwuo4tOFjFkD6j+97ktfJMOoudxLMo+4XIUxpoe225MRuRh4nZwT6mqIwYB02APvuXQ5u4D38N6pwv/k92e0p6vlrNB5of/wRAP/A/079GKIA5Q2UuX7eS7XU3bdoK51Z0wresVrzgXs40uhXPYBmUdT7ZC/KvR8SKP8NkU/KdkA4jIaTs1NL+woufMMDSu7NZTLfkXmUxop9g2pNFG6/I370E9CDHY35l3UjgEFvVYMR/acT02lJZTIoxGPq7v9M8Tv57W2iw2vKj6fdYcwOvpL6A/NfNt7fGGpmVPWgFr/UbvQH9hXw7Dj5jU6WZboqSnWF0P7vg01JtNzGTl96ubQrxeP3gkHjMtCZ4byfxPFqeVOD/2yeZzwPOSyfeuK990eKs+r5LdwyzZjFjtDHp1/zxMD6PViaIzQiIj2fQkLrWeJTFO4oO+DIV1HyHWhWaAG+jFPDKCpFUzlGjJEG/0v/M5srZwC5YGq5mBnZoA2wNQMqNZ6MTkVyufu5Ykdg/m0puM3Tsl8SVkX/ihkZo4aqqYBJRs2eF+il6jgXhK7BKMRTfL7SZG1ZpsSZbaAiIxmprCj6s4wFDV0+Wy4AeqsfH6XfYEcMLSlk8toTNV8yZOh/L2pfdfNZk+wA+dOoBGtiy4DrmrkTeH7yppqypGvRNP+lO/+NEO0xXBoBAxgrK7lNRJtc2fCZOUOjBkPxXxJWQ8im3BmaMNFTS2iHe+YQNHPKl8bC75fa1Z0qDUUB4w2E/rKAjNCI0nN0VcNWO74264Dy3oPHXrthAm1XzVV0xhmjoBVW0C1Fa80IDtTvobGrANL8zF/TOlaW01oE84A3alrDKMDsdvGNL4Qytdv44kRaDPfMaZprM/8jymb8IjRiKUtmn3cFcr3XMcTBY+F8vUx+gNJeedgvqS8NQCyCY8UbdGsbTTRo3SbETRFxSybMDfzJbpd8n+zLsyR8bFQbmSudF0DdV++py1l1UYatG7XAJFgjuZLiHq6Hvn/Y9bUZgJotKq9/7s2FrSZq2yIWSd9wsRcdS0/g51vjmlYaUIazNY9oJkJop3wtTt4GrBv1IxeqOk7PLECHOU18nFNljmaL9GDJKJWtwmPBO04r01vss+qr9GGa6/k564y2p8dq+xk/2Zo7pStoxygXBMeAUPpZBtpkL5GG42s7Cy16AEB1QyNmwttXRRt3UDmgEgz9aWTitZ3fSNQyrSpxtw6igbNte7ro1yviNOwvJ4OlNyItX2A2jze1yKpy6GhdKkt9TzU8Z3bhnVVZgqI59xKekCoSWr7ALVVrm8YWGnAoSO0dm0gop93pn6uD+mooxTbsu/gaCaC9tfVRhu9IO/FPNGDtmQ+wRMdlKkncm1TD6VAmT0g1j/b1Y01E2UdA2pDwFCEKtMkzFvCzqNGRY5+61FmEaWIjKxvr9uJcGMoN07t9Sm11XRoQ6rBU9lwQx3TtcMc0xkO+4B13HaOoYrXWf+kqjUNZGYLsKFyg9zNExXkhiVK1cDomvyOFJ/xr+K5VG0kNsNwgORgxjodMiTdPWQsNuQOUQNmZBpi1W4L0O/pk823fdKUnLHSVjemMCTlhrs3tsiqBuTImMtzRF2Ftv6rFNHUaed+YJuy7SkthgzJAZLt5Ag5EtqgUmMArenWGaHChmMjYjjupcDtu34QcqPAdCDisS9ord8mtiHLOEpuAGbIFVrT7M+GyeWpF8zxw0E3IySmy+3fJl5nv2B5TOlIOYAasKb+0pS1ZnlzfGAqygkO2JhyqHGHtBZTfjWEKZ3tNHB7MtK/axaPTk5+GPrccrYTVmSmqlO4/ZiZDhiLaMmUk7yZR4BpXw+9b/Honbfx5j6K3NKAkqTttnFHCwbkDPivLx6dnDweunY52wlHvBziZAOaWjDiR0IXhT7VPE5zlmBKjIghMWca9egMigFJI7P1EzNhqj5IJzKF4KacrBhj1gUTZuTEmDk/RJoSEV1/E8Kg3JH4tRDk65MFA2pKOWRA/ihFNnAkunQ5a8zopBHZ51KktXnwz9dKGJh+wXL2XWBGTJqmZD7JeW5dXpKvMUV878shjK6/QT8Pyt+njxfzqxqQP519fzXR0phdwM6MMdEroXND7KvvD+VrUE434e+hDy5n1wcDak03ZKp7QrcsZ0/uDNV0WxgzVTBnRqWcgs6DPibKYeA/hjA68+XyK6HdEETDPp4K5bI0KRtjNuC00Cru/XQzBYpdY8wGYEAtHMsiUimL3km3LhlzCGDADy1nF9BP00XWiYBRbUBjNgQDnlrODvLZZgqzGq1gzLbAgG8uZxec3kxLSD11tPszzdQYswEYUDseu9JKTT/BEdCYEcCAjC4Y4vPNFKj/GDhrjNkQDFiDpp85at0YsyE1BixPquy7tqcxZgUw4FBHvEY/cPppzEhgQE0n20aC6/3ffxty/58xI1GmoGVtx0DTTy5nF3CqhzFmJIZqwDL9fLaZGmNGAANyyn8XOvoF3P9nzIiUEbCs78oIaAMaMyIYkAvjJmc1U2D0i545jPncAGPMiGDAF5ezCziFP9HRL+D+P2NGBgNqVDujmdI3eMNy9m24XIUxZkQwoKaZaUZqvzQj/CLk+s+YkcGA2veXo2LK9PNrzdQYMyIYUIeiMY+09fPh0PPLWWPMmJQ1IJStn480U2PMyJQ1IOmopp8MvPbga2O2CBEvr/VJupnzqOyIN8aMjBpQb0+8zt1vjTErQqNLmk7l6GfMjuCGFmo+3/nWmB1yfQjjcQdTzKddE8aYrXBy8n+gu3pcELFOhAAAAABJRU5ErkJggg=='),(43,15,71,'Buffalo Grove'),(43,15,72,'3/1/2019'),(43,15,73,'Alina'),(44,22,92,'data:image/png;base64,iVBORw0KGgoAAAANSUhEUgAAAMgAAACSCAYAAAAATYUPAAAM20lEQVR4Xu2de9Bu1RzHPymSCSdEEiVGQ04XI5yki+lC0r1ccuuiTK4RZyQScq+GKYSTUBmlm0uFdBkkuZ3qZIiURNOohghdma+zVq2z3+d53/3sd+/97L3Xd/1z3nPO3mv91mf9vu9e199aifbTImAHYEPgwcB1wKeA69s3xSWawOwEVmoR0HrAbsAxI8o8FvgmcHGL9rgoE5iTQFsCOQPYAnjsLBYdCbx/Tov9gAm0SKBpgag7dTSgP9P0V2AVYI3kH/8BrAnc2WL9XZQJzEqgSYE8A7i6UPrtwAGhKyWRXARsnTzTpD12BROYmEBTDvli4NyCNYcC3wKuSf5dXaojkr/vDZw+cS38ggk0RKApgSwLs1QyW2OL04Bfj6hDUSDbeKDeUEs720oEmhDIlcDCYI1mpeT049JeQTzx/z8PHFSpJn7JBBogULdA0i+CxhizzVrF6vy3UK+6bWoAm7PMhUCdzngysE8A9xdgY+CWEiAPBE5IntsXOKnEe37EBBonUJdAtPh3SLBWXw4Ntssu+m0EXJHUVAP5nRuvuQswgRIE6hBIcaBdZcGvON37UuDbJez3IybQKIH5CqQ4yK46C1XMp4rIGgXlzPMkMF+BaKOh9lgpzceptYKu2a+1Ql43Jz/n2TKudScIzEcgxwMHh1qcArxqnjU6DDgqyWM+gpunKX7dBJYTqCqQxwM/B9YGLgC2qwGotpycmezP+inwvBrydRYmUJlAVYG8GvhKKFV7q5ZUtmDFF78I7J/8kxYctSrvZAJTIVBVIOcBLwoWPwn4U03W6yuiGa2Y3M2qCayzqUagqkDi6veJhd/41axY8a10bKPdwJsD2gXsZAKtE6giEB2PfUuwtInf8FoD0enCmPSl+m7rZFygCVQcpF8YNiDeDTykIYrpwmETImzIbGc7NAKTfkEkiPTE36Tvl+WXjkWWApuWfdHPmUCdBCZ1cO2x+now4AfAtnUaU8jrVuBRwH3A0wsHrRos1lmbwAMEJhXI+SFkj3J4I/CZBmG+G/hwyP+TwDsbLMtZm8BIApMKJD27sQD4e4Ncte3kppC/Ajo8osGynLUJzFsgWj3XOY+YJhVXlSZIBflE4MYqmfgdE6hKYBInV5fquFCQAi9sULXQCd77IHB4eL6JNZcJTPGjORKYRCBaLV8nQGpr6nV94NqWv1o5+oHrPIbAJAJJuzvPAX7WEtW0XM1m/aalcl2MCZTezbslcMmUfpNrVV2r60paQHyh280E2iJQ9gtyNrDLlASir0YaU6uszW0xdDkDJlDW2dJujgIsbNIyk7T8dYEbWi7fxWVKoIxAFGRa+65ielkh2Fsb6NKjvVqsVGhTJxNonEAZgexZiJer/VipYBo3Mow7tLUlpjJ2t2GXyxg4gTKOdhnw3A44Z9rNmoZIB+4Krt4oAmUE0pXQoKkdHwcWu0lNoGkCkwrkHGDXpo0ak/87AG1adDdrSg2QY7FzCUSn+XT+PKbNQjSTabBaDfiXBTIN9PmWOZdAflk4rPQgoNjlapNeWvYTCpsn27TDZWVCYC6BdGX8EZtDl4HuHv5yVvJzJs3larZNoG8CUYihP7qb1bab5FvebALR5TeKkRuTxiI7dgBV+lWbS+AdMNcm9JnAbA5WvNZgN0B7sqaddH/ITsEIj0Om3RoDL382gRTHH6sDd3SAh+5cvzTYofsMda+hkwk0QmASgXSpOxPFqzMpOpviZAKNEOirQNLoKl0SbiON5EynR2CccymCSDFiSZcc8RXAqQGb92VNz38GX/I4p08dUBB+BzytQzRWBu4J9uwAfK9DttmUAREYJ5DiCnrTQeKqII1HcY8GDq2Sgd8xgbkIjBNIcQZLQdzSNZG58m3j/3WrlaK+6/o3XejjZAK1EygrkC6NP1IIUcjT3iNWe8M4w24Q6LtAFAJIAex2BrSA6GQCtRIYJZDitnIV2NUvyHuBDwCfTW7crRWQM8ubwCjHfxbwiwKWrgoktbWrNubtYT2v/Sin0v0fugckpp+EewK7WtU4DtHajaLAO5lAbQRGCaQ4g3Vw6MLUVmjNGUnAuk/9DcAJNeft7DInUEYgawK3dJiTLtZREIfbgEd32E6b1kMCZQTS9b69RBEF3HVbe+gieZs8BIGoBWO3UCFRFRrVyQRqIVAUSJ+meFMA2iv21LAWojURJxOohUBRILpaIA3xqUL60G15fXJwqg/21tJ4zqR5AkVn+hDwnqRYbQhMrz1o3qJqJaT3t3fl5GO1mvitThEoCkQRQxQ5JKaXAOd2yuLxxsRxSBd3HvcEoc0sEigKpLgG8kjg9p5gi+shvwK0wu5kAvMmMJdA+tSff2XY+t6XcdO8G88ZNE8gFYB+vq9QZJ8Eko5DHgPc2jw+lzB0AqkA1gir0Wmd+yQQ2R27iG8Cjh9647l+zRNIBbAt8P2kyKuAjZo3odYSLgcUgV4BJxbUmrMzy5JAKpAlwH4JhbcCn+4ZlW2AC4PNffv69Qx1HuamTvQ3QLNWMW0KLO0ZhnQctSpwV8/st7kdI5AKpDjF29dz3rEeCuRwcsd425yeEZhNIH3tonwnRKHXDl9t1XcygcoEogjSKdKYWV8FsjnwY49DKvuEX0wIRBFotirdJq7ZoPTq575Bi92sVYB7+2a87e0OgSiQIwDdBxKT/q5oIX1NUSDaaKkNl04mUIlAFIi6JOqaxLQQWFYpx268FAX/ZeB13TDJVvSRQBRIcQbrYcC/+1ihYPP6wLXh576OpXqMfzimjxPIEJzK45Dh+OnUaiIh6FqD3yYWKLaUYkz1PV0MbAU8BfhD3ytj+6dDQALZCzgtKV6Hptabjjm1lroncDrwduDYWnN2ZtkQkECKt9mq8kPoYukG3BsB32OYjTvXX1EJQbM8Xypk/WTg+vqLaz1HnW9RHYcg+NbhucDljjNKIM8eEcC6j7zUdVQX0vep97H1OmCzBKLYu8XDRUMJfLB9uIVqa+CSDvC2CT0jMG4McmRhZb1n1brf3McBVwKLgZP6WgnbPT0CEohmrLSopu3tSuq3a2p0CGMQ1efSUKctpofZJfeVQBy8arZH/XSlPwPr9LVCI+x+H6Avos7c61CYkwmUJhAFchGgfrqSFth0dHUoaVfgLOCZwNVDqZTr0Q6BKJB0LWQo449IMF6PcBRweDtYXcpQCESBpFO9+w5wQKvThb8PN1ENpe1cjxYIRIGkU71DmeJN8Z0CKPLiw4F/tsDVRQyEQA5dLDXVa8NXUWMrjbGcTKAUgXQLhgbqSkMaoEcIulxHl+xoQVRRF51MoBSBnPYoxfMhOdW5lBP4ofEEcnKWeD3CQ4E77RQmUIZATgJ5cwilugi4rAwcP2MCOQkknpz8BPAuN70JlCGQk0BU13j/SU71LuMHfmYMgdwcxQN1S2EiArkJ5BvAHsDzwy7fiWD54fwI5CaQHYDzgROB/fNrbtd4UgK5CURTvDEgXm51n9Q3/HymwQw8DrHrlyaQ429R3fuuTYvrAjeUJuUHsySQo0A+FtZBPgIclmWru9KlCeQoEN3DqKO3ukdd96k7mcBYAjkKRDA8DrEoShHIVSDarKhr51YH7ihFyg9lSSBXgcRIJwpwfUaWLe9KlyKQq0AUe1hXIiwBDihFyg9lSSBXgcRxyF3Aqlm2vCtdikDOAtGWE209UUTJ4hV0peD5oeETyFkgbwsX62wAXDP8pnYNqxDIWSCKP6xYWUMMc1TFF/zOCAI5C0Rdq3uBHwJb2jtMYBSBnAUiHj8CNgyBre0hJjCDQO4CUffqOEDxe2+zf5hAkUDuAtHdKNcBmwBX2D1MwAJZkYDGITeH+0P0JXEygRUI5P4FEQzdpb4asJN9wwT8BZnpA4r6/oUwUNfKupMJ3E/AX5DlV8/pCrqFwDL7hgmkBCyQ5VtNTg1hSXXhp5MJ+AtS8AHFy1LUxb3tGybgL8hMH9gKOATYPQlPak8xAdzFWu4EugH3KmCtMO1r1zCB/xOwQJY7go7fKpDDPuHKaLuHCVggBR/QFXR3A9vbN0wgEvAX5AFfOAbYD1hg9zABC2SmD+wCnA2sDdxkFzEBj0FW9IE1wo5eTfVq+4mTCXiQXvABnU0/D9jRvmEC/oLM9AFted/Is3sWh8cgo33go8BiQPF7FQXeKXMCnsVa0QE2BpYCuwLnZO4brr67EjN8IN6EewGwnT3EBPwFmekDjvxuXdxPwAKZ6QxfA14eThn+x76SNwELZGb7K0bWJcAi4LK83cO1t0Bm+kC8CVcxs15gF8mbgAUyuv3vAVb2JEbe4vBC4fj2/xxwULjDUHcZOmVKwF+Q0Q2/NaDt768Bvpqpb7ja7kKM9YE4DjkT2MOeki8Bf0HGt/3lwGb+JZKvODwGmb3tDwROsEDyFsj/AH3bqKJFy3aFAAAAAElFTkSuQmCC'),(47,16,74,'lksdjf'),(47,16,75,'data:image/png;base64,iVBORw0KGgoAAAANSUhEUgAAAMgAAABLCAYAAAA1fMjoAAAK90lEQVR4Xu2dCawmRRHH/yCCHCoiNyLHCiv3JkBYQEVAQARlhbByJkgCJFwR5TBZwkKirgqigCAaNxxyRF1Z5AiBdZVDuQIx3Fe4AggeHFkuEV3Ib9OdVNp57/u++WZ6ema6ks3blzfTVV3VNd3VdS2lDG3nwCckzXOTmN72yaRG/1KpEZTpGYkDKMdz5o0sz5HYN/jhzNDBPEr1iQ9LWhQQl+VZsbT6ztAHHT83r5ivdQ+3nKR/B0i2knR/3Yj7Nn6fFeR0SbOdwM+QxO9tgBUlvREQurukBW0gvm009llBkNV7TmC/lTSzBcJDXosDOmdJ+l4LaG8liX1XkLslbeskh4KgKCnDPyWtagi8TdLnUia47bT1XUEulXSoE+JCSV9IWKC/l/QVQ9/jkqYmTG8nSOu7gjwkaVMnyVclrZKoVOdI+nZAW99lF0VUfWeyt0E8s1PkBwb4jVk5oujD/yFJcUHE4sRakv5mkF1mjluxaBiEZ5qkvwYPccX7n0Ev5r9Xw4E+K8j+kn5j2MgR5gfVsLWSUVaT9I9gpI8WOAcrQZYHKeZAnxXk55KONGzZTdIfElkoH5T0iqSVDD0fkvROIvT1hoy+KsjWku5J9Fy/rKTfSdrb0feYpM0k/a83qzKhifZVQb4l6Swjh1Q86XjJ7zXXt9c5B+bbCa2ZXpHSRwVZWdItkrY0kt5Z0s0NS56d4wlJn3R04ASErrxzNCiYPirIDEnzDc8vl3RIgzIANXJ4wB2l+P1WSZ83oTANk9df9H1UkF+buKunXKgJBnGTgM2xryPgEacooY+mSfp6i7tvCnKYpLmSlnYSb9r24LYKm2MLswJXkJRtjkRUsm8Kgt8D/wfwsluYLzYkCwxywltQEg/rBM7LhkjLaD0H+qQgNv+D+ROkiPe8Kfi7pNUNcjz7LzVFTMZbzIE+KYjdPS6QdExDiwLn3+sB7uULMgQbIi+jtRzoi4LgMcdz7mEbd/aPvRo+IOm/AdKPO695bFoyviE40AcFmSKJXAq80UBT17pF2YAbSHpmCDnlRxriQB8UxB6tWIx7SCLZKCZgiIcRuNkgjymBkri6riBhxO7XJV1ckldlXysqspCPVWW5Gfm9LisI2YH3SaK4GkAoCaEbMQH+EoFrr3LXl/RsTCIyrvIc6LKCnCvpOMcaPObYIjGhyCDnWpfCCxlawoGuKgge84uMDI6S9IvIMsEBuabBSSXEsJ5VZJIyulE50EUFOVASfg6idgEUAwWJBfD0aUnrGYQfk/RaLAIynuo40DUF2VDS9004CclG2B0xw0mukvRVIyLC2N+tTmR5pJgc6JqC2DTa550NcnVEhh4t6XyHjytlFDZH5UYUQNWouqQg1iiHT7HtjtMkER0McJXMlXKGlnOgKwoS+jvOk3R8RNmA71iH77uSTo2IO6OqkQNdUBBSZ/F3eIhdiPoASVc65F8LSgnVKLo8dAwOdEFBbCgJ/THokxELKBxNfjvAjsVOkqFDHGizgpA/QQMcX08Xo5wcj1jFFz4jicIKAPFdN3VoXeSpOA60WUFQDh+hy3QoI/oX56kmEeqOGqW8q6SfSdpI0j6SrqkRVx66QQ60VUF+LOkbA/hGwWd8EtdW7AfBO04eOS3QoIHxM3SUA21UEMJIfiiJ2rXkdJ/g+mbguaZiYggY7d+pqH8fO4cvT0pZHm9/dHR55Gm1TUEoqsaNlQ8jCauS7OTyzH0Er5XwjySdOIbI6URFRyoA+4PjXIaOc6BtCkJRgzWcTK439WutmFAObra2L5AdDXNOknTDiHL9rCvmxmspVGEckfz8eFkOtElBLgyCDicLAOT4xRHobJMPYnk0ypXsF41Cxd45kM857jhJPWHbz6SszPN7I3CgLQqyQ3CkGWWhEhtFjFQIw0T5ciQ7073YRKtlG1uG7XXJCLLNj1bAgTYoSJjPfbJZtMOwgDwMdgEqm4RNOierrMguw9cbwLahXm5MQIGPMAhzDntM7jtcbVAQQtY3NrwpS/NHJBEWYsv/MGzRToJB/02Hs4kSQexa9kKhCQVtYDmmh7LsYos1E5xwNly9iq/oni6hitxwDyxGlALAr+Gb13xZEj06YgJXx7b3OccqjlcZGuBAygqyTJBoNM8kQlXBKjpMeb8J2X4Y/fhLZrnBURJuymIBiVVhi7Vc6T0W9yfAk7KCUGiBwmoe6ujuSpNMbrwAAh19U53pku6KKBvKAP2rAF/K8onInuZQpSqAT0vi6+lhE0mP1sQmGw0MCm7M6ozjCqdBu4M3C+ZGVZTFNc05DzskB1JUkLBczp0TOP2GnOLAx/4saUfzVExH4NqSXggopOADqboZEuBAigpCnBXebg80u6krr5u0XByQFvC2bx5BNsSOhXV57WVBBBIyikEcSE1BiLEiANHDl0qEhQyas/87jj8ifoFdJNGazdsjHPG4Xq4LphYcGbmChoYMCXEgNQXBUMVgBf4oiejZOoAcdvwh3FyhHH9y1Ui8x73O1mzsTjTstLCfC82vY655zDE4kJKC2NxuplTX0QqfwmxJ+EGsn4PYLRQFGCYMpQzbCaCk4ol1fNKfkOSvDAlyIBUF+ZTrEe5ZRFISLcqqBtqwsUtwa8QuEVZ6f9IYyFUb63bXYl6kCG+XAxCrFnG146WiIETdkvgEcKN0e7XTXDIaTkFSY7k5+mUQ5+TRkap7sPulyjZtdnfyuEgXfriGeeYhK+RACgpiC02f4rIFK5zikqE4TnF84ic7B7FORb4HCkDQ/RYgpZbegeOC37X8BQA7x09MaMu44+f3a+RA0wrClxVHHYunrkqIRPOSm04k7zA1s2jRdpDj+bjGetHOMe6YNS6HPHTIgSYVxFZDZOEeXlN7ADzyXNsCw9oV3u/C137dksuG+YUJWxSb8FHCJYfNr8XkQBMKwsKhPCclczwMu3BH5Y3tjU5UsK26PtlY8yXNcA+U8cWEPdkZCgck5Ulj1e0alVf5+QIOxFQQcsW55uRI5eEtSXvVtGjsIh3maGXZY3c37AV/gTBoEWHjEAUQZjDSVYodMnbo/CB6898HcCCWgkxz1UZsoTeCDwkv58xfNdiz/0JJM0fsRY5NRKQvwOKmddpk4HPgvfPRPhu74mPVvOz1eDEUpOi4UZcjDmGiHL8yxRrKGsXcejEWwPUwLd2Keo0UJWD5RUWsFbvJqFVUer0oU5p8XQqC44+cbsI47K6B8++Kmg1VG9g4jlF8iFM0Ly+uhX/qqipyZGPho0Acx4oAJ+ScBnqyp7S+Wk9LFQqyqTuCsFiorE67sYkWTV3GuBcEXW1ppAOMancUCTNsyjOMwMHr/w3zfH4mYQ6gIDjHiINigSNY/AZUSefsTTAfRQt8JUPqMuGJBjg+kCbqf59ompzB5zrjvG7Psc0QLHu0CufBLoSBTdGHyYC8EnJXuNqN2RMx4eXVftJQEEIrCLGoEkgCWuCUghKdi6ocfIKxrK3DMc6HjFSBGiOcDwU7lPeuc2PFR4IiC4TNx8xCrGJOeYwhOICCFHl7/atUMZ9idhAWhK8Gwv8JyyA83Sf+0GmJPhlhItAQpIz1iJ0D/gaOcuyAGTIHxuKAt0GIKuU2BuBryVGrTQ6tOo5WYzE2v9wNDlRhpDfNCXsdCy1dmFPTPM34HQfavpi4QeNI5YHWy2GORxZ25kBpDrRdQWxh6iqudUszMr/YTQ60XUGsUzD3CuzmGm10Vm1WEC4TOF7xk3irsHJ7o4zNyLvBgfcBqrOtW0P9tV0AAAAASUVORK5CYII='),(47,16,84,'data:image/png;base64,iVBORw0KGgoAAAANSUhEUgAAAMgAAACGCAYAAACYCsWCAAANaUlEQVR4Xu2dCaxtNRWGPxQUZxERxAlEEpwHiGKECETFKBAjBDWKCKJEiTggBiSMDoEEZ0RBUVSMc1AUR+ShgqgI4gOJDAIi4IRMgjNqPu1O6vXde89wT9u9z2pyknff2Xt39Wv/0912tWstyqdVKcvty2cdOQaB8QisNd7lU199BHB4esqRgH9HCgLNEigtEEH8K9E4HtivWTJhWBAAagrkSmCzqIUg0DKBmgKRi+OQs1oGFLbNN4EaArkK2CRhPwY4aL6rIErfMoEaAvkbsE6Ccitwn5YBhW3zTaC0QLYDumnejny8Zs13G2y69KUFsh5wKbBBRmVT4OqmKYVxc0ugtEDyad4O+u7A5+a2BqLgTRMoLZCNgNULepAQSNNNZL6NKy0QaV8HbJxh3ws4eb6rIUrfKoEaAnGQ7mC9SzsC32wVUNg13wRaEMi+wInzXQ1R+lYJtCCQcFpstXWEXVV8sU4Dds7YRw8SDbFZAjV6kNzlXTDPBM5ollAYNtcEWhDIVsD5c10LUfhmCdQQyCuBEzIirq7f3CyhMGyuCdQQSO6P5Qq6C4WRgkCTBGoIZG/gpETjWODAJsmEUUGg0o7C47Kttgpln6iJINAqgRo9yPeAbRKQg4GjW4UTdgWBGgLpDm2Q/k7A6VENQaBVArUF8kTgwlbhhF1BoLZA1gX+GtUQBFolUFog6wM3ZDBK599qPYRdjRIo3UCdsfpQCKTR1hBm/R+B0gK5Bbh3CCRaYl8IlBZIPoN1KvD8voAKO+eTQE2BbJFOOJlP8lHqXhAoKRAPiMudEkvm3YvKCCPbI1CykR4KHBXjj/YaQVi0OIGSArkEeGQyxbUP10AiBYGmCZQUSD5AfxbwrabJhHFBoLA3by6QksKMig4CExMo2VBDIBNXU9xYi0ANgVwDPKxWgSPfIDAOgVICuRvwp2TYKcAe4xgZ1waBWgRKCeSeaQ3kzsAuwJdrFTjyDQLjECglEPd9XJAMiz0g49RQXFuVQCmBPCOb1r0rYBi2SEGgeQKlBPJW4JBEIwTSfLMIAzsCpQTi+Ve7pUxL5Rm1HASmJlCqseb7QErlOTWceEAQKNVYY5Ew2lovCYRAelltYXQpAqUFcivgvpBIQaAXBEoIxDz+mWgYB8R4IJGCQC8IlBCI4Q1uTDTeB+zfCzJhZBAo5O7+aODiRPu1wHuDfBDoC4ESPcj2wJkJyLbA2X2BE3YGgRICeSHwqYR6c+CKwB4E+kKghEBeBRyfgGwE/LYvcMLOIFBCIHlEqXtk+0KCfhBonkAJgeRBO+M09+abRBiYEyghkOcBHjNqCoFE++sVgRIC8Yifb4RAetUuwthEoIRAtgbOTfndBfh70A8CfSFQQiD5QqGHN/ylL3DCziBQQiAPyKZ21wbuCOxBoC8EFhPIdsDVwA7AQ1Nhfgc8Dbgc+BnwQ8AzrpZLnmjivb5a6ZfVOS4ud198HwSqE+gE0vlK+Wu/wRhWfSAd4fO1Je7Jwx4oltvHeH5cGgSqElAgRwCHT2mFbux66p62hud4FtY/0v+HQKYEHbeXJbBUD3JWMsXXrVHTTYBi8V5fwc4HcoHYm7hpKlIQ6AWBcQbpTwBeAtwGPB0YVTifBnRYND0IuL4XZMLIILDMfpBuXPKYRUi9CHAR0ECceeTa5cB+ETgMuGi5C+P7IFCbwGI9SD4uOTKNU5aydcvUo+w0Rs/SPU9XlC/VBhH5B4E1EVjqFWtVusENT+MmBePHXsaFwlFmxgzRplicRo4UBJogMM4YZBqD83OxRnmOBzs42I8UBKoSKC2Q76RXMA+zNgTCKIE8DwLOAf6Yxi2x0Fi1ycxX5qUFIt08Tw+yfhtwwBjYV6cIVecl0VyZ3FdcqXdi4aeAG7Pstczr52nmbYws4tIg8F8CpQRi2Gc9eZfK0ylg9657sEPN9Ou0VqPAtNmPLjJObyvC9ZP4XPO5e+oF3Ua8DqDgb0jfu/7jmcTe032MspX/reOmoSDyj4uq/v2DNB67U1pL8tly1BPBa5w51EaPVLIn1hH0VzMGp6eFi722G+2xLPboMtJm7dLfzrL7nfb5/Zp6fZ+hX573ea3Psxw+Q7b+yMmyaiolkC+k6eBRRWkluNbiq5gDfD9PAn6ZGsiTR3w9qwp3hpnfDCgcBXNpcgbdNYWYsE73BHT/8fvN0kRJN63uYq3iUlB+TDZoG+S9sv9bybbhD4HC9selS5ZBYfj/3cclBe38TfpBsp4/mk7jdIbUHyLt3Dh9rk3C6uLNfDv5B/pDpNAsv+K0LN25CGNVy0pCWCrjHYGvL9ODjGX4Gi7WqdJfIH/BrPgNga1SA/FvG9RTE9hp85r0fitODwOdN7tew0rM/23FXgb8GbguNQob8MIexIZu5Xc9yFK/tg9JedhQ7en8yGlNkye2iVn3RJPws37tcfx0PoPWtxHLrGt/TLdY4sETtfWJbpqgdPYIDrJNDweumuAZcUsQGJeAPwQeNaWgOtepsZ5RSiAa1f1auTai+0mkINA8gRoCORQwJFukINA8gZIC0bPXgfb308ar5uGMaaCDyJ2Bfce8Ly5vmEBJgXQnLDpj4ZhkSGmTbFxlPMbdh1S4eS5LSYHoLv/jNEOy6QChWzb9z+wpnT2LNAACJQXiWobTmybnw7uYIQPA+J8iuIL/uDRbMomD51A4DKocJQUiuG4my0XA7w6IZP6K5XRiCGQglVtLIG8E3jEQhhbD3ZXd9oAQyIAqtrRAdH94NnAysNeAOOYbzPab1K1hQDwGU5TSAnk3YBg2fW0eOBiK/+uy4QYxN39FGgCB0gJ5NfD+xK103rOqLtc/3NtiiineWVGu9NzSjfQ5wOkDE8iHgZenMu0DnFSpLiPbGRAoLRCndzuvU6d9q/v7T8lU12sdLy2Lxxm5/uF+kkgDIVBaIGIb2lRvVx4dMHXEjDQgAjUF4nGnR/Wc5buA16UyjHI8Us+LO3/m1xSIu7/c5NLn5G63l6UC6D7jifiRBkSgpkDEWCP/lay+EwCDlCqMIfqXrSSrXj6rRgP9CaDj4hAE4gBdN5MTw829l+1/WaNrCMSFQhcM+y4QDz5QIPcDYvyxbFPr5wU1BKLHq56vJvcMd7FD+kbwxcApMf7oW7WNZ28NgSiK7piW5wJfHc/kJq52w5fnVulW8skUFqIJw8KIlSVQQyCWoFs70EVjl5UtUpGnvSKNO8xMT16PVI00QAK1BHJmtmeilg3TVGd3UqTBTN378ftpHhb3tkugVuN0z/ZnejpQ3zvzt4rYJu227RWxrJZAzLc7r9XjJv0l7kPK7dbeWvz6wGoQNtas4F+kUxaPA17TE5rvBF6fbHUcoidvpAETqCkQV6Bdidajd5QIVLWr4b7p1PHOjprsarOYm/xrVrILbH9IpF10687ubRV+ftCzPZ49X6SBE6gpENF2py0aJrobtLeIfGvg3Myw2txaZDRIm2pXtAuFroUcC7ypYcJ57/EC4LMN2xqmrSCB2gKxKMasMPaF8TvGDfa5gigWfZT7zHdL3zrzZqyOSHNCoAWBuC9kB8D1BfdXtJQMPHNNZtD9s3FTS3aGLTMi0IJAjPrkie+GElsqQtCMECz52LxHi2ndGjVQOc8WBOIrS+fRa+y5Vg49MIzBB1P9uGbziMp1FdlXINCCQCz2qYBuGzZIwyTUTo8HLsyM6MM0dG1mg8y/FYG4w9Cdhqbag3V7NNdkugiw2tbtXxlkI4hCLU6gFYFoYfe+/wbA00JqJQ9+c8LAdGCagq5lS+RbmUBLAvF0kG4Wy8D0xtAunfKTH10Y3DaFHS5tR+TXCIGWBJL3IocBbynMKI/xYdaK4+zCNkR2jRFoTSD7A++pMBZZe0GPFackNtZQa5nTmkDyXuQcYJtCYM5bEFfQAbor/JHmnECLAtE/6yupXjwB5aIZ19GuwOezPNzj4aJgpCDQ7I441yBcizD5+nPHjOpq4R4Ps3Gat9vtOKNs47F9IdBiDyK7vOEeDRw8I6ALnSOPAQ6aUV7x2B4SaFUgojSG4UcS082BK1aYr1F2nanKU8s8Vrj48bhRCLTeIFYDjwVuBtYbpUAjXrMH8PEF18a07ojw5umy1gWiD9QtqULsUYyOO23yNMSLFzzkAmDLaR8c9w+PQOsCkfhLgY8l9IZwu3GKatgwRdhd+Ija/l9TFClunSWBPgjE8nchE94OHDIhkNytPn/EU4AfTfjMuG3gBPoiEINl3pbqYlKb17SdtxX3+oE3s/4Wb9LGVqPEByTP2nGD1awLXAv4epanFncw1uAaeS5BoE8CMeSAv/jG5XCgfckINas4DI/m2CNPN6XANyM8Ii6ZZwJ9Eoj11B39OWpEJ9dRnP3K02Vpxqp7ZZvn+o+yL0OgbwJxX/jlqUzL9SK+krkKr6tKl+xNXHTsa1SraNCFCfRNIOJZlYLWuNC35xK8Fg7Kr0+HZRvbI1IQGIlAHwViRKdPAA9OwTM9I9cDsLv0qAXhFG5P3rqeUhLiGKlZxEUdgT4KJB+LdOXw+FJXw30FcxDfpTNSqDRPR4wUBMYm0FeBWFD3r7uPfbGkKN48AyfHsSHHDf0l8G9q3v2W3Cl1uAAAAABJRU5ErkJggg=='),(47,20,85,'dfsfsdf'),(47,20,86,'ghfgh'),(47,20,87,'data:image/png;base64,iVBORw0KGgoAAAANSUhEUgAAAMgAAABcCAYAAAArr/rLAAAJvklEQVR4Xu2dCch9RRnGfy6pZaW0qpVZWWYmEpkZIbm2B2W2KZaa7VlmakFWWoKKYosV/gsXihKNstI2K62ItJUoDbVo08qKstWiMuXBOTQezvfd99xzzvfdmfu88MGf/31nztznmeeeWd55ZyNsfRG4IhXYp29B+5eHwEblNXldW3wi8PbUAmO3rlSszcNNcj+cDwPOs0D6gVaytwXSj73TgOMtkH6glextgfRj73TgWAukH2gle1sg/dj7BvBEC6QfaCV7WyD92NMK1t7A94Dd+xW1d4kIWCD9WLstczd2/bAr0tskx2nbAfh5cv8F8JB4UXuWioAFEmfuecBFFkgcsBo8LZA4iy8HNiT3DwKviBe1Z6kIWCBx5vJd9I8Dz48XtWepCFggceZOBt6S3M8BjowXtWepCFggceZ+AOyW3G8Cto0XtWepCFggcebyJV6VMnZx7Ir1NMlx6iyQOFbVeFogcSotkDhW1XhaIHEqLZA4VtV41iaQqxMzj56AIQtkAlAXvcqpBfIo4Bbgv8CtwG8nAuRdwNFZ3ScB2rcYy4TT/1qVTY3dWG13PQMQmILkJwFPSDvNil+SSSCbAtcAPwa+Cmiz7Q8D2q6ihwIfbtUxRaStBTKQqFKLjyWQ+wLbA0cAr+4BxpeAJ/fwb1w/CewH3LNVVif+3jxHfbOKWCCzEKr08z4C0dtAZyFekrB4BLAd8Cfg7sBmq2D0L2CLFT7XW+Q16Y0yC+YzgRcB23Q4jj2saj/Cc5BZ7FT4eUQgEoaiWB8M3C+IgTq9hlD603BKbxiZ3jLPAl4I7NSqS6f1Dlxh2JUnS2g3QbvarwsKLNj8TjcLZAh6hZZdTSCPBV4LqHNGTYLQHCMyQdab6Dhgl6xyTeJfn3V2teFNgELNu0xCVD2fjzZwgJ8FMgC8Uot2CaQZRq0kjObN8LP0NtDhoV8BP5pj0q1nPTWJIMdQwyW9sVYT51qHnFsgpfbyAe3uEoiGU12/2FotOgv47oDnrVRUmUJeCTwsULcE+oE0dAu4j+ZigYwGZTkVtQWipGjtX+0bgWMmHONvDLwY0F7G1qtA91Pgo8Hh2xQM5ALRno6WrW2VI5ALJD9Smn/tp080xtcm4seyEPLVoL4UeBUgsa6X/RW4R3r49R2LDOvVLj93QgRygbSHEHqsVpzUOceyB6Vjq0+bUeE3U2fcteUXWXUbq63tei4Bnpn+U8I+ZKoHud7FQaDpcFcBj281S0dKNd4fajsD7wEOCFSkFSzNdf4M3At4ayuE5IdpM1K75Wtt+Zl0bYg2OXrXuh1+3hoiIIFoT+KC1jM159CcoK/dNQlB+xnNhuKsOr4IHAT8fQXH/Cy4XBSuMkUw4qx25ji9IMtwMqucPy8YAQmkPTHX0dLHdHwnzRm6Ngq1VPt74HHA/sADg3jI9ytBXz0733BcD5HojXphau9zAYW72CpHQAJ5fyt+SueuNZTRpF2beAo+1PBLb4chdirwkbSROG89+TxprUWiGDNhJVNojJaabZUjIIHkQxj9SitCVnMBhW+sFl+VQ6PNwsuBLYHrAJ3LuAz4ywT4qe5m9/1vgOY4v57gOe0qc4G8EVBcmK1yBLreIP9IHT3/6uqAWllSGIlMgtBfYxLWWtovU1yXnqn2PjQN86Zsw8sA7d7LFDGsyGFb5QhIIE8BvtDxPfXr/27g/JYYFgESbSje3GrIA4DfTNi4/A1yRoojm/BxrnoREJBAdKbiFEC/kHdJjdIvpYZeU50AHOO7a06k04q5aWm4LZwxnqU6lGr07FSZJuta1bJVjkC+8aaLYfYFvgxcWcj37nqTKKT+hgnafzhwbqpXS9MKsrRVjsB67kyPBe1WaWMxr+/+E8xJ8n2QlZbCx/pOrmdBEKhBIIIyv7ujgVb3d+QLCUMh19u12beZ4tz70Pa5/AQI1CIQQaP5xx9bGN07HQkeAzqdndfQSqZd/yZwcYy6XceCIlCTQASxdty1gZjbJh0pe+ahYw/gW6mgFi90Ht9WOQK1CUR07Qj8JOPtEynWayiVijDQ3EOmzdBHDq3Q5RcfgRoFItQVlq7w9MaUIkg7/UNMWVwkDJnisBSPZascgVoFItq0t5PnyLob8M8BfOYC0XLvSwfU5aKFIFCzQETBd7L7zBUbpqiBeU1JJJpVMcWp6Xy+rXIEaheIJuhKe9rYc4BPzclpLhAd/2121eeszsVKQKB2gYgDxWjlZ9kV2Njcd96HI2VzbEJvdATg630K27dMBJZBIGJmr6xDnw4cPwdd98nyfmljUhHFtsoRWBaBiEZlaNShLZniqhSl3MfyPRadQbm2T2H7lonAMglEDDWJFzTkUoaVPpbvr2gXfaUz9H3qtO+CI7BsAhEdV6Qs9X1D1nVO//uJTwVIKk+WrXIEllEgWsnakDLOa0Pxs0GO82BFXfegk4y2yhFYRoGI0iYPmGKr9gxyrAyTjZh0Vv8/wXJ2KxiBZRVIHooSTZB3JPChxPWy4lZwV5+v6ctM9GdSalUlnNgnAJ8ymegsukwJt7tStQaqsUtJCCyzQPK3iPJ+fXsGcUqD+g6/QUrq3sPbuswCyecikct4lF9YMViyZcdteM8rpIZlJzpPSL07sFpSbN1NcrAFUkjPHqmZyy4QHdOVKBQ6MiudaJ4Bf9lxG6n7LX41JhqOAt6bqHo4oJusukxZJRVi4iHW4vfr0Vpogdxx97titDRR130oWvbtMoWnKDLYAhmt+y1+RRbIHRzlCbx1w27XNda61EchJhbI4vfr0VpogfwfSmVrf0Naqeo6LZjvexi30brgYldkou/Mj4ZbK2Wqt0AWuy9P0joLJA6rBRLHqhpPCyROpQUSx6oaTwskTqUFEseqGk8LJE6lBRLHqhpPCyROpQUSx6oaTwskTqUFEseqGk8LJE5lI5B/A5vHi9mzZAQskDh7jUB89UEcs+I9LZA4hY1ALgYOjBezZ8kIWCBx9hqBvA14Z7yYPUtGwAKJs9cI5BnA5+LF7FkyAhZInL1GIDsB18eL2bNkBCyQOHuNQJTl/XfxYvYsGQELJMbeplmiOP371lgxe5WOgAUSY3DLLFm1MYthVoWXyY7RmN8NYsximFXhZbJjNOYXeBqzGGZVeJnsGI1K6KC0PzJjFsOsCi+THaNRuXt1z/rX0t0isVL2Kh4BCyRG4bMBhZjoZlvdcGtbEgQskBjRRwDnAEpgfXKsiL1qQMACibF4LKDbcfUm+XSsiL1qQMACibHYpCfdFbg6VsReNSBggcRYVPTuCcC2wE2xIvaqAQELJMbi+1L2d99NGMOrGi8LJEblucDh3gOJgVWT1+3UIlFsAkeFQQAAAABJRU5ErkJggg=='),(47,20,88,'data:image/png;base64,iVBORw0KGgoAAAANSUhEUgAAAMgAAABlCAYAAAAI2qyuAAAOqElEQVR4Xu2dB7AtRRGGfxQDZhSzIkYUMWPGBComzFJmxQyYE2YQE4JZMQcMaImxLBPmjDmgopYBxBxKTBhBrU97YN66957d6XPOzu52V72q997Z6d3tnn9npuNWCvJK4OPG4EZeRjG+PglsVd8jjeqJDpR0gD3xUyXx76AJSSAA4lPmvSW9zljsLelwH7sYXZsEAiA+jQRAfPKrfnQAxKei2GL55Ff96ACIT0XHSdrBWBwv6eI+djG6NgkEQMo1spOkb0o6nbH4l6QrSDq2nGWMrE0CAZByjeTbq8QlLFnl8qxyZACkXC13knRkY/hekt5WzjJG1iaBAEi5Rm4oKTkJExechZ8oZxkja5NAAKRcIwGQctmNZmQApFxVscUql91oRgZAylUVK0i57EYzMgBSrqoASLnsRjMyAFKuKhyEOApzwlGIwzBoIhIIgJQrcltJ35N0XmPxG0k7SjqxnGWMrE0CARCfRjDzstWCMO9GTohPntWNDoD4VPItSZc3Ft+WtLOPXYyuTQIBEJ9GjpJ0U2PxIUl7+NjF6NokEADxaeQYC1CEC4GLV/Sxi9G1SSAA4tPIYZL2NRYvlbSfj12Mrk0CARCfRiJhyie/6kcHQHwqygHyOEnP9rGL0bVJIADi00gOkIjk9cmyytEBEJ9a3iNpT2MRyVI+WVY5OgDiU0vuKAyA+GRZ5egAiE8t1MSi9A/0QEmv9LGL0bVJIADi00icQXzyq350AMSnogCIT37Vjw6A+FSEWfexxiKsWD5ZVjk6AOJTy5MlHWQs9pH0ch+7GF2bBAIgPo08SdLTjMX+kg7xsYvRtUkgAOLTSF68+lmSnuBjF6Nrk0AAxKeRO2aF4r4iaRcfuxhdmwQCID6N7Crp08biJ5K297GL0bVJIADi08iVJX0tYxHy9MmzutGhUJ9KLtaoYhLy9MmzutGhUJ9KziLppFhBfEKseXQAxKcdeoOcEgDxCbHm0QEQv3b+HQDxC7FWDgEQv2YCIH4ZVsshAOJXTQ6QM0g62c8yONQigQCIXxM5QM4dpUf9Aq2JQwDEr40cIDTxpNrikHRJSeeQtLWk09uK9g1J/xzyocZ67wCIX3M5QO4p6Y1+lp04bGdtpx8p6c6dRpx2ER15yacnPIaawhThTiVUo4VcWF16TqfNL/+MpOvaJQdLevxSuZ/GjNYKl5H0EkmXWtE9Elsq1VMIj4SwWVOsIH715xG9H5B0Cz9L4aEnzuuhkq6xBH6lLD5iefaz7dwbACmdOlt+2X9k//yOpJ16sryepIdJukPPcc3LqS7PasYf/s4ZBKvabQxkqU1D39sQKfAOSffqO3AK1wdA/FrMvem/zRrqtHE+p6RnOGv4AoCjJb3FOlz93vEKlzOr2z9stUqsCONPZ5L0f0dIevXc2lwHQByzKxu6kbPwXLaXv0vhbU6Q9DJJbHW+XMijdBhdfN8g6cwZA7Zae5UyHOO4AMhytJYDhDz1lIbblzu5JU+XREG6Gsyy1Pp6jqSzZS+ClYsiebOwdgVA+k7h/7+ebRM5IViZ+tJdJR3ZCHjsy2PV13N2oUAeTUsTzWYlCYCUTa/zS3qzpN16DH+R7eFptDM2IjHsTY1zyd6SDh/bi/R93gBId4ld0CZEarm2aOQzrR3CHxddOJLfm33hvyrpOpL+PpLnL3rMAMhisTEJ2G9jMt2IfiEJAEHnkfS7xWxHecUDJL0ie/LJ1yMOgLTP00tIImzkgE2m8QskUern13ZNOqizHSH2aYpET/jPS0I+0Net9bXH1Fy1nAIgW6rn2pIOzUJH8l//ZIDBF8Dfm5QAcitJ76ta676Hy+sRw+l2kt7tY1nv6ADI/+KaHiLpPg1zJlr7lAHmvR1UeKwkHG9PcZh5O9xm8EvYSr5QEn4S6PhCC97gL9LlAeYMELYJeLWbkbCsEGytft5FgNk1HzWr1hz6pTdXkcnOo8m+2AaTm4SmS0t6tCTCKaAf2ipB85vc4dcTH/8tXM2h9ccNn0FfPmO5/nOS2JJCk51Hk32xbJaRNMRqgYeb+KJfSeJQSd7GMZJ+tqQZSZdbDu2TnjCZrFL7OULjz7ckGVbHZsoAubCkW0q6r6SrWnAfuRQ/WJEZ9vqSPjkjgKTVlnityUb6Tg0gvA+A4EtOxh1gOMysLBwmV0kXylYjzKFE9k6VCI9Jh/RJNy+dCkCuIum5ZpNnUmJleb0kLEvr8vTmYe+sXO+fKjosNotEsb9J2mbC7znqwxVf6VtbfBM6wmFHmih+jL8MpLS07aA1G2eSqVJ6zw9KuvlUX3Ksh0ksJ48xBxXvQK7EEyV9sQJFpYkzRUvWuyQRJYC1jzgzaJ1FKgZR75i2WJTU4YvFXh/iwA0wagoGnGqVxedJeoTJndB+trQQJnPOeZOlMQCEiiGkmSba17LsalTK1ADSdAiSB0JRirNaACedfSdNNQME4X8skz7BgekrVqtSMHnewx6uZtkukt/VLLPxZnbhd+2sh79jVm2va1TiRa0YAQ4+iPRV4pvGQIStUEwBYitIGPyYCGDsmUUxUyWSM8eLJeX5IJ+1skRjereiZ60JIGeyXOwUvkDH2OSZLnq5AQZR8vMPdt+Hm7l5gMcouiVxacicaosEZ5IDQ/kgPOVQ7vu4lqQvFN1lZINqAMgZLQyEnuMQRQsAxlCmWq8K0znkw5K6Zh9679l3PKszacOE3xB2gz+D7ezuLdUUiV8jzmwWjsGmIIcGCDndRMFCWKjwgveNou07OVZ9fc0H9dtbICXg2NFKCRFpcOIGQgFI7zR/E5ew1aLa42xoKIBcxIR9W4t+BSipOuHYhV8TQEgTpnQpuS6cISgYQTIX26fvLxA09bD+ml3Dloqt1axo3QC5gH2BUoFnlu23T0zilMghDANat3y5JzWsWCn2sb7t9G+nAgvV3LvGo5EU1VzJ0R2R0LOidSpwD6sKgqDJm6BkDCUvp0bUwk0pqNTppV7vKgkd7mIVD1mRyZD8ksWiEWVAa4M+RH+RpvMPxyD557OjdQCESuUEDt7AQhSwloz1AN5lgrC//6VduJ/Fh3UZ1+caHHWYYx9l4GAsgZnPN3CWRhLnlqr0PBTXzh21fZ5z9NeuEiBUHCR4kOqBAIQ0VmKU5kDpHMLW5m5LemHkiSw5KCcfEdYngjPZ1h3nuA/zgDNgXj0RdljhsMbNllYBkG0l3dhqulJrljgelme6Gs2FEkCIMGZFKSUOyhS+fm3GAN6sTG9dUuIXUdGpdFH+nFOu79VZH8sGCIfu+5nZEPMgS/YcKVU44d37ypgtzf6WDZlkxwSmiDQFJTYyyfaVM89FDk1b+E506zVp9lVemxIQ5pUk4TkmsBCHH57Y5FHuq7gpXE9DHGLHOGsROrNZpUV0gAkW/wKH7EQEBhJWvorDMSsTxoPmlooQEmLgaqgsX8U88ALkmmZOxI9xkO2FT6nizYZ9iDxuiQnXbBVAOnACBSsGxNaJOC6yIVeZ28K9U/hILqW25xxWihXcvRQgRKzyxWOV4EuH8+mnFbxPLY9AeAZF56iiQlIR201MpbRZQ3bs7yHMsa8yI8Y6TN6XbTE7E8lANUgO/EENCfQFCJU7+MpxsMN6QqTnXCxTfScP/ge60vLhIHIgAYJ+f/xZd6IR58PmmfDBVtSi77vN5vouAMGkiJMPMy37acLPOSzGPnXLaULxgp1tZeVDsr39zPYK2XFwL/VPeCdks3UBWZg841SLbHvlder4zQDCb3iFaZyCY4r01pSLvLQHGDEjzNmEdWDSvrutqlQ2IWaJ+lg3sf8HIENm3pEVSBYmqz5ECDtADuoggY0AQlAaPb9pQglAsEzNfSvF6gko2Mfz4YDObhYqChpwnsjjl+ijQT8N8isIBRmCmimzgJXOUF1jsoZ45qru2QQI5j8Uy8ESEyUWFjoJzZE4aBNLxdefLy7dXTlIU66UFFTyVlIZ0zb54IU+yn4YopAcFetp+5aI5yaqF8AGdZRADhCsLAkMWKioGuIp5tzxEaq6jMopJA0RDZvMrzwgYd/4NQiZ6Rr8l+/7WXW6jluGQJoHcgwCVCAJ6imBBBACCZOtnjq2lHaZA2GAABCEblCErkmvsajjkmA90m+Jj2IlWmd5zrS1S+/CdorVpEuPkznovNc7ApA8FmcOMf+sDEyYlELaFBimUIpELOOLT2sFKssfbQ0veymnx8VY0AAzYM8rrceBvIcQ2y4FIEmJhE9P9SvDV5xJil+ijXDk4dMhf2KZkQD4iuhFAnFQX8X+H+djW9IZ5U9JY2568Z1TZl7DAUg6Z2CinNKZg/MEYeCUsmkjjBB4kOlzsUpKMiXYkJKpyyKqwJA2i3UtJ/onkttPhEOQUwI5QLo4DZ23W+lwthasBARMbkaUtsEA0daIcxUPeIJNYoID8Y0so2EPFjXC3duIPolY2YKWIIEcIMQN4e0dC2GSJkiSA/AiPwPnCSxz9A9cNxG6frDd1HtYx+zMuaKNyBkhlfnkdb/glO8HQFBaqlyIZ/ikSl+Y+lkUlWMSkES0iDhbcR0OvCEJIwiZhXjcoUNsW8d5pC2qtu1ZMZ5sVqVxyr3Zh9Tdqck8+dkDq4snfXNZL4TXmpxrwiT4excimYh6sqsMF+/yHM1rmh5tfqdgG552DtFtQOHjRaQv54mNiO0a+lpHJHDJe49+TDp3MAHzpB7CStZRq2pr25/vagdm9tZ9iZxpEpRWXT2k73M1r8dxyNmHrWxO5ILTUBQQ0VeRDD8+DIsIfqkn4qJr4/dCCeQHc5xm7JWTWTKxvL9VPyxZVSghQ54Bka0UMKPCydXtD1aYEiL9lLI61NbaLFOvhPc6xhDqzgeh2Rn2zxb8uOgZHmThQIuui9+XIIE2yxWHX75mHC7biLALfAV429nK0AMQRxXh06TeJisNYFgG8XUlxIOzRE3Ncrzv1vR4L+KH2Zpq60FrlMAi0y5fOnIZ0gFzlY+GpYkCykdIIjd6DoQ3n1D5tjAXfByEwMy67M7Qk+A/GNNahMHT6LkAAAAASUVORK5CYII='),(55,14,64,'data:image/png;base64,iVBORw0KGgoAAAANSUhEUgAAAMgAAABoCAYAAAC0RL9wAAANaElEQVR4Xu2dB6x2RRGGX+zdxJaIiA00drGDnRixG8SGooANpRgRY7BEVOwoGuwVbFEBSywoGESNBSKKvQBWEAUFDKLYNQ/ZTYb9773fOfvt7tlzv5nkD5f/P2d39t0zd8vMvLOV+peTgooP6F9V13CzIbBV5wN6maRDgo4vl8T/uzgCzRDo3UD2knRkQGNvSUc1Q8Y7cgQk9W4gvoL4ZzopAr0byBmStgsInSlp+0nR8s5XDoGeDeSmkjCKy4dZ+U8wll+v3Cz5gCdDoGcDsdurCJAf1Cf7VFaz454NhBn5XzItj5N0zGpOlY96CgTmZiD4Qr4yBVDe52oi4AaymvPuox6IQM8Gcn1J5yXjeJ2kgweOzR9zBJZGoGcDYXCnSrqLGeW7Je2z9Ki9AUdgIAK9GwhxWPc3Y+H84TFZAyfXH1segd4NhDATwk2iEGpCyImLI9AEATeQJjB7J3NFoHcDYXsVw93BeBdJJ8wVbNd7fgj0biCPlXS0gdUNZH7f2Kw17t1AjpB0QED4d5K2mTXarvzsEOjdQL4paceAKkGKN5sdwq7wrBHo3UB+JOm2AWGPw5r1pzZP5Xs2kBtKOifA+ktJd5V0YQOYbyPpBsH/giefn1m9/irpWiH8Hoelywog0LOB2AP6jyXdruJ8kHtCf49PPPfrdflHSYdLOtmDJyvOSgdN92wg1kn4dkn7VcCLa+QHS9pf0tUz2n+TpOdlvOevzASBXg0k9X+UDnNnxeB27JEmpTd3yjw+LBe5GbzXq4F8IfxmB8LS8Ve7S9o1bKnWmiKbb0JyVjyD/FfSjSRxNnqEJIwsygslvXYG8+0qjkSgRwMhepco3ih8jJ8bOa71Hmdl2ncd4/iQpPePOFPYbMdLJO0k6XuF9PRmOkGgRwOxEbylV480fJ5pOF3ScyWxao2RNGfeAynHoDeTZ3szkJpnj/VIID4oiWvkHHmPpKebF/HZ/CSnIX+nTwR6M5C3hS0QaL1I0msKwma98jRbwvGIz4Qr6Cgkc7mPpOCkTd1UTwZyS0k/lXQ5SWeFPf3ZhQBKV6bPhhusEs1bb/+bJR1YolFvow8EejKQd0l6ZoDlBZIOKwjRbpKONe09R9JbCrVPEOXWoS1uvViZXDYJAr0YyDUlXWQw5WoVb3Up+VVyLXurcDgv0T5bLLZaiAdUlkC0ozZ6MRC85G8NuHwrbK9KwpQS0JUc97dDnBj6Eit2nZKKe1vTIlDyQ1lmJPYDxg/y3WUaS969k6TTzN+Vvjom3IRrYqR02wVh8KZyEOjBQB4l6dNG+dI64fFmixWldGiIvQBgu0VYTMntYc68+juFECj9MeaoZVcPfBUQVJeU9Aar9G/5NC24B0xL4rfSbU09mUTQXmxmgHyLvxSekZtL+kXFFSQNjSFv5TuFx+DNTYTA1AbCb/P7VdxexaZJfILKFCl9CVDT+z/RZ+HdRgSmNhC7vXqMpE9UmpovSXpgaLs0+YMbSKVJ66HZKQ1kZ0knNlg96OKHJiOxtK/Ct1g9fMmVdJjSQOzqwS0WORq1xDoKS0fdpof00k7OWph4uwMQmMpArhZIEKKKV5X09wH65jyC1/xn5kVSZPFdlJIHSTo+NFb6hqyUjt5OJgJTGQhxVs8POr9T0rMz9R/yWhrmXjp9tyW5xJDx+jMFEZjCQKha+28zhitIooJtLfli4PSlfaKEty3cEQGWBFoivoIUBnfq5qYwEKh1PhYGflCgz6mJQ804LPSumQFZExdvewACrQ2E1YO4qNsH3cj9SD/gAWqPesT6QEof0FHkFEl3DxqVTvIaNVB/uDwCrQ3kWZLeEYaxh6SPlB/SZVpMM/5q1Fm3Zxy4g7lGdtkkCLQ0EFYLe9aoffZgilInXg0D+bCkJ/n5Y5NYRDKMlgZChVoyBZGHSOLwXFvSSF7y0u9VsFM4ski5JQekhvEVVNWbykGglYFcV9KfgoIEIxKU2EpqHtLjDRaUQQ9tNSDvpx0CrQzkGyZL8J7hYNtqlPYalj53KETwhu8GzmCkBENKKzy8nxEItDCQ+0j6WtCJsPPtRuhX4tE0FISQFpugldMHFKSRcQXyB0ggXDYhArUNhPbhtI1yE0m/bYxjGkzIigLh2zLCdpFtI0JZBsuNtUy7/m5nCNQ2kPdKeloY89clsZpMIfYcwsdN+DtOyt9nKLOnJPwpyEslHZrRhr8yEwRqGggJSjjpolxZ0j8nwsVybkUVoBt9YygrfeZAvdIx1cRvoEr+WE0Eak6w/a2NgzDGK9Ucz0ZtE3FL5O1aAsnCpyRdKfBnfUASEcfEVhG+Hksi2DE9TNJxUw3G+22DQC0DeUbCUVurnzEocVh/fUIgN/R9mFA4c8DQiFCv8BpDX/bn5otAjQ83jdblw7qgE4jYIuFd56AeU3BzVOPcwZ9/5bzs78wHgRoGwrYDTznyKkkv6RAOqE653aI+IYbCz7lCLj3bM3tbl9uWv9cZAqUNxHrMGWrp9mvBdz1JXEGfH7Zg/5BEJiKhKpRX42yySAjjP3rRQ/7v80Kg9Af85cAsCAp3lPSDecGxhbZkPVqWeeqVYDAbCXFZLeq5zxzaeahf0kDwkJ8Rhv2+pPLSPNC4rJZPlkT1qSh3Nhy/T1wQqg8OVJvyM8ocZ97oXNJALAlci0SomtDfQ9LJpoP1vO8pr3Cq01MkURzUZaYIlDIQ6DYpA4CUJkVoDa2Ns6LvIT4cKvF+ZgNFb50wq7Qek/eXiUApA3lDCN0oWdosc0hLvQb90N9MC9RM3H9giySAHS7pgA2ebx3JPFB1f2w9BEoYyLUl/TnklnNA5ec5Cv4b+LNitPHHJT0hYyBg8AdJV9zgXTz1JI/ZUJyMrvyV2giUMBCuNvFSM+l71Va4Yvs2XguCazIPlyGUgLkebDZKpKJQEF55OIkpH03ejF3BKg7Xmx6CwLIGcgdJ3w8dUWbAFqoZ0n8vz1jihc9L4vBdkquLMwhhLg8fOOBzQlIZZRS4LODSI84VQZ/cjkVuMf6e6ACqBJOtSUAoRsfP+HNgrCzJJDlwCJvjsWUNBD8HFD4cUPmo5ihHmpWPDwlfR80KUWzldpR0N0mcSVpUxV12nuc4r0V0XgY4JhkSBGSudDccwvcNY4BU4uAiqI5vhHnAscpKQHYieOYK0QCsPKzmlHpgJaF+u0sGAssYCEs8vw0vCaHhGd1P+gpsJDjzEKJ1P2rC2idVbI3OKURKOAw3ZZyL2IJR0sGlMgK5BsKHxQeGwCoYfSCV1S3SfEpmzbYKxncXR2ALBHINhFCKeB2a28YU02G3VPTvXFZTzMKM+sz5uK0zbW+Tn93zsGE+hAExyjGS4p+e9XbdJkYgx0BsOYGc91sPOeXF8lWj9QzMuL+cDzw6z2qXTVsWVrIHXxmyB2kLYgZSgWN++bLt+/srgMBYAyEQkZwPZOtM2pxWsOKdfnTojBsqQtRdHIFRCIw1EOKsiL1Cxr47SrElHz7VpNF+MgRSelmCJUFdxdfHfOTkcV8UQII+B/K13oRcePhySZVFcLpBDeriCGQhMMZAONzCJNjr6kGY+REGBSeUzvok/CWLwBgDiYdz9vLs6XsS8jAODAqxlUJHInJdHIGlEBhqILuYgjcQphEt2oMQu7S7uanCt9Ei+K+HsbsODRAYaiCQMDxV0pgMuwbqXxosSdAk4iEjLRBfsT6GGEg8nLPF4uceVg8849DvxGBD4qs4I7k4AkURGGIgMdOul+2LDTbE6YdhuPOv6GfhjUUEFhmI5bqa+mqXXO9jDTEd17n7+VQ6AjURWGQgFKeEv7Z0ddixY9pZ0onhJbZ6hKd7EtBYFP350QhsZCDbSDortAjvFVlqUwgrBQUzo8AGYulAp9DJ+1wRBDYyELLWqAMOhQ3/bS2wgpB3YvuGDtSGrbfWyftbMQTWMxAo/TmUI4Rt/KYxLnb1il1PuYo1Hr531wsCaxkIv7kvDgqeEpg3Wup7X0lfTTq8hSRqCro4Ak0RWMtACO6LdJv8JocZo5VAnkDOhhV8L9FgW+nh/TgClyKQGogtgPMKSYc0wmkHSbAMWjk9FLFppIJ34whsiUBqIPFgzpPknsPKV1Oom35SoA+y/ewqiYxFF0dgUgSsgUBd+fOgDRSZUHDWEGg0qQlIrsYeSQfQbMJl6xWaaiDvbY5GwBqIJWpe5EAc3VEggyZfg0pNqcCxRbLT2TkN+zuOQC0EoiFQwDKmpBLafkKBDknNZaUgT2Mt0mayE4+X9OpAgL0Mk3oBdb0JR2BLBKKBQLu/U/jnnNWD267dQvEYrmQXybmS8Gv4irEIKf/3SRGIxhB/e/Pb/MULNIIjllIHlCbbM1DzDx0EBWO2N7ntQ9/z5xyBSRDAQK4SCKhRYCMqH7L3DpV07wxNjwqRt14cJgM8f2U6BDCQbU0oyVrbKyq1QjGKgQwVkqpIheWMQUEXF0dglghgEFDrn5acPzAG6lUcJOnGycjYjkVDYkXgZuq4wPbu17Oz/Axc6fUQ4EOnxkcs57WPJGKhMBDKIVthm0SMFFWluPG6wGF1BDY7AnElwJu91haK9FZqELpXe7N/CT6+NRH4P/tIBIeCVhNlAAAAAElFTkSuQmCC'),(55,14,65,'ghjghj'),(55,14,66,'sdfsdf'),(55,14,67,'sdf'),(55,14,68,'pritam'),(55,15,69,'data:image/png;base64,iVBORw0KGgoAAAANSUhEUgAAAMgAAABcCAYAAAArr/rLAAAKC0lEQVR4Xu2dB8hsRxXHf7HHbuyiJlYMliiWoBE1FtDYayCoUbGgsSMqKliIWMGaaCzY0FiCgrFixxgVCxJbrLEkiopGY4klRvnlzfiGcXff7r17v/125hx4vPfYOzN3/uf878ycOXNmP/qTawInpW4/CDizPwiix8sisN+yDzb03MnAvVJ/jgGOb6hv0ZU1I9AbQS4MnFdgeAhw2poxjeoaQqA3gtwd+HjS3+nAwQ3pMroyAQK9EeQ/BYZHASdOgGlU2RACPRHkMOCUQneXB/7UkC6jKxMg0BNBytHjM8BdJ8AzqmwMgV4IciXgd4XudPWe1ZguozsTINALQcrRQxh76fcEJtNXlT0YymWAcwq1Hg28sy81R2+HItADQb4I3L4AqIc+D7WHKFch0Lqx2L/ziz67DrlKWEEgsCwCrRPkucCxBRgHAGcvC048Fwi0TpBYnIeNj0KgZYKUYSWCdEQRZjIKtCjcDwItEyRGj37seLKetkqQQ4GvFKidChhqEhIIrIRAqwSpR48rAn9YCZl4OBBodEe53hhU0a1+CMKIJ0agRcN5L3BkgdvzgBdPjGNU3ygCrRFkf+Bvla4MVPx9o/qLbk2MQGsEefyMM+at9XFik4jqSwRaMx6P07r/keVFwPND5YHAUARaIsh1gJ9WQFwW+PNQcKJcINASQR4NvLlQ6ZuAx4WKA4ExCLREkM8BdyrAuANgqHtIIDAYgZYI8jPgwITEb4GrDkYlCgYCCYGWCPIX4FKpX/7bDcOQQGAUAi0RJIITR5lCFJ6FQMsEuRBQkyasIBBYCYGWCXJJ4NyV0IiHA4EKgZYJchfgs6HxQGAMAi0R5AzgoAKMNwBPGANOlA0EWiJInaDhj8AVQsWBwBgEWiLIrYCvNTyFHKPnKDsQgZYIUl+OIyQt9W+giqPYGARaM6DarXvR6kapMVhF2Q4RaJ0ghwOf71Cv0eU1IdAaQZ4EvLbA5mPAPdeEVVTTIQKtEeTiwN9jod6hJU/U5dYIIkwRkzWRsfRYbYsEeRfw0EKZLfaxR1vdSJ9bNB6vV/tlgWYELW7EtNpotEWC1NOsuM22DVvdSC9aJcgbi/PoVwN+sxF0o9GtR6BVguja/UjSzlHAiVuvqejARhBolSBes5ZHjZcAz9kIutHo1iMgQR4IPDa5R78KmB1E+S5wCcAYJ8UM6Z7z/gfwZcDFsHmnvrcLUbhYes/8aq1+CHYh9G29kobzLeCQOd36d0GQ+pHzgIsAZhNR/gqclEI7JJcXZm5Syv2QIMgmNbHFbWs4U5zbdjfb8xgnAB8ETtsARkGQDYDeWpMS5JQFty8tGkFWwcIRxdHF3LlO43ZCfgJcNzUUGd53AvEG28hTj/cDD676541M70gjwJlpDeIjXiXgtOoGwM1TLqpbp+nW/YErp7vJ3aCbJT9MbU09qnwIuF96gfsAJzeov+jSxAiUc/M6dWduWjJ4Cc27l3yXqwPXAG4KuFi+Zbph1kV9KYahfwF4JWCit3WL4SaGnSgS/RHrbiDqax+BevHqKOJoMktcUzhNesxAWKzbqwgceSROScBnAh8YWO+8Yk6vnGYpThV1KIQEAishMMu7Y2aQpwJPmVOTVwy8GnjdSi3tfdj6Hw68sCr/DcBz5esS+3Z+UVl4staFbEf1zDMac9zeDHjFPq5PfiTw9oF4XTtNfcqM7Fbl1Mt6s/t4YPUXFAtP1hj0ouxSSQ0eBbx1AVZ6qJ6d1hNDL6v5elqr5GaczjlKvQ84fYSetpkgfjjiuPAI5a+j6CrTDo+yeqR1nri7bkjHUKXeMY1GZfI325IgLuTdTzl7xU6765/XO9uQilQHh5f+iIUEWUU/K0ITjy+DwKoK0HhdaC/yCH0J+DTwgmVeoHrm0sAzCgMpfz4H8IrnXycSLkPEZwEvTZUcBpw64J12ooh43he4cwrfyW2uqp+deNeu2hiqgEwUPVP5To5ZwLmQd+T58QBUTRv6RODgOWVdoxjeoqtYD9gswpT3Frqe0lu2W8QR4ugFHxuxe/Juedle32MoQTJe10tuX12/B+wDRBfznwA+uuK+hyT063rv6utaN5f3VWynXODndYhTtXlk2wn9Ozq636MbXRe0+0O1uJnp3Yo5VH8n3ivaWIDAWILkqiWHu9VHzNiRn9f8scCnUuiJa4V9SW7Dr27t+arLShI9YYpxYWY7UdbV3329a/m70ydHLl3ON55R0KBON2Gftkql8ezOIDCVwWjA/rkRcGiVdX1RzxxhnC4Zr6V3bJ7k+g1rMVx/1n2E3lNofe7buB7SEH1uiuDM+j11kbvQfvqcvptD2Bi4D49wauyMhXTeylQEqWH13MgD0npkyN2B3waczrmWcf/EKZSuYcUzK05ZDEi84Qx9SjZJqhj+8p0FOs/7P37t/fOv9HcmlaOR6x49Yz7riOBveWSQFP52u6oNHQwmkjASYYjzonMz3Vz3d4ogs76wesMkTWvy87TWkAxKEGKLNbwpgtSQ+eU3Mti7zfWQOSJcCzAi+Pvpq+1XeVPxVI5YjgKOVp8EHNFc1ziauPAuD4cZMjN0w3SLTanNV98tBBmDroRyCufUTUJ5RNhpzm1SPJlTr1IMXPwn8Iu0DjCg0b0b91ecQvn7r8a8UJRtB4EWCLJIG/dI3qzyrItTnjpQsh2NRk/WikDrBBEsyfGeanrm/x9WRfuuFdiorA0EeiCImnIj0w24Wi6X1hZtaDN6sXYEeiGIwM3b/3ANo+cpJBD4PwR6IogBlN6dPktck4Q7NgjSNUHKwMV5pqDrVg9XSCBwAQI9jSCLplmlOcR1CUGO/yHQG0HcdDQ+THHjcd75kN5wCUrMQaA3Q7gF8M2ExcuAtwA/moGNZ1jmJa0IY+oIgd4IUk6z9Go5nfKcxqzQEPN4ndWRLURXZyDQI0E8pfeahEW+fcoI4drVa4zVkMjjMLSGEOiRIMZm5eBC839lsngQq05hdP0i+VxDao+uLItAjwQRG4MTXaS7N3K3Aqx6M/EHxaJ+WUzjuYYQ6JUgR6YMKary8OJU34HVeXZD3A1HCekUgV4Joro9J64nq84eYv4ts9RniWlWp+Sw2z0TxCR4unPNhmLWFEcLxUNRXv2wf/q/O/DrSIPasZltb9d7JohaOyOdYHxIlV3+bUW+qmOA47dXxfHmYxDonSAmpzsupd3xPpEsBi56Zl6JQMYxFrblZXsniHm8Xp6ykpiZJN/Yay4rRxFlTAb7LTePeP3eCaIFGI9127QHkpPNmXcrX4ddernCYjpDIAiy5zIfr2hT8ihSEsSUp5EKtDNi5O4GQfYgYYYT0wzllKXlGsSEdWZnDOkQgSDIHqXrqXp90r877K9K2RhNf3qTDu0iupwQCILsNYUcZnJusQdiYOPQuxjDyBpAIAiyV4nm0HItYkLsLLFAb8DIx3Thv0gfaWyWnXtZAAAAAElFTkSuQmCC'),(55,15,70,'data:image/png;base64,iVBORw0KGgoAAAANSUhEUgAAAMgAAAA+CAYAAABuk1SaAAAK5klEQVR4Xu2ddew0RxnHP8XdXQIUdwguAYpTSoBS3IpDi0PQBgmhxa1YcdcWd/+nhRbXYMWlOAWCF8gn2SHDsHu3Mns3e50n+eXNezfzzMx39ns7M4/MHpQl5wMOb7q0H/CTsrrX2ZvrAO8CztxR4vfAXsCXFjKe2s0GgT0KQ+IA4EVNnx4OPLew/qXdOTvwywF9vA/wigHla9EtI1AaQa4PfLzBxH9vuGV8VjV/a+AdI/r3AOClI+rVKltAoDSCnAf4aYRDaf2za6cGPgdcasJ8lTiuCcPZ3aolTtS/CybIWYDfrHgcPgX4FgxjOB3wduCmSZ1zAL/a3cdqd0ZWOkHOtuaB3ORMXBT49ooG7w8c1vH9UcA1ou8uD3xlk52vbY1DoHSC3GbkOn8cGt21zgAcv0LpRYBjV3x/BeCL0feljCs3Tjunr3SCHAlcuwDU42Vf3J1jgKv16J9LrT9G5R4PHNyjXi2yZQRKJMgXgCsWtA85CHhKyzw9Enj2gPmLSfZ+YJ8BdWvRLSFQIkG0g2gPCbLpPoYN9Ycaw99vW+ZmX+CdA+fsDcCdozoniTbzA1XV4ptCYNMPX59xuT4P1nTLb7KPt4oefPtxREuHHws8rc9AkjJ7A745gtwXePkIPbXKBhHY5MPXd1gXAH4QFb4E8K2+lSeWuwvw+kbHccC5En1vSt4CQ5tL9zIl4j90TDtdvsQJOinwzwh1H9i7bWgWPI36Tkdbvwa0X3Rt2Pt0sRKkD0oFlSmRIMKzzQepjQBfBTyq/dfEubsK4MlXkJsDH5ios1afEYFKkP8F9+TA3xO8P9xiCZ8yJTEBXwg8aIqyWndeBJZCkLsCngLNLfdrcSQ8FfC3jA27Mb93o8+9lXusKoUiUCpBPEL1RCnIq4B7zYzhbYG3tbThnmjq0ipWe2PAt1KQM62x0s887Kp+FQKlEiR9iH4H6Cg4lzx6xdHt84CHZWxY+8cJkT7fjL4hqxSIQKkEuR7wyQQvI/L0ls0tse1D3W6irxo1otetp1c5ZZuHEDnHsfO6SiWIwOuHdc1oBg4EXpx5Rm6WnCIZAPXW5i9u6kbAxzK2XQmSEcw5VZVMkMcBT53xLZJa7F8GuEm/HPDlpN1vApfMOBHpku40wF8y6q+qMiFQMkG0EWgkjBMhjHXzSOG6J/DK6MP0NKnNFpITq9QYeifgzZnmtKrJiEDOSc/Yrf+qejWwf6T4s8n+YEyb2h1esEZnG0FOC/x5TIMddeI2TORgQocqhSFQOkHaNutT9gNu9D+RzEHbMa7HvR77xiKxNOzlEvdTJnBQvgFcOpfiqicfAqUTxJGmG+nXAXcfAUF6WqWKrvGfEvhr0kbuGI40K0q1h4yY1LmrLIEgYmCmEzOeKJ9OTrf6YNQWT36yxB6R6jHtkAkYYllXp09fQplTJBZ631q3H6Kglp0fgaUQxNiJkBDhZ8B5B0DTRo4+1nFPljRQ+iAH8ZTL065cUo97cyE5k56lECRdHl0oiRnpgkc/qvT41AQMcXz4Kmg96fLEK5acmFWCzPRg51Kbc7Jz9alLT/wwuX43F+4qcTn0j6TAUHuDSeLSkyuNly7zckhK/MsCX8uhuOrIg8BSCHKlJpvhkKWO0X93jGA658A8uqHq3DaRWP9DgefnmdqqJQcCSyGIJzz6Zhm0pKzzy4pDZy2vFVxr+Bg5P/CjpGLOX/qYIKXnIx6D36LrLIUggmw+XN8kyqrNsnHkP49mRfuCdoYpkr6N1OXmPV3CjWkjtrn8oiUOfozOWicTAksiSPxL+2TgSS0Y6Epu7lzfOIrHtKlX8BjoTPzm3R4Xjiobu36xMcqSOqnPWU0HlAHUXCp2jSCviYyIjwCekwuoJtHbexN9D0ncVsY05xUPH40qeiz93TGKap38CCyJIF5U44U1yj0AyRCLSdlCWO4tgPflh6s1o4mWfpPMjRWdMePkdGZrNGtjlQIQWBJB4oyL6R7kjIDXnClG/xkFOId0XX/gRn7KdXHx8tH9U/AamGMMVecABJZEEBMdhEyEIXYjDNVxfAQwr6+xFnOKS6CvA2ZAiWWKL1VMEI2YGjOrFIDAkggiXBrtNN55ehS7gOSA0k2/LufeAeLdiO9ZoTR1oIyJOqYvMUGGutKMaa/W6YnA0ghiHEfII9V1ktVz6P9XTAt2cDnXFd0Q31Xy2paMj34Wx6/07UtMEPNy6U1cpQAElkYQIfs+cMHGw9dro3OI9w26bAqyjnwGTxmr0nYQoPvIuwd2yiNkb50K49tzYP1afCYElkiQOGeW9//dLgM2Lq+e2IMg+nJZ7lEr2tQ1/+oDN+3VaTHDJM6hYokESRNMmwpI15MpcgjwmEhB6i3shT4S08zzsTyriTKMs9GH78+aHN+u6l8lyJTZm7HuEgkiHG2huFNcStLY93ALrZtxN+t6BsdiRKORjUE8ljUJdVgmhc/7uqNUgsz4kE9RvVSCOGazEcYPqZ+tc2Lswip9QDU6vjEp/MPGO7jL1d390I9bGujjOlIJMuUpnrHukgkiLF6tfGjkxOhnt1xzRJvC6YbfjX+XaFvRct/n2mZ9s9ou+1lHkkqQGR/yKaqXTpAwdtPmhOTWQ1KFalNx7/GEFhDdczwQ0C4xRK7bkiJVh8k0vj3oTHP1+vmuzMsQ3Iosu0sTEY5/Bdoj28u0IO54jeVwE+5bwbdNKt4k5XJpypUHnnI9PVHsddHx5Tnh67YMKrs0L0U++H07tWsTEcdW6MwoCbx/w7vW7wDcoAFGS3xwFflDi2tHDlx8M3k6FkQfK9OaSsBY0iyL9Q3S9+ndQLkcD8IGutm7ia47PlIFOj6a5+qDwGcAf92DmALUVKA5xI1+rOstSRiwbVSC5EB6Jh1LJ4gRhs9Ysb6PYdPbVy/g+JKc1EBo+bEnYW1T5PJJwplkIkh6HF33IDM93DnULokgLol0JvTXf4h8D/DyzDjmItRPU4zOEfJqDIuxLLGkuNdTrCEzusGyJRNEI5uBQwc1HrxDYHHtbyb4IG0BVJu8pEeXmP2i/hgkFeJX/LgSZMjsbrBsSQQx2cKDAUNQ/cUfIqbLMSm11zUHiZdPf2oSwPmgBvHoVZIEGZPStG8fTTl0XFT4KOBa0f8rQfoiueFy2ySI+wd/2W8CnLvFz6kLCg12ur3rAqLNo0vUKQku3hSIg6za3h5XBj4/I/4pCU4PSFylEmRG4Keo3iRBPGEKf0P67JvBh9vr0Yam2dH13Lohll3PX0nlxTyxq7w2i9hZcUj/+pZtS2Nqdkj9vuKr5tS3yXnp2/8TZbm5J8JljpbleCmzCmizeeghe3iTvifHpMSx7LqBhDdK0G2C6n1nuiA07r9Y971Oeu55yYHriUJH7onQN8pfZvcRZmTvIwYneZo0NblbV1veWHv0io7kPNZdN962+w/TOkckG/p1Ouv3MyKQiyDea2E2kdjgtqrbksLlhZF0c4vRf9oi3O+k0ie0Nnf/9gHS/FqhjQOAl+RusOobj8BQgoTUnxLB2Gsj7Dyy7JOmRtcPM49s47JK9z5mRDE9kOJpluSY4971PrOhTcfE2saVnNDk/jXDYmov6aOrlpkRgS6CGKPtptXoPQngPRu6hQ8RN8M6DT4zuYt8iI6cZfXJ0hZh/iqJ0RYFmLO9qmsHEAgECXdSuBwxt214U4wZ4vENufQ7io1hY3TVOhWBrSIgQdr8kcZ2KnjQjq1f61UEikLgP/YSuk7narqlAAAAAElFTkSuQmCC'),(55,15,71,'dfgdg'),(55,15,72,'fgdfg'),(55,15,73,'sdfd'),(55,16,74,'sdf'),(55,16,75,'data:image/png;base64,iVBORw0KGgoAAAANSUhEUgAAAOAAAACPCAYAAADjj9duAAAO0UlEQVR4Xu2dC9B1UxnHf2oqitwmXTCRwrgT3ShUEoVminIppJFhKqUoSqlJV6SJGSpEZr5oTCFUSrqQO4UuDBpSLoNBipGav2/tZtmd856z97v3Omu9+79mzrzf9757r+dZ/2f9z1rrWc961hIsLheFn1uHn/5hBIxAAgSWAD4DfDrIOiL8P4FoizACRkAEVLkVWA24A1jVsBgBI5AGgYqAZwM7BJHV79JoYClGYMAIVGQ7Bjgw4HAmsMuAMXHTjUAyBCoCrgPcEEn1KJjMBBY0ZARiov0A2CmAcQBw/JCBcduNQAoEYgLuC5wQhGo0fDXwUAolLMMIDBWBmIB7ASdHQOwKLBoqMG63EUiBQEzANYCbI6EXAtukUMIyjMBQEag7W/5TA8LOmKH2DLc7CQJ1gmkNqLVgVTYGrk2iiYUYgQEiUCdg7IgRHPaGDrBTuMnpEKgTMI4LlRaODU1nC0saIAJ1AioeVHGhVdkbOGWAuLjJRiAJAnUC1iNi3g+cmEQTCzECA0RglJdTJyJWDlh4K2KAncJNTofAKAJWR5OkxS+BLdOpY0lGYFgIjCJg7Am9MxoNh4WMW2sEEiAwioBbRSkqpMLqwG0JdLEIIzA4BEYR8OXAlRES3gscXLdwg1MhMC7ULA5J81ZEKmtYzuAQmIaAvwCcLW1wXcMNToHAOAKeAewcFPgNsEUKZSzDCAwNgXEE3Ba4IIBxF7A28MDQwHF7jUDfCMx13CjekD8IOLpvZVy/ERgaAnMRMN6Q9zpwaD3D7U2CwFwE3B84LmhxFbBpEo0sxAgMCIG5CPg84GpglYDHu4DvDQgbN9UI9I7ApJQTurRFkTEqnob2bg4LGBoCkwhYD0vTfqCI6GIEjEAHCEwioERcD6wbZN0IbAI82oFsV2EEBo/ANASsp6k4Ejhs8MgZACPQAQLTEPCFgI4lVeWesDF/XwfyXYURGDQC0xBQANWzpTlZ06C7jRvfFQLTElBbEpeHSzwl+xbgDT4n2JUZXM9QEZiWgMLni8AhEVBHAR8dKnButxHoAoEmBNSWxFnA8kGw1oW7e1uiCzO4jqEi0ISAwqjuEf0q8LGhgud2G4H5ItCUgJIXR8fcG25Q8v0R87WE3x8kAm0IuB1wXoSWEvcqga+LETACDRFoQ0CJOAY4MJKlkxI6MeFiBIxAAwTaElB3SPwMeEmQ9W3gfQ3k+lEjYASAtgSsO2T+ASxtRI2AEWiGwHwIKEnXABsFkY6OaYa9nzYC8xoBK/hir+gOwLnG1QgYgekQmO8IKClK1vThIM6HdqfD3U8ZgScR6IKAqifOpL0I2NX4GgEjMBmBrggYR8g8ASh/zJmTxfsJIzBsBLoioM4M/h5YMcAp8n0I+Nuw4XXrjcDcCHRFQEnZAzgtEmevqHufEZiAQJcElCjlEVU+0arYK+ouaATmQKBrAtbvFtRUdBdbwAgYgdEIdE1ASamnr3AqQ/c+IzAGgT4IKFG6YVejocr5wPa2gBEwAv+PQF8E3Bz4dSTOt+y69xmBEQj0RcBnA7rYs4oTdYSMu58RSEhAidKod1Ik09sS7oJGoIZAXyNgJaaeSW0t4M+2ghEwAosR6JuAdYfMOcCOBt8IGIF0BFQ6wzMAJfetpqan2ABGwAikGQGFcxys/SCwrMFvhYBSgWwALBNy8PyxVS1+KRsEUkxBq8aeDuwW/mOHTLMusE74Ets5eu2xEH97IXB/s+r8dC4IpCSg2hyfnneEzNy9YJtwL+NHgFXneNRfZrmwqYUeqQmob3AFbGs9eBuwegudF/IrLwWUd/W1QDzaVW2+A9C083XAM8MvNfptAejyVJfCEEhNQMGjdPYHBZyUS1QXvAz52uvnAhsCnwXksKoX3UZ8M6CRrjrkvGUNM4+ChRGvUncWBJRseUWrb3h5RLVpP7TyFeBZwPojiKcvpocAPXMd8NcR4Oj3csio3ACsNzQAF0J7Z0VATbVuigAcwje4pt2bhctsRo10gkMj3LEhjG9S/1IuVoX8qTwCPGfSC/57fgjMioBCQmsd3SuxSjQdVYr7hVZENo32OhGibYS4aGT7KXAFcHyDhqtOObTiYqdWAwBzeXSWBKwwiDOq6f75lXIBp6UeIoc+2jrQLcIr1OqR80kf7Y1e3FKGCK1pfFUc7N4SyFm/lgMBhcGttdGhlG9zBRS8Kay/FOf6MLDPCKPKiaJzkfrolIiCEdoWkftI4NVRBRo9D2hbod+bHQK5EFAIxGnu9X+th3Tpy49nB89TJGvdunHo/Pr3pCLn0l+ASztuw8nAXjXhmt6K3C6FIZATAeWO/0ItqZPgvCyQUYHcqU5SrBmiTD7VwJ5/CmQT6TS97KNoWiuPZ1w8+vWBdKI6cyJg1eT6NdjV7zVt0xVoWu9ordhFkWdSo9l+wHtaVngqoFEpxV7ml4CDa3rmaMOWUA7vtZyNJ0fDd4ClambR1PTQsDk9zmJaQ64RntkzrC81empk0+dFgcTVCY2mllddWnPpjsTYidS0nqbPa5SV/lVRxjlnIG+KYkbP50zACiZ5+xT5UfeO6lpsbVjfGTJwi0wirT7j9tnaQq9N78PD1dyPt62kg/fqZC/Bfh00e+FWUZIB66frZRXdQ/G04Nav77G1sdrVwNfDvtztIRqlTT19vKORTyNgVRxL2wfKiessiYCCRpv334iuxm4DVxXmpT04OXj0ua9NRTN4Jx4BFcSgWYBLwQiURkBBrYtg1PH0WQ5Ysoa/nCH3Ajo5cEn4m5w2GjFUqp8lmi0m4BDC90q0USOdSyRg3MDKiaI4SE1B5aLvykPaCMgED9fT/nsETAB63yJKJ2Df+ORUv75gFDFUlaGeIsnJJvPWxQScN4TJKhgVgG37JYO/H0E2YD+49lXr3VF2OXtB+0I5Yb0mYEKwOxAVRwn5BEQHgM66ChNw1hZoJt8EbIZX9k+bgNmb6CkKxsEIvvy0LNuN1NYELMuI8eWnR0fJrcpqhbX9HwImYFmd4bvA7kHlRcCuZalvbesImIBl9Yn4NMSXgUPKUt/amoBl94E4FO2dtbwwZbdsoNp7BCzL8DEBlR37V2Wpb209ApbdB2ICvgC4q+zmWHuPgOX0AQWcK+taVXQOMuVp/HKQKkhTE7AcY72slpTKtivHdmM1tRHLMaK2H7QNURXbrhzbmYALwFZKlfEBE3ABWNJGLNKI8WUsaoBHwCLN+FSlbcRyjBg7XK4NWbrL0d6ajkTABCynY8QE/Fi46LQc7a2pCVh4H4gJqItZflt4e6y+1xHF9AHdB6+rqquim3UfK0Z7K2ovaOF9YG3gD3aeFW7FEep7DViGTXVr1MdNwDKM1URLE7AJWrN7tn4pi+02O1t0KtmG7BTO3iqLHTAaCXVNmcsCQMAELMOIMQGVDVyp910WAAImYBlGjAlom5Vhs6m0tDGngmnmD5mAMzdBPwqYgP3g2mWty0fXpzkZb5fIZlCXCZiBESaosD3wo/DMHsDp+atsDadFwAScFqnZPXdw5PVcsaDLRGeHWEGSTcD8jXUaoJFPxfbK316NNLRBG8E1k4cvBzYLI59GQJcFhIAJmL8xKw+o7oX4RP7qWsMmCJiATdCazbNXABsCGwE3zkYFS+0LAROwL2S7q7caAW2r7jDNpiYbNRtTjFRkDeBmwPt/eduptXYmYGvokry4I/BDQMeRDk0i0UJSILAKoKwGd5iAKeBuL6O6EXdP4NT21fjNjBDYDtgb2Fk6mYAZWWaEKpeEb8r1gevzVtXaTUBATrS3AR8EFF74ZDEB8+03mqbcHtR7EfC3fFW1ZhMQ0Gin+xxXqz13ogmYb995K3AO4Byg+dpoLs1eDmjpEGczr56/NPz+KhMwX+N+DvgkcASgtaBLPgjoZiotC94ILA3sBdwGKGrpVYC81yuPUfeUsAb0FDQfe47URHk/XwnsAJybua5DUG9j4OQQFNG0vTcA3x/1ReoRsCmUaZ5fB5DRNP3cGnggjVhLqSGwUrgGfMsxyPwcOAnQ1XHLArsAWq+raETU/u2ZwHnjkDUB8+xz8pQdC2it8Jo8VVzQWmkaKezHFY2Eh2sfb8QDawHKYjdVMQGngin5Q18DPuQN+KS4Px04BPj8GKmakSgw4pYutTIBu0Szu7q057duSMbrFITd4VqvSdd+y5GiKKNXjBHT6xrcBOzPuG1rXgG4CdDPnYCz21bk98Yi8HpgH2C3MU9cBewHXNk3hiZg3wg3r38r4KLwmhwwWsi7zB+BN4dRTus7hYPVy/3AQcAi4J/zFzddDSbgdDilfEpRE2cEL9p6gG7GdWmHgDbD5cTS9d71IkeJRrqjgrf5iXYi5veWCTg//Pp4uwrAVt22TzOEFW8p0m0RNsfrbyujnKb3F+cys7CBmxk4xdMxAT0FHY+4olE0Q9Ce6ePACWHdHL9xJ3BBiKnVVD676bwJmIJSzWQoVEkxhCryzuksoAvoToy3A/sCikoZVbSOuy6McJcB5+cOnAmYn4WqI0jSbMgn4TW6KSfquyeYSF9Q1wD35DjCTepeJuAkhNL/XdHzldPgeOCA9Coklfh84B3hIw/wpPJXQBniFAZWfJIqE3CSudP//Thg/yB2lichtMbaAFgy6LJUOEiqaeC2IVeNUubfGjy18iL+G9BPeW71b/3U9do6OSDXvv69KaBEUwrZmrYcBnwLuHvaF0p5zgTMz1KxE6bPEbAabdYMAcQvDgRRBM4yM4Ll92E6qWzgGt3kRFnQxQTMz7wxARX0+96OVJS3UNH6ItpbWOzUSFkeCR5J5Tn9e3CW6KJRrd3+lVKRnGSZgDlZY7Euiv2U80FF0zlNSc8K/9eotRwgb59GCJFIHVgBwhq1dARG075NQi4ZJfTdPPyung5hXMtVn+r9HfCMMO3Tvx8ENA2VHP1en2cBiqfU30QifaSXRrJHg14im8sYBEzA/LqG0tXJE9q2aO2lyP5pSuU5lLyfADr/lt1e2TQNKfUZEzBPy30zeAU12nVdRDodEtXHZOsa3Yb1mYANAUv4uNaCOok9jWu+rtbDIVeJpqT6VKFXJlxCA04j6r9QGAR+eRDIGgAAAABJRU5ErkJggg=='),(55,16,84,'data:image/png;base64,iVBORw0KGgoAAAANSUhEUgAAAMgAAACUCAYAAADWFGYSAAANNElEQVR4Xu2de/Ct1RjHP5XQuE6KyCXlroyRREk3454KJ5cp5aQOGWNKlIY5ZVBqKuPecaKiMTpEuY5Ck0tNwoiDcZlyH4pISBTzNe86s2z7/Pbev/dd6332fr/rv3N+e6/1PJ+1vvt91+15NqF++UrT5N71m3aLJjAbgU1m+3jrT58IrG5qOQnQv11MICyB2gJ5KnBJQ+MgYF1YMjbMBIDaAtkLyF+xLnMvmEBkArUFsgK4wE+QyEPCtuUEagvkMOBDjQGrgDXuDhOITKC2QPJXrFOB4yLDsW0m0KdAvIrl8ReeQG2B5Mu8mqB7LyT8EBm2gX0KZD2w47Dx2/voBGoLJJ+D+AkSfXTYvur7IFri1VKvym+Abd0HJhCZQO0nSC6Q2k8QnwGLPBKD2lZbID8Dtm9Y/AXYAbi+AhufAasAeRGbqCmQzYG/A5tlIO8A3FYY7M7A1U0bWhjQylkNURZ2y9XXIFBTILsAV4049XjgW4Ud/XdW/wnAyYXbc/ULRKCmQHYDvj7CbkvgxkI87wacAhyV1V/T30JuudqaBGoOmMOBtSPO3R3QXKREeTrwhaxiH68vQXnB66wpkOPHvN7oV/7mQoyvBHbN6n4IoEUCFxOYmkBNgZwHHDJiWclJej73ULM1fZ26A/zB2ARqDprvAI8dwVGq/Z2Aayq1FbuHbV0rAqUG6DijbgL0SpWXUu2fDazMGvoMsF8rUv7yIAmUGqDjYI6+8pR87Rlt6xjgzEH2sJ1uRWAoAtkG+F0rUv7yIAksokA08f9npVe5QQ6aITm9iAIZt2Nf088hjZ+F97XmwKk1Bxm3nFzTz4UfNENysObAqSUQbTzeJevEi4ADhtSp9rU7An0KRPOEO3bnyoaaRoX4wiwWV4HmXOUiE+hTIAr5o9A/XZdRgdwT+HPXjbi+YRDoUyD3Av5YALOPmBSAOtQq+xRIqbYtkKGO5gJ+lxqk40ytNXBrtVOgO1xlNAJ9CURXYLVfUaLkArkY2L9EI65zGAT6EoiWXbX8WqLkAnkp8OESjbjOYRCoJRC1c3uGdFNg3L5IF9TzekteyOrCVtcRnEAtgdy5iWiScJRqt1Y7wbvV5nVFoNRAHbVPERR/1fznW4E3duXASD13HbnjXsu/Qu642r4J1BpAeUxe5Sn8UiHHHwj8vKnb6RUKQR5StbUEoqxSyi6lUrLNXIj7Al8eUmfa1+4JlBysydo87Oc5wMu6d2NDjVod+2Tzrwdkr3UFm3TVi0ygtEDu20RxF0NFc98duK4g0JQDUdEaFbXRxQRaESgtEEVSVERFlRpzgvQqd0XWbitA/vKwCZQWiIJVa+n1fODgCqiV4kDzkNJznQquuIkIBEoKJJ97rAMU+rN00REWRXPX7rl20V1MoBWBkgJ5TxY4WikHlDCnZNGq1aVNA4rJ+8ySjbnuYRAoKZA8m1TJdlJPfRp4TvOPNwOrh9GF9rIkgZID9/vAoxvjHwT8oqQjI2e7tJp1buH2XP0ACJQUSJoPKGCbAreVLKOHIWsIsqQ/rjsIgZICSadqte/x4ML+Kt/697I2SvpV2BVXH4lAyYGUBFIjm+3bgDdYIJGG1mLYUlIg6RWrRj70f2XJQZUkR8lyXEygNYEkEE2oVT4OaHm2iyyw+cWlkkKU3XlbjuTeeli4gkRAAzff0NP/Sxw68Pdj4BMtzk5dC2zXNKQ5SKkzWLqdmKeS3hq4wV1sAl0QyJ8gaUk2r/dPwCXNBpwEM8tmX77MW/IJMpqss2RbXTB3HXNEIB9M+rXX/sERwP2W8EGHDrUpNym/eX4uquSvuux4nCfoczTq5sjUcb+2Ss38NOBV2cG/cS79GlBqs9M2kj02vWKVPlmbzz/+AGw1R/xtanACk15HtOGmC04vyHbFx7mkOcvrgZ9mf0xPkDXAqoIccoG8CPhYwbZc9cAITBJIjuNI4OUTAr6dDhwLKGC0BKKstu9tnkYl0G4J6KmRLzqUaMd1DpTALAJJiPRE0aDXPY9xRUfbPwB8sfnj+4FXFuKrJV2J0gIpBHjo1S5HIInZO4FXbwSgftUVvV2l5FF3nfO6d9PO5cCeQ+9Q+98tgTYCkSWPAl6XRSwZtU7LxAfOuDw8i4f5/OMJwDdn+bI/awKTCLQVSKr/xcBKQDGvxhXtpWgC3XU+kJq79ZNY+u8LSKArgSQ0urD02gnLw08GFMyhbdFejZaaVf4KKKqiiwl0SqBrgci4PHjbUsa+BTilGdzLcepQQHG2VI4C3recSvwdE1iKQAmB5HfR9bTYAzh5Qjc8vDn7NUtvaaVMy84qSgaqpKAuJtApga4FkgeKWw/oIpPKFsCbRu5sjHPkFcBZU3ro+ceUoPyx5RPoWiDKWqtVLZVxy7ubAc8ClPlpqaJTxArb87clPqT5h+YhPt6+/P73NycQ6Fog6ZKUjsyn/YmNmfAM4PMT7NM1Wh1z0UnivGyfnf/SIcsU0d0dbgKdEuhSIFrB0ilfFQWJ0476NOX+zX1yHU9ZquhKrQ5G6u6HDlK+u/lwlz5MY68/MyACXQ6u/Hi7ophol3vWotUoTfKXKlr9Sgl4fgkoJ4iLCRQh0JVAHgn8oLGwiyDVOud1QjOxX8rxtc3T5NYidFzp4Al0JZAzgKMbmg8dOfbeFrJevXRAUsJTUs7RoiQ5EopWzTRnKZUctK0f/v4cEuhCIDpyfhWwA/AR4JDCHJS+bZ+sDQki90PHWs4DPgvcWNgWV7/gBLoQSL5zXvLkbuqK9IRQUlAtDOj17jXAE5foK50B06KB5i8pmeiCd63d64JAFwJJSWv0iqNBenMXhm2kDqVVSzF+9dqVjpro4/JFO+u6U7/LFDZ8tBFWFyGOpmjOH5lHAl0IJP2in9ls2pXkoLnG4U0DdwKWmpwreJz2UCTa/ScYNcsOfkn/XHcwAm0FknICyi3lBJwU6aSt+22Pl+gozK7NgsJTRoxpy6Ktb/5+QAJtB0XNlGd6YtzSMNRtRs072hYdptRRFV3qasuirS3+fkACbQbFY4DvNj6VDMyQsOVXfLteSg7YNTYpAoE2AskH7CxHS5brd9vXq+W26+8NmEAbgfweUMRELZtqdalkkZ23Nw3USKdQ0hfXPUcE2gjkYc3djXcBFxb2WatM6cag9j1+VLg9V28C/yXQRiA1EeoptW3T4LzYXJOP2ypEYF4GW5p/KH/JikIsXK0J/B+BeRDIPQDF11Lx6pUHcVUC8yAQ7Xe8w69XVceFG5ujAZfSKOhkrk4Ou5hANQLz8ARJ84/Rw4nVILmh4RKILhBFQVEGWxUFgfDJ2+GO1V48jy4Q5U1UrkMFhVNwOBcTqEogukD0WvVBQNdq961Kxo2ZwBxsFOoWoO50KLuVQo26mEBVAtGfILr1pwBzusMxGjyuKig3NkwC0QWSru86tcEwx2fvXkcWiDLsXgd8G9i5d1I2YJAEIgskhTL9HPDsQfaOne6dQGSBKML785p4vMrB7mIC1QlEFsg3gCc16RImRYGvDs4NDoNAZIGkIya+IDWMsRjSy3kQiA4oOoRoyOGz+EbNg0B0HivdR1/8HrGHoQhEFUgepCGqjaE60saUIRB18OWneKPaWKZHXGsoAlEHn07u/qMhFdXGUB1pY8oQiDr4lCjnJgukTKe71ukJRBWILkelHIdRbZyesj85twSiDj7FwEqJbqLaOLedbsOnJxB18O0OfM2vWNN3pD9ZhkBUgbwEON8CKdPprnV6AlEFcmxzSFFPkT2md8efNIFuCUQVyKeatGk1suZ2S9S1LRSBqAK5BtipyWKrdM4uJtALgagCuRRQDkGlWNCtQhcT6IVARIFsCtzW0PBBxV6GhRtNBCIKRBFMrmxSPCtxp4sJ9EYgokBWAmcDyqC7T29k3LAJBA0cdxHwXOA44FT3kgn0SSDiEyRdtd0TuLxPOG7bBKIJJD/mvgVwi7vIBPokEE0gaYIuJtFs67Of3HZPBKINQiXpfD6gHOz36YmJmzWBDQSiCSTNP94OHO9+MoG+CUQSSL5BuCOwvm84bt8EIglkP+Dipksi2eVRMmACkQZier3yBH3AAzKa6xEFcjqg+yAuJtA7gSgC2Qb4bUNja+CG3snYABMItNegp8Yxnn94TEYjEOUJkuYfX23ugUTjZHsGSiCaQHYDrhhoX9jtgAQiCET5B6/261XA0WGTQpx3OgM4uklxoBuELiYQhkCEJ8itwObAYcC5YcjYEBMIsoqVJug6nKhDii4mEIZA30+QrYDrPf8IMx5syAiBvgWyArgAuAzY271jAtEI9C2Qc4BDgSOAtdHg2B4T6FsgCjGqyCVa6v2Ju8MEohHoWyBpgt63HdH6xfYEIdDnwHwE8ENAYX4OCMLDZpjA/xDoUyAHAhcCJwEnul9MICKBPgVyJHAWsApYExGObTKBPgWip8ZqP0E8CCMTsEAi945t651AnwLR65Ves/yK1fswsAEbI9CnQBS9fS/gIGCdu8gEIhLoUyDXAtsBB2cZbSMysk0DJvAfPhe9pEN/fx0AAAAASUVORK5CYII='),(56,16,74,''),(56,16,75,'data:image/png;base64,iVBORw0KGgoAAAANSUhEUgAAAMgAAABcCAYAAAArr/rLAAAOcElEQVR4Xu2dB+w9RRHHvygK2HvsDRULKhbsWFBRNCoYLIgoFsSg2JFINKhRYwsi9gJKJGLHqLGgRjHYK3YQC1ZiwYYUBTUf/ztmsv97712/3bud5OVX3t3t7ux+b3Zmp2yjQus4cHNJV5N0E0mnS7qnpM9LOkPSrwvr5s+BbeY/xLUjBAAPD1fw+1XD7ztL+n4AxLoHvF/SwyR9VNLHJF0zAOj3kn64cN7OYvhLA4gB4h6Srh8+Q03kDyR9IAAGqVMoQw4sASAAga3RnSU9qeYcnSfpi5L+HKTKyWGhs9XaV9IfJO0u6SxJt6j5zBdJOkrSX2peXy5LgANzBsiDJR0W9IerbOA1b3gW7qkt3viADxBCjw0/LyvpdmvafLOkIyX9JIE1ULqwhgNzBAgL9uCgG6waOoBAKrANQo8YgnYK0ua2kh60poH7STppiA6UZ3bnwBwBgnJdte0BCCjOgGMKnQBp9khJu6yYtjMl7SnpR92ntTyhLw7MCSAvlvQ4Sdd2zAEIH5L0nqA39MW3Ls/B0nWMpPuveQjWtD92aaTc2w8H5gIQTK0nSLq4Ywvm26G2T31wn77uFSxdVc9DH7qrpH/00Vh5RjsOzAEg75B0gBs+C+rVkl7YjiWT3HUnSV9e0TKS5lOT9Ko0qtwBguR4n5vH0yTtltB2qukSwxr284qbAM99izRpys7u1+cMECQE1io7/cYixSL6XXe2TP6Em65Q1rHQYX0rNBIHcgUIW6pXOnBgJj1c0jdH4ttYzTxR0ttcY/+SdLykAyVdNFYnltxOjgA5RNLR0aSlrpB3WWPbSjo06FSXdA/CKwBr2L+7PLzcu54DuQGELcZnImvVvSY61xh7bQGOt0vaP2r4EZEeNna/Zt1eTgCJFXK2GGxB3jnrGdp6cOhZ8cn7uyXttzA+jDLcHAByBUkvDQq5MeWcoHO8bhQupdcIvl6vl/SYqGtPr9h+ptf7jHqUA0CwVh3heIq16qkL2VZtWkoPkfTh6KLfSrpuUeI3sa7e96kDBEX0LRE48Jidm7Wq3mxVX3V5ST+TdKXo60tJwm2/UAcOpAyQxwcrjQ0Pv6rjFqhz1J3eO0r6SnQxnsTfrvuAct3WHEgVIAQmfUfSDqHL+FQ9WdLZZRLXcgB9jSAvTw+VdGLhWzsOpAgQTLnoHPw0mvM5R7uZW30XTpC4zl/LXfIEScf23dASnpciQPCtwqRrxEly3VDZJcxZ3TEicd/kLn6BpJfUvblct4UDqQHk0ZLe5SYHvYODwELtOHD3yHcLKYI0KVSTA6kB5HNua0XeKU6Np4j+q8m+LC67nqRfuJ4WkDSYtpQAQiTgr1zfXyXpuQ3GUi5dzQH0EqIq9wmXfFYSsfDF4XHDqkkJIPGZxw2iN18BQHcO4JZjmVe+K+n2kvAQLrSCAykBhEAhS5+DWdcyHpbJ65cDr5H0DPfIS0s6t98m5vO0lACCzmGmyTdKesp82JzcSLBokeTC6GaSfpxcLxPoUCoA4cwDBd2ILIQ5xZQnMJWNusC8E8tv2y1uvpGknzZ6ygIuTgUgsPo/BSCjrzgOZP2LCM+F80fvRcINpgQQMqJbfHmRIOMtGvKG7e2au1j0shqvJwm2lBJAfPqeoqSPu1iIr0FZh8hMectxm0+3tZQAQpwH5QkgUoTWzZqeLnfz6RnnJBe67j5LEtauxVNKAPl6sMszKd+QtOviZ2dcBrC9ZZtrdJc1yezG7dmEraUEEL/F4kCLPLuFxuUAEhxJbkQe4TnkGWvNxZQA4v2wipNi6yntfOMeLtUpEuXqS1baC0A6r6dZPuCBoeYigyP8gNRCi6SUAFK2WGktQTLJkK0SIknGG9Lq3ji9SQkgPlCqLzOvL9TJ/pr47O1cWWdCe08J1Wmtrgiu4dz3tZAEG+WVUtB/l3TDYA7le64jWTbP42+f9ZB2yDKfe6Vb8m+RhwuiShaVfBdFKQGEDOaUAYBIPkDRzU1EtVpyROGVamWcfajupvuH/h4Qscj+GpJNEC+ek9IL6C9wTKLuIyWvF0MpAeQLoXQBzKcYzqPcLPAWJ2sHxThxrCM5Aae/dvKe04RRPRfphLt5Dlkh8dHyxUZ3DGmGcuJ5676mBBCvg1AwBilyhwAaEjhv33qU6d6Yi0sNFXs5mzIiSvGX6bK1v56lABD2uJyak1DA3B26jpDsgmxlSDCHnmFSCZcKSyeEPkG9c0yZ2Pvb6iD/lHQdFw1JwjZOpqkMdbdQRm3VeMiK6P2guo57yPuJz3mva+AS0en7kG1P9uypAMIbCaXPpxStwwQWNJKFxc+H2uYsRt5mbLdMKU4pjv0aAYDoRoDVMrSgnxBWTOxLLhRnnJlq/YzGr7EHSOUkUtFsUqTJbEJiZoswxCKEdPHJB0ZjUs8NARgsX38KlrGeHz/443xYwuwTQIwFECQGhTWrgIEPFqZW9rVkAYSIJszpzTr4qkyoAfRBH8eOBXG2uZLHAMgzJR1ZMcGcdWDReW347mWSnhd+P0oS9xVKkwO3Drqc9Q6JiC42OxoSIGRlJ7UMksETKWdI5/Ot6P9c+8nwv1ysO7NbEA0GdO9Q7YtbMHzcpsG92Vw6BEBIG4oiep+IC2+VdNAazvgKUpRZsxPcbJi5wI4SXGVxO7NMkt03QOKUMqyZ30h6fo1DMR+PULx580AbtUmwJBphOq+q857HaCp62SdAYhMgzTWNTOMwCoUewuKFr1OhtDlAeC5eARCluQ9Lu7vNetcHQLBMHRxlZMcci56BIt6EfExIsWQ14dy01z47WCnpBYFuObjQ1OJYV4BU6RuAAosUiltT8vUIi6LelHvTXm+pY9lS7y7p9Gm700/rXQDCuQZl0q7ouoIOwraqLfmya4R+7tz2QeW+0TlwmVDJCuMMHr94/mZPbQBStaWCEa8IZtoubh5x4gDiMHAvKZQHB/wO4GmSsi/T3RQgMIB0leYCwrThBsK+kzMMgoq60qedibiUXuvKzfHv5/yL7dYZkm48fvP9ttgEIICD6kTm9UpPsDKRKdwO+ProHafp6DAQ1aW6SKQ++lOe0YwDvtpu9npkXYAcEEx4PkAJZRx/qb4XsHc5+aAr+tJsmsrVU3LApAh9QIogTbKkOgDxwfs2SN4MmPKG8K71+9gvbYinyJLpC+g04dLMHYQx59Bcx7wOILhlM7DYaRC9oC99o4pv3uWknKjnurK2nKijq54libWUJa0DiPez8ZJj6LodMNXcFXCjxp26UH4cOF7SfqHb2eoiVQDBjIseEGcVGUtUeoDA36Ko5wcO67EFV7EVp+ZkdlQFkJdX+NNs8sTtc+Bxflg8gGm/UH4c8K5DdfTd5EYYd3o3SaTf8UTtQAJkzh6x995pcUxwjjjERTTlM9VkuROIAUL+I/IgeZoio56veGvx6YtYUTMb5FdD6iaGleWLzgMEHQOvTE9TKVc+MUCxZOWLmuwz9nuA+EXJlJwZuZSMOU0fCWmBaLNYssbkfL9tmYcvTyVXmZX57reVAZ9mAPEnnzRHDlliyfvwrWrT/bg/WECGOJRs07dyT30O+IyMWVqyDCCx9Jg6WMm/eZiOApD6izKlK2OTPfHrWWW8ByCce7BX9DS1SW6vEFtgfZpVlFpKK3jgvsRrKztL1ioJksJAvFTD3YVcWYXy4wARhuQ+hrI70zKA+HMHBkI03zHhLT7V3t8DZCprWn7LMb0ee5el7BICGkAoRFPlto6yTmJo3NqxJo2ZYjLWi6be9qW39PLokZcg2Zns/aLD4oD1yNLuVLEfaULae1yZTwygGqpiEmlJqdVtRK0Q8vgWyosDWb/oqt7K+0raU9L+NeYBwHw8xI337eVLPl/vap/lSWwNHs79Eu9uQn4B8gxkQ+u2LZhWic2g5BmJiXcIVZ743yoCMBeFYjInh+wWpPlvo8f4wCnag7lIkTbPymZCZtjReB6z2iq36SzBL2zDiNNAd9lU68PmnAhEgGZbMgwBbJkowvm9ioURM5ZLirk3PwQtDiDxFHEYRMw68ep8SDpNkc2mRGFLKjBRewLwUMoMiRETEoQPh05cB1F22bKL8x1l1c4L35ESFbHed+x80/Et9Xpy95LD16jNS3ky3g3VWaQKHxbqrgFAkw3SNQwIscmTRIAtIARw6GdWJ7wpMLNGH1I8hK7R7WnQTAln/Ltwnzfi7yuH/5El5QGSznXlnXn7xNII0/OpQYJYlhX0k64lobGaIb0AjkmbInUaLaetLj5a0iHuv6Qj3anbI8e9eygJ0tco2L7ZdsueSSIJXPOriDcWWyxAh25jf5PszgiJVreaLgCxCrYAxyRNkTj1ZpggO5+aNjsdMnWAMA3HhYKeNiV9Mdm2gTwXw8MeDd37ASKHYCZ1bLtWpM6WmYq9M+AXOmVWqWRzAAjM9oE3Q7qdmEWOn1jooF0aGh2QeNsHUzdlntkyLg00eF8geT3hjYGXeFaUC0CwknHgBE2RTM6AQ0IJLGLoTpafuK6ZGx3LPlktkgad5Yzs8PBS8bdlm6k/F4DAbItTTzHwxrZrdaXOSSE5BudA/J47cS6G8eWIioGwDT1Q0idyHGROAMmtuI4HzTopw/YLrwUOUvk9l+0YW8/nBGBcbsXiR99A+uOOlCXlBBDTRfhJvEputGPQa/Bx27QtAyS2HUtFqQUE9HtvSdQlXOfUytxk57lbtaByA0huoFjXX5Mw+4RkBqu8D1homJjNg6CthDH9CX1gO0kseHMctNwDmMYhuxZFm8pR5GP+W7inzhwgDbE2Zk8FIOlMIWbmW4Vs9oBnnbsOIKE8HcFIkDlwYjiwcyA7kOVvHEb9G/9CSdsOMPQTQvGccwZ49iSPLACZhO21GqXGH9sZ9vCpEpIHaXFsy6KtqY7r//0qAEl+iv7XQSQKrjQ4aJqlrIlHQDzKLhIEl5xTgo40ZoTpJDP1XzKfcnsYP3ZJAAAAAElFTkSuQmCC'),(56,16,84,'data:image/png;base64,iVBORw0KGgoAAAANSUhEUgAAAMgAAABcCAYAAAArr/rLAAAKZ0lEQVR4Xu2defB/UxnHXyhkC01lyUwUQmQZxlIzjPhFJTPWoSlmosaSNC0KkW0oy1RK1IyIsQ9ihtJUU2FkKWUZSqlMm5JqYjDKvDmH53fdz+dz7+d7P597zj3P8893ft/vuec8z/vc9++e5VmWoFvZENgb2BJ4DPgdcCrwRLfDeG+OwHwQWKLDYc4EjhzR39nA4R2O5V05AnNBoCuCnAsc3EDjrYHbGrTzJo5AEggslCAnAR8E3mCs+Q2wFrDMCAs/E5ZdSQDgSjgC4xBYCEH2Ai6vdK79xxXAcsA1wE4jBn8AeItPjSOQOgLTEqRKjn8DnwTOqxi8AXDfCBDuB7Spd3EEkkVgGoLsAlwErBqsuhDQBv3uMVaeDHy25u9HAacli44rVjwC0xDkFmCbgJyWU18DftQAyUXAjTXt3gT8tsHz3sQRmDsCbQmyM/BdQw7tOdrI+8LepPrMCsB/23TkbR2BeSDQhiCrAzcBGwXFtgVunULJPYArK8/9GVhjir78EUdgpgi0IcjFwH5Bm88Dxy9As4NqNvQHAt9aQJ/+qCPQOQJNCaI9h/YekkeB13WgybuAGyr96FRLp1sujkASCDQliO47dLQr6fJ/+ncD11eQeD3wtyTQcSWKR6AJQbSUOi4gJTcRuYt0KdUvyT+BzYGHuxzE+3IEpkGgCUH+bzreoeGRbltd3h6+JK82D24M3NO2I2/vCHSJwCSCfCHckGvMs4CPdzl4pa/X1iyt5I4itxQXR6AXBCYRxH49VgEen7GWKwJyW7HiF4kzBt27H43AOIJsD/wwPKrjV23O5yErA9qHWNkKuH0eg/sYjoBFYBxBdASrDbRk15oj2VkiWfclOQC4YJaDet+OQBWBcQRRuOwbgUdCfMe80Xsl8HRl0K8Ch81bER+vXARGEeTLJkQ2xnj0hZLdB0mHo4FT+lLGxy0LgVEE0UWdTpWeAZbuGZIlgWcrOnwR+FTPevnwBSBQRxC5e9wbbJd7uuI/+hbp+b+KEgrQOr1vxXz8YSNQRxC9eLr/kChk9vsJQfAQsI7RR86TlySkn6syMATqCBI35zJ10j1JH3D8oXJooBxcd/ShiI85fASqBLB3Hwt1aZ8leucDOvaN8mZAXxcXR6BTBKoEsY6Jh4Zw2k4H7LCza4HdTH9ru4Njh+h6V88jUCWIToc+EWI+1q+50U4JNumuhBHvN0opF1f17iQlnV2XzBCoEuSnwHbAzYA8bHMQHffGzCg/D67yOejtOmaAgCWInBHlOav7Dx2f6jQrFxFB4r3INxqmQc3FNtezRwSqX5B4a53yBn0UXCcAx4Y/dhn12OP0+NB9I2AJYrOz50gQYam8v9ENZU/gqr4B9vHzRsAS5CvGEXD5jGt6nAgcE6ZF+6mYbCLvmXLte0HAEiSeYEkR7UP+3otG3Qyq2/8dQ1dKdqd8Xi6OQGsELEF+Ek6u5If11tY9pfWAHCyfMiopo+N30lLRtckBAUuQuEFXNhFduuUuyt31V2PEZsAvcjfK9Z8vAnUEUQZFe/k2X426HW0l4F+my3UBFfhxcQQaIRAJsoVx+Luu4sLRqKOEG6lMwz+MfvNIPpEwHK5aGwQiQayTokoZKP/VkEReAdpjRRFpqokhhmSv29IRApEg8oyVh6xknhlMOjKjUTeKbfmeaalIxWo4b6OOvFE5CNR9QXK9JGwya0qhGrPSK9AqZqtv8qy3KRCBkr4gcXrl0Lhp+IdKV8t3y8URqEUgEsQW5VRJNcWCDFns0kpu/Q8O2Vi3bXoE6pZYikf/9PRdZvFkNedWzq41WQCeq5J1X5BSPGHtReK3gQ/kOomu9+wQiASxMd5DPcWqQ9EuLXU5qktSF0fgRQQiQbRR/VD47TcB1RAsRaybvwqV/qUUw93OyQhEgsjb9Z2h+ZCPeesQ0X3IL0P1XqU8UrkFvx+Z/O4U0SISRGUOdJsuKY0gsnlZ4MlADN2NXFrE7LuRExEQQaqVnUokiICSj5bqtSszivtrTXx1ymggglhHRVl9HvDhMsx/mZXah2k/pq+J6iUqebdLwQiIIIcAqrsRpaRTrOrULwX8B3hV+PkaJ0nB7AiJ42w2RaExRG/eNrOsTXqMGVESvTPaPOxth4WAviDyRzrXvyCLTazNcK8qW78f1rS7NU0REEFsLIieG0JMelP7x7WzR70pZrnvwkbvYwICdQQpfYkVIdOl4Z/CP/YBLve3qTwERBBdENq0OLo0e1t5UNRafA2gjCgSbeCrVa4cpoEjIIJoja0b5Ci+xHoJC1uOWoVNjxj4++DmVRCoW2KpiWLStdRygZNCZV1hsVy4I3FcCkEgbj5VU0MxElHkCv5oIRhMMvMV5i7E67RPQmtgf48EqTrnrWk2qAMzeSpzbA0S5drSZaJLAQiMIojS5KiIjssLCAinuEE/GzjcgSkDgbqAKVm+N3BFGRA0tlLJsGNJbCV9uLvxk94wWwQiQZS39i5jhdxP5NXrsjgC9wEbAF8CPubgDB+Buty8slpJnkUal8URWATcGH7lJ30FvB2jCBLX3QVA0NrE6Lumm3XdsLsMGAFLECV4Vs7aKO5/VD/x9ivyUUCVuVwGioAlgZLF6YTGCTJ5smOIgA4ydKDhMlAELEGUvOBZY6eHnY6edDky3gGsAXjMyEDJUbfPsBeGnrd2/MR/PYQmu+9aQQRR0oLVgr0681fJAJd6BPQVuSfs20pNdDH4d6O6EVdtcXtB6Bv18a+AIjH1pdVya8vBvy0FGlglQLU6rBNk/EuxjanDvi9wWYHv0KBNriOA3Yf4Rn3y9CuWRjE1SlmqZZfLgBCoI8iPgXcEG7108uTJvgjYPzTzvchkvLJqUUeQU019EN2NqKCOy2gElJlSqVs3Ah4J4cqPOWDDQKCOIBsDNwTzdg2JnYdh7eys+AhwTujea43MDue59+yb8O4gfwhYJ3TnuHaHa689pTqRypF7JfB4r+i0G1we0DEbTKq4trPIWz8fKZeaaKmiJYskJ5dyW0IiRVxTm+cs9ElxIi1BHg7JteOeKGVQbQrXFHFNGbtkdUtxIpUKVRnnVT9Qopv904A7k0XxBcVsCtcUcU0cvjTVS3kidb/wXkBZRCSpx8nbLPkp45rmm5ioVqlP5FmBGHIrl8hz9j2All4piW7QFWGobDCS1HFNCbukdclhIg8AjgvuHBHMo4DbEsr+eAsgv6woOeCa9IuZinI5TeStwNYGOLnjn5wASWytdSdIKm92R3rkRBCZLJ8n7U2syP9JeYTnnUtYm3J92WJ14KjTtcDuHc2Pd9MzArkRJMKlnFSfC9Vo4+9ElKuBB2eQYFqxHusDm4SAsrVqiCE9VN9ReqS2R+r5Nct3+FwJIsTlYn5+zYuql/MHwe1DOYb/GFzR9fNXIeeXEnUr9kU1PxSLv16oA6KLyXhq1nZWS64O3BarbNrnTJAI8m7h5daRsDxr+xB3c+8D9TmMOQSCRJiWD2GvG4af24Yvw6xg1J7nghBRqGWdywARGBJB6qZHBW90JHwksMIC50+5i88Efg38bIF9+eOZIPAcvNZvbPSwI7gAAAAASUVORK5CYII='),(56,20,85,''),(56,20,86,'fdfddfsfdsfdsfdsfdsfdsfdsfdssfddddddddddddddddddddddddddddddddddddddd'),(56,20,88,'data:image/png;base64,iVBORw0KGgoAAAANSUhEUgAAAMgAAAB4CAYAAAC3kr3rAAAN50lEQVR4Xu2dedB+5RjHP5FkSYU2UUQlytIiIksjFIk2uzRMCCP7Mtb+sY1lGEuNpbFF2cZSluwikhClbFlDtAmRbT51n9wd53nf9znPOc9zn/Nc18xvfst77uvc9/c639+9Xcs6hMyKwJZJwW9mVRTty0NgnfK6NKgeHQW8APgPcChw3KB6H51dFYEgyKoQrfjAH4BN0hM/BrabTV20Lg2BIMhsFrkI2ChTEXjOhmdxrcOgs5nkb8D6QZDZQCy5dRBkNuu498gl8JwNz+Jah0FnM8nlwHWTih8CO86mLlqXhkAQZDaL5DPIpcCGs6mL1qUhEARpb5EjgdfXmt8H+FJ7ldGyNASCIO0tcj/gM1lzT7S2By5orzJaloZAEKS9RXYBvh2b9PYADqFlEKS9lR4HvKvWfFfg9PYqo2VpCARB2lukiSCHACe0VxktS0MgCNLeIk8E3lZr7r8d015ltCwNgSDI9BbZHPgWcIuGpnsCX5teZbQoFYEgyNotcxfgmys8/mlgn7WriyeHgEAQZLKVrgXcDTgauP0qxrwQODDuQIbwyU/XxyAIXBvYCbgr8HTgttNByGWAy66/TNkuHh8AAk0EOQjYmas+nFOBM4DzBjCWlbp4E8Cxbg3sBTwZuNWMY3K5tXs61vV4N2SECNQJcm/gs8B1amP1bH8rwACh6qZY0vwjPVcFCvmzk9OHo65tWmD2a2DjdAl3G6AKaV1N1SnpvetOeFC/qS5mzNcALwEenu5BfjtFH1cbQ/y8MATyD+Zg4PjC+ldKd4w33xs4O+tQfg/iHuWsUjob/egOgYogLwMeD9w8qb4EeDNwBXC79G/OCPOYQX6ZzSC+e7PuhruqJvcR70iz4FcAcZgkuauJy7WhL0NXBWcZH6gIci6wbQLAJY4fiaQpTTZNm2g/yGevEH9xPnAa4LhOBH4F/BG4uOMBuWxz+Rl7kI6BLUWdBDkizRZVn15eKDlKwazqh8kanFGVLvY2pY0v+pMM+0XA5ZOiy/aNA5k1ISBmYqdEHMiaIBveQ/7P5/Kj2nt8CHCzHrI6Av5H8qf02G4Nru+ra4gnikdAghgqukHqqWt2g35C1oaA8SBu1mOJtTa8BveUho3MHO3Mdkvg56lpxIG0w7D4VhIk34PY4TjTX5vZcoIcBhy7tmbx1JAQkCAe574063QQZG0WdCn6o/RoEGRtmA3uKQnySuB5Wc/vn9xNBjeYBXS42oPEKdYCwJ/HKyVIPfnAe4DHzuPlI3hHtX8LgozAmE1DqE5fqv8Jq2c84//ySMfc5bAqgsTlapeoFqSrIsjhKTCo6pruJk8DPlZQX0vsiqdYbtaDICVap4M+5ef39dMsLxAtDvO+Dt4zVhXGn989CDJW817zgsub4TcCj6oNVy/fd44XgplGZl4s3d5PAvadSVM0LhKBpoCpRwAuuXL5DnAPwHoYIf9D4HXAM4BPAA8OYMaHQJOLhDOJx77PbRiuobiG4IZchUC1dzNhtSdZISNDYCUfoh0mRMm5L/HuJATuC3wOiNogI/0aVnOyWw8wss7kBHWJKLqr0gJ9PRHknoDpf0JGhMBqBKmGavSeyQrqsuwb+Dwm5IEpenFEn0cMZa0EEancOS9HzhoZD1hSKHNMntlQUGdJYRnPsKchiKO+HvAT4GYNEJhgIc/6MR6UJo/kRllih98BWyzDoJdpjNMSRGxsYwbCevkxf/YW4ClLBKAFPC3kWUkbPJcIruENdRaD5iGn9ZGbvvOc4cHRqsd5wNkseLZ6eTTqF4FZDbp+qtPnCU5dvDzbvyFisd8RzV97TpBlXGbOH/E5vnFWglRdtVaGCd+a5A7AmXMc07xflRPEgjrm/Q0ZCQJdEUQ41KXPlr5JTWJVWC/VxiYR0z82i2bj6ZIglVpTCOkJPEnuDHx3RJgGQUZkzPpQ+iBI9Q59k74wATuPRK3GNAaimNg6P/a28E6dNCP+hMY9tD4JUiHnHuR7E2B0pnFGqRKwDRHtVwPPyTq+H/DJIQ4k+vz/CMyDINVbNwK+P6H45QfT/ckQieLJlc6KlXwD2CM+tnEgME+CVIh5NGyIapM7/QeAFwE/HRC8VuL6Z62/i8B1QJANp6uLNqThqu9Nfl45apY3M0fwSpv9klCOjXpJ1uiwL4smSD4UCeFSK++TRXw+PoA8XUGQDj/KklSVRJAKF+sS6hmrK/2fAQtwWofjCenWvqqLWBKOph09NOuQF6dmhgkZOAIlEiSH1CyPj06/qn93j+Ky7BcFYX8A8OGsP48Ejiuof9GVlgiUTpBqWFbddUZ5azZOj1JNmmA8+KLvHa5fq5P+CuCFLW0SzQpCYCgEySF7CPDaWolpXVgk0CI39TlJfwDsVJCdoystERgiQaqhujd5VSJGPnydBd/ecPTaEqI1N8sJErXT1wxb2Q8OmSAVsgYtPSuVcXApVomzyosBj4znIeYyrtz+gyDzQHwO7xgDQXKYTKIgKfaqYffuVM3XOuh9iQnk3BNVEnVW+kJ6jnrHRpAKOh0G3ZMc04ClH/FRWSx5V3DXCxFFSYSukF2gnrESJIf0pokQTYFMbvZ1e/G+ZVapZ32JqlOzIlpA+2UgSA7ztumy0aR3dXHP4ubeUtj/bmGbOkGiJEILEEtrsmwEqZPlBOCODUYxfFgXdi///jWF0fLYEHUfMkXbeLRABJaZILk5NkynYEdOsNFpgHEfJwJ/XcGOxr0Y/6KcBzTNVAV+BtGlSQgEQZqRuTXw/OT/1fSEdUH8ZexH7upuHuM9swZGGp4fn99wEQiCrM123oo/KS3HnCE2yJoZPmzhU72Onwo8LPuZSfRMphcyUASCIO0M5y2+yzKLCpm0WqdK/34FkF9Wuoc5qN0rolUJCARBurPCDVMphNwHy4tJaz9+JO1f/g5c3N0rQ1PfCARBukW4qllYaTVri5693sG4FzHc+NJEmLOAywCXaCGFIhAE6dYwx6dQ4VxrhbFJK/Qbs1SEhXfMX+wlpvUfPw9Yq94YF0kTUggCQZBuDXEEYJhwLrsCpze8RrJsnvzGduSqcm4m3ZMkp6YTMstMW4s9ZEEIBEG6Bb7uj6X2aW7Ut0yzi2TR4dKbf+9dPE72DsZiRf49SNOt3SZqC4J0C7TuJhYYMhVQJX7obtTbiPbZO/1yWWYWmEo+mpZl7nNOBkqM1W8z5qLaBEG6N8dX0/FvpbnrBA7ew+jCoju9WRxzMhqHcgrwprRUm5Rxv/tRj1RjEKR7w+aFPdU+D4y3SxeZu2RBW/nIzGhpvZaTUpmKRYYmd494jxrnYbweu1+s6hKqTnkv89B0iWlsSlNdSdMp6R6jr5kHAs5A+pCFJASCIP18CkYwPiapLq2evMTZLS3PvNS8UzpuzpHwIMAja2vASxpnIL2a/fNSSRCkH3PnF4alEWSlEW8P6Ki5czpylkCbJK9kZ8Vz0xG0f7a0hTOPs5DVj3/fD5SL1RoE6Qf//Lh3mmPefnrTjVa/lW2A3dPxsxefWwMbA+sCmwHvT0kydLH52RiySwZBuvl4mrRUR7uu/8cuEkTiWDfeU7WtgANTyT3zAziLnp2y9l+U7nGchYpPzxoEGfunu/jxSRDvcCSN+x/J4kmfHgbWVdEnzRDnM5Kfmj12+SbRXLbpu7YwCYIsDPp4cdrnuMdxlnWJ5h7oXoDLt7qck2Yof9d3zYMEg9X0MPAAwRnJy9JODxKCIPGdlozAFumEzb2Pfms6euoR7ZLOC9NNGzp/SQopMJGfs5dLOkOhXc7p5TBVcaYgSMmfR/RtGgQkjXc9Rnsa0CapXNbpMe2MJNn0oPaS1CWf8ingBqmAk25Cit4HLv329S9BkGlMEM+OCQH3QeZDk1CSw7/r62Z9mqu5EQQZk8ljLBUCfvA7pH2NpSnMz1yFHFQzhb/rJ+e9j5el+2fweUF6pWNoECQ+qrEg4AxgPI6/u/FvEt1oJIab+fUaHrgwOXpac8ZfQZCxfB1LPo6jgcNnwMAkf2afMbrzGsfKMYPMgGo0XTgCzgZeyFbLprxDl6ejYH+vO2p6suVs4WWmJ1wTJQiycBtHB2ZAQBf+B9XaG31pDUtnhQvSz7xfMaOM4jLLJVj1sxVfHwSZwTrRdKEI1ONu7IyBZBKjMwmCdAZlKJozAi6tJEklFnW1unAXpSyuVhoEmbNV43WdIWDiinzvsUdKbtHZC1QUBOkUzlA2RwTqBOkl7iYIMkeLxqs6RcC7jDwPshtxA7o6lSBIp3CGsjkh0LRB76UmZBBkThaN13SKwMEpZr5SerVrSKdviT1I13CGvjkhUE/x+gbAMtydS8wgnUMaCueAQH2DfgBgpsnOJQjSOaShsGcE6vsPs+F7M65LSecSBOkc0lDYMwL1/Yc5yA7t651BkL6QDb19IaDXrt67lfRaBzII0pcZQ29fCNRLTPRyQVh1PgjSlxlDb18ImL1etxLF8nXGmvcmQZDeoA3FPSFwJmBFLkXXdWeQ3iQI0hu0obgnBMyDtU/S3cvted7vIEhPVgy1vSFgBKA5sZQgSG8wh+KhIpDHgQRBhmrF6HcvCHghaLmFSjqPIKz3OpZYvdgxlPaEgCXmrCdfyaQS2529PgjSGZShaA4IGEGYl8Du9Q7E8QRB5mDVeEVnCNT9sGIP0hm0oWgMCMQSawxWjDH0hkB9k977Cqj3F/QGVSheVgTyY97ev9/eX7CsVoxx94aA5al1eVf2A8yH1ZsEQXqDNhT3hEBOkMOAY3t6z5Vq/wtRPf+I5V/ySQAAAABJRU5ErkJggg=='),(59,15,70,'data:image/png;base64,iVBORw0KGgoAAAANSUhEUgAAASsAAABVCAYAAAAR+8KxAAAN+ElEQVR4Xu2dC7Rt1RjHbx6NroQupXLpSCkhj7q9vA5ikCiPKFK3vEIhGqNCHL0Mj24eKT0MN2+FGi49xLC9Uo0uKZIRde8NUR5d1RAR/1/20ryzfc5ZZ++19ppzrf83xn/stfZZa87v+8+9vjPnXN/85lrz8pKJvrp76/NKYRNhJ4Hv1xPWEc4Vfi2cmpdp1tYMmIGZGFgrYXq2l24bCrcK+wmLhMfOQV+c1XnCOXO4x5eaATOQKAOpOasdxNO+wp7CBhVxNqVy3ldRWS7GDJiBhhhIxVmdJvufKmw1Ag/Lde9DhE0HlPFMfdcboWzfagbMQMMMNO2s6EGdIcwvwcPvdc11wqXCaoHh4ap+DwxHdFW/DMo8TNg2KPM2HS8Ubi5Rjy8xA2YgQQaaclabiYuDhEMiTlbq/IfC94X7CfcR/tR3UIUzKkvjd3XhZHAxjm1Qr6tseb7ODJiBBhlowlmtL3tPEegBFdLTAfNKfFYlR6mgI6PC3qBzvyWsimGXYwbGyEATzurnsi98q7erznlrV4dco0I3jwreQueENljMgBnIiIFxOqsF4oWh2TZ9fn6sz51r5ooYrIuiOujBTdVcr4s3A2agYgbG6azCOaSbZAcxVOOQJaoknhvbUd9dMo7KXYcZMAPVMDAuZ3Wm1C3mqHo6JpRgXMJbwPOFcOh5ls5fPi4FXI8ZMAOjMzAOZ8Vk+uv7quIkThJwWOMUHCUOM5TtdEJslsUMmIEMGKjbWU2Jg/cGPDQZnHmx9CBCvhDeCvJ20GIGzEAGDNTtrP4TcPAWHX+8QU52U93LgvoJLN1IuL1BnVy1GTADJRmo01mF81QM/d5cUqe6LiMrA3rsE1TAvBVDU4sZMAOJM1CXs/qY7D64b3tPn+OcUJ+J8sX646eDC1LSLfGfitUzA80yUIezYjL7EwJZEwhRoPeCU0hF4mU4T5BiV6SinPUwA2ZgMAN1OKvQGaS4vGVKVIST/p5o99NhBjJgoGpndbVs3rJvd6qR4htLPzI4hFI1Dxk0vVU0A3kxUOVDGvZYSMXCguVUhbgv4r8KeZIOLk9VWetlBszAvHlVOSuGVTirQnjj9vmECZ6UbgxXC0m1F5gwhVbNDIyXgSqcFW/XFgdqH6/jQ8drxlC1kchvon/nUn3uP1QpvskMmIGxMDCqs4qXseS05u5GMVzkee/pOJXwirE0vCsxA7kxMIqzmpSx4VDqFzrfQ8glV1QYXU+7jcJFbu1ufc1AdgwM+4DiqE4UwkwGDKMYTuUi4fB1nClrcuHHepqBpBgY1lnFgZVTsopJ6pwEnYt4q56OPQzMqfWsa+cYGMZZxa/9c5qnChs4XLvIEPZxnWt9G2wGMmJgrs6K7a0uC+wjNfE7BXomucnvpDDbzyOOYs+t9axv5xiYq7Nizd+bApZeqeMvZsrar6T3o/u6L9WnQxcybUir3QkGHjMXZ0Wg52cDWnJ+wCdlR/gmk56h56w68Zu3kQkywP6gLNN7sPAUAb/EZi8PEBj93LVDVVlntbWu/amwdt9Q5qkOFP6SoOFlVIqHsykuuC5jh68xAzkxgL95skCmk2ME1unOJlfqApbCXVvWWcVR6m/VzeSsylnCOCsvt8m5Ja17qgxMSDE6OocLT5tFyRv0d+aO2Y2dgG32F11DyjiruBdC7ic8Y85C5DqEFHKcDt6Vs0HW3QwkwsBW0oO57WdNow9O6XsCc90XCn8vq3cZZ8WDfERQYE/Huc/vxGliVsimR5YlzdeZATPwfwburyP24XyNsNcAXugpHS18e1TOyjireFlKW4ZMXm4z6q/H93eZASa9FwvxiITldmwMc7ZwfZUEzeasJlVZ+NaMup8u/KBKJRoqK3ZWE9JjZUO6uFozkAMDu0jJ3YWDImVxTCfU7Rdmc1bvkAIfjhTjdeItOTA7i4636u/rBtfgmBlLW8yAGbibgYfpkG30WLlym8A5a2mXCicLpFoai8zmrIhQZzxaCJNiBIK2QS6REdsHhnxVxy9rg2G2wQyMyMAC3f824cionGN1ztxTb8Tyh7p9JmdFj4qeVShMrDei6FDWzXwT4+qwO3unzu9dQz0u0gzkwsATpSi9pbCD8nWdM8T7kXBHk4bM5KyYHFsYKMfQjyFgW+QFMuQbkTGz9TTbYrvtMAMhA8/VyQURJcRGsWIl3lylMeamezjjDKAo2LYob8bev7Wzauy354qbZ2DQP+zXSa3Tm1ftnhpM56zC9CnFXXQRf5aiEUPqtI7uiwPS3LMakkzflhUDu0nbZZHGL9U5b/Xit+TJGDbo4RzUqzpPGu+ajNbVKeJYq+q4dEnpM0Dg87WRmq/S+RfSV/2eC5knpDRvADeKlGcLeBYvt01iZzVfBt7eNiNtT+cZIMp8icAQrxBWpXwg5Z5U3GpxzypOV8z1uWYCLfMLjZ3Vu3UTr2ctZqANDPB8HyCEc1CMkpirSna4Nx3xobNidTRj1iIhHfe0fSOFg2VjnD3C81ZteExtAwkIiCUswnFW6ZjU3dkGdIcPJikZwt1qiPAmKOwjLW537Ce+KhQ7qxY3eAdMwyGdJIQpWV7S74hkbX7xYMaOCgf1QYF0Dm2Xz8lAJhkLaVuIRtvbz/b9j4EJ4ZsCI6RC2hTEfVem0Cmh2JKKXV6I6u516Bfg3lWHGruFpj5HNrFuL1wq1pZkA2s0V9iz4g9d3Y7q2bI9zLeT80YYLXwebVLEwL10vkh4u7CzwEoT8kaRvomORjy10QoCPT9zdzN+VIesLkfY+WY7gXk7ixlIhQECmZmyCN/usSTmDOE7qShZlx52VmsyS+YFJiOR5X2HVRf3LtcMlGWA3V/YAo9/qIXwpo+oc/a/7ITYWa3ZzCzUXh18xWJOAucsZqApBuLsJ+Rce6Pwy6YUaqpeO6t7Mv8MfdULvmYfs4uaaiDX20kGeC5JF0zu8kKYkyJlU7gjeqfIsbMa3NxxsCibL+a6R2KnftCZG8vE+fECie8KIazohcKKzG0bWX07q+kpJPH9o/p/ZoNXNme0mIE6GGDifKnwiqBw0heRPIBNPi1iwM5q+p/BevrT34I/syyHzV0tZqAqBljaxpzoHkGBV+mYnlScHaGqOrMtx85q5qYjhxe9qkLasBN1tj/WFilOFhOWsoVxjexvQEC2pxumaWg7q9mfAKKDTwkua9UShtnN9xUVMbC2yiH84P0Cw75CmB/9pPCviuppbTF2VuWa9su6jP+GhTCX5W56Oe66fhWrI5iLCnNJ9XROL/2KrpMzF/vtrMqzFef/WV+33lz+dl/ZIQboRbHNGysieDHDPzeSWrKj0reEP3eIi8pMtbMqT+UDBzgn0sSuKF+Er2w5A+Q2Z13p3oGd79ExMVIEc1pGYMDOam7k0ZuKJ0B30HeXzq0YX90iBh4uW3BS5JAq5A86IJPJaUJ2GTlTbRs7q7m3zKBdcV6tYsiLZekGA/wGmMMkDfYWgcnX6Hh/gQ1BLRUzYGc1HKGkio3f3nxJ3zEE8H/S4TjN4a5NpSRZDsIsnOjNshiSVTpLR42taGc1Grmf0e30qgo5XwfPH61I350YAxtKHybGw7fBhYp76YA3xZYxMGBnNTrJu6uIc6Ji2O05mW23RzexcyXQg6K3FP4jKkgg4R3zU//oHCsNG2xnVU0DPEjF/DUqakedk3PIkgcDzEMdJkwNUPcn+o48ZyvzMKWdWtpZVdeuOCyGhazrKoTkaF+rrgqXVDEDbP75WuGEAeWyHwFLYug1ex6yYuKHKc7OahjWZr4nzofFcooTq6/GJQ7JAL95HBQbfTKED4Vt1Bn+XT1k2b6tRgbsrOoj9ysqmp4VwmYULxb8tqg+vmcr+Xm6gAnx/aILCTk5SiDswJIwA3ZW9TYOyy3CvNk76fzieqt06QEDm+uYeSjW5hFqQlAvc4u8wWNvTDYGsWTCgJ1V/Q01X1WQ/oMhx2+EI4Sz6q+2szXwJpZgzQMjBsjAeYFwYWeZydxwO6vxNSA5tY8RbhEOET41vqpbXxMbfRCQe3JkKRPjZDcgxc8/W89Cyw20sxpvA++p6shpNCmcKrBVvWV4BgjAPXfA7Qy9jxNuHL5o35kaA3ZW42+RjfsP0mJ9ki5kqcAw0VKOAbJr0islBUssZDtg2ZOlhQzYWTXXqB9S1Yf2q2cOq0BzGqVb8+Ol2hJhlwEqsn/eAYJfXKTbfpVoZmdVCY0jFcJDyBwW0hMY1pD/qMvR7wRrvkjgTd4207BLRPnZIzHvm7NiwM4qjeaakhpklAyj35fqnOUdODDQdtlaBm4rEAdFKuBBwlwU2Q287rLtv4YB9tlZpdXo4XxWqBk7QrPsg6HiirRUHkobfncM7cgFta9AL2qQ3KEvDxdOF8Jt0Yaq1DflzYCdVbrtNyXVWLozGanY0zkpcvkEqQuZNB8hLBKYW8JJFfJvHZAbrBBS7BBRjnO+LnXDrN94GbCzGi/fw9Q22X/AH6pPYrVCWaGTZQKplnvCKqHuXXc2UB30iO4rsN055/SMGLqR+4nvysqxuvCyvs7sPOwFw2WZ6+B1dlZ5NTrLdRYKZ86gNg6MzS1YWkJueHb4nRDojZFJYF2BawYJjof7NhEmBYZhg97ADcsaPSeGsnx63mlYFjt6n51Vvg2PM2H7cVLs7iPQu1qQmDks3Ga+iTANO6fEGic3deyscmux6fVlyQlvFMlguaVAGpQ/CgwLiediAS+9ptnkJl3AkqDNhMsF9ryjR0ZZqwXWOl4v3CCQlI7h4J3CcsFbn8/Grv8+NAP/BeYT7A0m6mmaAAAAAElFTkSuQmCC'),(59,15,71,'test engineer'),(59,15,72,'21-2-2019'),(59,15,73,'panitha'),(59,16,74,'panitha'),(59,16,75,'data:image/png;base64,iVBORw0KGgoAAAANSUhEUgAAAPkAAACWCAYAAAAc7S4fAAANcElEQVR4Xu2dC+wdRRnFyyNQJQhUGkmDqK0oDxGVhwJiK6aRooiIlCKorUBAUJCHtrwLiDxKapBXsQKVIIWggCBYUeShxUdARWs0oBGN8tI2lBJFwOo5dTfd0vu/z727szO/SU7u3ntnZ77vfHuy987OfLPOqO7LTqo6Pqt+U/enURMGYKBOBtZp0fkYfXahsJ2wmTBaeP3L6j2k948KFwk+psAADATKQC7yJZl9G7UQdDem36lKZwoPdlOZOjAAA9UxYJHPzgRaVq+XqqEvCP8qq0HagQEY6J+Bsu7kI1lwrL64pH/zOBMGYGBQBlr9J99KjZ4h+D/5k8JLwljBg22XC5sLmwpbCOcK7+nSiENU7/ou61INBmCgJAZaibzXpl+pE2YJp3d54jOq92bh6S7rUw0GYGAABsoQebF7/wo4Xzi4S5tOUb0LhJVd1qcaDMBAjwyULfJi93vqzf1d2nOf6u0rrOiyPtVgAAa6ZGCYIs9NWFcHhwtXdmHT31VnW2FpF3WpAgMw0AUDVYi8aIb/v1vwF3ewbbm+90//Z7vwgSowAANtGKha5EVTPE220+SZuapzkvBfoggDMNAfA3WKvGjxOXpzWhsXvqzvPMHGj/MoMAADPTAQishzk9+qg4fb2D9V37E4pocAUxUGQhN5HpGtdfDICOG5TZ8fJDxP+GAABjozEKrIi5afrDdfauHKB/SZF8ZQYAAG2jDQBJHn5n+0xU91P2p7m/BXogwDMNCagSaJPPdgSos7uO/2Hpz7N4GGARhYk4Emijz3YEcdzBd2yT64Xa9+/n43QYYBGFjNQJNFnnvhGXKzhd2FLYWFwgzu6lzmMPB/BmIQeR7LyTo4S9gt++Czel0gPEewYSBlBmISueO4gbCPcKLwbuEJ4SjBj90oMJAkA7GJvBhEr3E/L/vAyS/2E36eZJRxOmkGYha5A7uJ4JH3mVmUvfBlL+EXSUcd55NiIHaR58HcRgd+xLZ39sFP9HqM8Mukoo2zSTKQisjz4Ppxmx+z5YNzs3XsRJPLkow+TifBQGoiz4Pque83FCLMFNkkLvc0nUxV5Hm0i/PiX9SH+wt3pHkp4HWsDKQucsfVW0FdIfju7vIfwf/dfxBr0PErLQYQ+ep4b69Dr1X3DDoXD9Q5/zyTadLSRHTeIvK1Q/peffTDwsfOWOMNIP1zngIDjWMAkY8cMu/4cl3h62k6vrFxEcbg5BlA5O0vgfX0tf+vH1GodoCOb07+yoGAxjCAyLsL1WtUbbEwIavu1FOeYPPn7k6nFgzUxwAi7417T6J5oHDKV3V8ZG9NUBsGqmUAkffOtzk7VXAa6bx4MYwH58gP3zufnDFkBhB5/wRvqFPnCdMLTbxPx8WR+f5b50wYKIkBRD44kRPVxCJhdNaUU0l7TfsfB2+aFmBgcAYQ+eAc5i1444fiIzZPmfU2zhQYqJUBRF4u/d7B1avaji40673ai4thyu2R1mCgAwOIfDiXyKZq9rfCuKx5p4oeI/xzON3RKgyMzAAiH+7VMUnN31Po4us69iM38sMPl3daLzCAyKu5HJyo4thCV971pd3GjtVYRS9JMIDIqwvzxurqV8L4rEuPwvtO74yyFBgYGgOIfGjUjtiwd36x2PNyqA6+Ub0Z9JgKA4i8nkh74YvXq3sDiLx4yuxP6zGHXmNmAJHXG10vfPGkmY0yMy7PhL+yXrPoPSYGEHkY0fy4zLi2YMoeOi4uhAnDSqxoJAOIPKywfUrmXJWZdItePxKWeVjTRAYQeXhRGyuTHhS2ykw7vCD88KzFouAZQOThhmhXmfazzDxv6zRJWBGuuVgWKgOIPNTIrLbL6ae8M6vLgcI3wzcZC0NiAJGHFI2RbdlCX/nZukfjvyt40Ys3b6TAQEcGEHlHioKq4HnvTlTh8kmhOCIflKEYEw4DiDycWHRryatV0SPw3m/9McF54v1KgYGWDCDy5l4YTjWVb+X0OR17EQwFBtZiAJE3+6JYX+Y7QYUF/mPBG0L8pdkuYX3ZDCDyshmtpz3ngPeou/dz83P1qwUyx9YTi+B6ReTBhWQgg/yIzf/Xfy94Z9ZlA7XGyVEwgMijCOMaTniF23nCMYLzwTvnHCVhBhB5vMHfRa55hxff1b0F86Pxuopn7RhA5HFfHx6Y88j7HOEw4RqB/+pxx3wt7xB5GgH3bi9XZq56NJ6ssWnEfZWXiDyhYMvVjwmfF5ycYqHwXFrup+ktIk8z7v7Z/oLwFcH54SkRM4DIIw5uB9em6fspwv3CrcLSdKmI23NEHnd8O3m3mSpMFpxE8i7BK9wokTGAyCMLaJ/ueCmrZ8o5K81xfbbBaYEygMgDDUxNZs1Uv84U6zzwj9dkA92WzAAiL5nQCJrz/Hdni/XAnH++PxWBT0m7gMiTDn9b5yfo2xmCk0p6YI7SUAYQeUMDV6HZx6uv0YKnyDICXyHxZXWFyMtiMu52dpB7zh67RPid8Gzc7sblHSKPK57D9OYNanxPwY/dHhKcpILSAAYQeQOCFJiJFvtewubCBYHZhjktGEDkXBb9MOAFL28Rzha8uu3JfhrhnGoYQOTV8BxzLzfIuRsF791GCZABRB5gUBpo0gmy2SmiD+KuHl70EHl4MWmyRV6++jfhpCY7EZvtiDy2iNbvz84yYW4GJtHUHw+SRgQQg1hN8N18jOA16wzM1Rhl7uQ1kp9A104L7c0ZFwj3JOBvkC4i8iDDEpVR4+SNs8W+SjhTIGtsxeFF5BUTnnB3TkxxjrBYcF745xPmolLXEXmldNOZGJgueHrsqfxXr+Z6QOTV8EwvazLg3HInCzcJThXtteuUITGAyIdELM12ZMAj704P7dVtnxG8uo0yBAYQ+RBIpcmeGNhRtRcInhrr5+vc1Xuir3NlRN6ZI2oMn4GN1cUpwkRhuvDI8LtMpwdEnk6sm+Cpf7r7rn5vJvpnmmB06DYi8tAjlJ59Xqf+CWG24Mk0D6RHQbkeI/Jy+aS18hhwIknPff+ecL7wj/KaTqslRJ5WvJvorXPAe9HLEYK3dKL0yAAi75EwqtfCwNaZwJ0H3vutk0iyhzAg8h7IomqtDPi5up+ne5eXDwvfr9WaBnWOyBsULExdxcBOwm3CIuHTAs/VO1wYiBzlNJEBJ5L0YNyBgrdgJj10mygi8iZe4ticMzBVB3OE6wSnh+a/eotrA5EjmKYzsK4c8ICc88F/UGC23Msiisibfoljf86ABe792q4RvIyVkjGAyLkUYmLgdXJmvuAsNPsIy2Jyrl9fEHm/zHFeyAz4EZs3ezhOcCLJpAsiTzr8UTvvOfDzhPWE6cLyqL1t4xwiTzXy6fh9ulz1zi6HCA+n4/ZqTxF5ilFPz+d3yOVvCR6FnyUk9agNkad3wafq8Vg5PiMTuUfik1nCishTveTT9dtLWL0Tq2fJnSisjJ0KRB57hPFvJAa80cO7BO/wEnUGGkSOCFJmYLKcP1vwyrZo16oj8pQvcXw3A16rfpngkXfPf48uAw0i50KHgVGjPP/9MGF34VzhDzGRgshjiia+DMrAHmrgIsHr1X1Xj2JQDpEPellwfowMOBnFm4QLhSea7iAib3oEsX9YDDgd9KHC14R7h9VJFe0i8ipYpo+mMvBaGe5lqx6M88/3FU10BJE3MWrYXDUD+6tDz3/3irbGzZRD5FVfLvTXVAZ8V/curIsFz4N/qSmOIPKmRAo7Q2HAed/9yO3a7Gd8KHaNaAciDz5EGBggA/vKJu/X5lRTd4V+V0fkAV5BmNQYBpx5xs/S/fP98VCtRuShRga7msKA5797wwevagsy/zsib8qlhJ0hM7CljNsv+69+vV6XhmQsIg8pGtjSdAZ2kwO7Cl6v/lQoziDyUCKBHbEw4E0ejhT8PN1z4GsviLz2EGBAhAz4EdvRwjjhDKHWZ+qIPMIrDJeCYWBnWfJO4Q7hsbqsQuR1MU+/qTCwjRydKLwofEd4umrHEXnVjNNfqgxsL8c9B/4qodLlq4g81UsOv+tgwHu0OSnFncKtVRmAyKtimn5gYDUDx+vQC15OqIIURF4Fy/QBA2sz4EG5uRmGeldH5Fx+MFAvA6ep+w2ES4WhDMoh8noDTO8w4F1Xpwrvz+7qvy6bEkReNqO0BwP9MfB2nXaJ8CPBKadKyxSLyPsLCGfBwLAY8Aw5p5qaJvymjE4QeRks0gYMlMuAl67eIszJ7u4DtY7IB6KPk2FgaAysr5bvFryX+gHCC/32hMj7ZY7zYKAaBr6obqYLXsLaV/YZRF5NoOgFBgZhwCPvi4QPCbf32hAi75Ux6sNAPQzsoG79eM2LXHr6+Y7I6wkYvcJAPwxsqJMWCtsJXtnWVfYZRN4P1ZwDA/UycIW6n5L9T+84Sw6R1xsseoeBfhnwstWbhUnCfe0aQeT9Usx5MFA/A2+UCd8WPFNu3kjmIPL6A4UFMDAIA+N18uWCN3iY36ohRD4IvZwLA2Ew8AqZcXVmylF6XV40C5GHESSsgIFBGdhEDcwUJgizhD/lDSLyQanlfBgIi4GDZY5H3p1matWyVUQeVoCwBgbKYMCTZfYWLhaWIPIyKKUNGAiPgW1l0lnCZf8DeEBu5S7NN5oAAAAASUVORK5CYII='),(59,19,81,'data:image/png;base64,iVBORw0KGgoAAAANSUhEUgAAAMgAAABICAYAAACz6LpGAAAKLUlEQVR4Xu1dd+gcRRQ2SlBsqLFgv1ixgC1ibORsiL2LISI/sceaKP4RFS9GIfYWK1FPjC1WjL3gRcWCLREUohF/2GKvqBDr9+FOeEy23f5m2+x78Li9nd2Z976Zt9PezAxbop60OcTeBbyjEP81XH8L/gE8u55qqdRVQ2BY1QSKkWd5hF0M3gE8OkHuHxF+L/gZ8GM10lFFrRgCdTCQzYDZBxlxewDvGc4Yhb7WZASqbCBXIWMmOMicnxHHFPCVDuLSKBqGQNUMhPJcBj4nIR/+RPjT4MfBC4Nnf8Pv+uC/wCPA51txbIz/8xuWv6ruEBGokoFsA13eSaEP+yFTwTSIOOogcBJ4ePBQD7+7pYhfH1EEFiFQFQOZBolOTciXvRH+bJ95Nx7P3yDe2QnXHO1SUgRSIVC2gawBKb9KkPRwhD+USpvwh2bi9hFB0GT8smZRUgRSIVCmgeyVUCOMRfh9qbSIf2gAwXcEj8zC74EO4tQoGoJAWQZyYcyXnM2imxzi30Jcn4j4ytLZoUoaVVEIFF1YWFhfAG8QouDBuMdJvX9zUL6DOGmUpHvA43JIQ6P0EIEiDUQWUgnlufhzeQHY/oE0lgnS0c56AYD7kEQRBhJmGPMA3lHg98D/FATkdKRzXJDW1fidWFC6mkyNEcjTQNgZvg7MyTtDPVzcCe6WhJlsvnFOhPIoKQKRCORlIHJolYkPBoZBg6G3bVnUQcKmL0IZ8tK/LP00XccIuC4gMyCf3QHm3AM7xh86lj1rdBzRagUvH4/f27JGpO/5j4BLA3kLcG0nIOvhmsbB3yoRJw1Zw5Ho6XtklYRTWaqFgAsDaUOlF4VaZbiYs0agHFuD1wRTrxvBqwVGIFFfDn9YizCM60Y2BXOhlZIisBgCQzWQExHjLSLWol059kXarBEGEvL2VoRzAdWv4BXAF4B3D94ZKgZarDxGYCiFg/5Rhwps6DryfIFY0TC4ZmQdB2myBnkE/Db4FXDWBVoORNEoqoRAVgNhk6odKDIHv+zssnAVRR0kJEejXKdrmok9RKzNL9fo1ii+fg1EdnCpZhd8NriooVv2L+h4SNd3Se/jz+yAB/H7N3hlMF1a6PTYzpgnH+M9TijquvaMANb9tX4MZH8oS29YQyfhgm37omgVJHQz2Lium3S5voOuI3G0IQKXBm8L3gg8xjKaufi/VUQEZQw6FIWpppOAQFoD6SAe2aTh0CgLTlHURkLngfe0EqQMHK3qZRBEzqoTB24lRL3ojhLWr1kX9z/PkI6+UmME0hiI3awq2kWDe1+9GoIxO9Ms0Asy4M/5Gs7bGJI6sRnHcNaQrDUNHYALroFXahACSQayLLDogstckfc60udeWJJoGD1w1g50B+/KGjHK6Nt4zszxfInrtRtUNlRVIJBkILIgFT3HwQxqgeViJ95zIYc9fzMK8UaNwj2MsEOC0pKElxYqzxCIy/AB6GqWqpbpkkEZKMsgmGtHXPR92G85ReRlHA7yI6EG4pkBJKkTl+Hf4GW6Y3wBdjEZlyRLXDhHnr4GcybcBRmjY1ysOViDRFELAaYWUwNxgX6N4ojKcPnVfBT6mCZGjVSLFVXq18OT7IPEkXHEVAPxpQSk1CMsw+UXM03hSZlUpR6TNUgaHY3ngBpIpbIxf2HCMvwJJEsnQFLR8x35a/x/Cs+BzZzKIK5HJiRs5kzUQIrKoYqkY2c43cXfDWTjLDnnAnwke+eUuIIvN7dTA/GxNMToZGe4aUp8h3e2B/Pr6iP9AqXo9k5ix3/FGCW5syNHzjjnsrqPYKhO0QhIA5G1RxevHOspcHQpoXOjpC3wJ8rFvYMwTireDT7aU0xUrQgEpIEM4Bkz7+Fr34MwtMD25CM3zubciE174IZZ41K0i40W2gogIA2EKwM5w0zi/AebWT5SG0rJJcLUMWp2/hqEnQnmrvK2i72P2KhOFgLGQOQ6bTY/tvQYqRZ0s2sQNie7ls5L4T8P4yHdDjabznkMjapmIyBrEDOyw21wuELQV7I9ealnWBPrLNznDowkriMxo3u+4qJ6hSBgDKSDMOPd6sIZsMpgS12NnGE62+tFqqyTypYTAmEG4vtYP89Xf1ngyeW59PUaFPd4nqHZ6I7evIflhL9GW3EEjDF8Dzm5pDXJca/i6qQW71M8yRWCJC682tV6k8ZBIyEdBNY16amh9etBGoicF/B59lzmXNwm1jwigUclGPK9RvWrRDvWhpnfBpthzx6ukzxbHYtQSnTGQN5A6qMtCa7H/9OCezp7Xkr2VCdRGgi3xuH2NiTfh3ipYwtshnm7uLY9BmTtsjPCw9bDVycHVZJcETDNB34pVw1SKurEp1wVi4m8g7CoETuue2Gn3JA2r8rKpYqkawoAv6j8spLKXF5bFCymSWk3J2XtcS2E4VyIUoMRMAZCJ7y7BA5N3OKGzSmOaBmid8HvDS4bqjoQkE0IulOY9ngTahG7AMja4yUEjtESoghIA7E3aPPZo9fOeU4EPihucn2Iqw0itJTVGAG7Eyo9enm4DFcUuthmp8oQDYdwC4WAPEeRHrxKisBiG8dx202eJ9gW2Pi+DoKH6Vwk9NWRKzWMRQiEFQbuR8vJslYDjGRJ6EhfLEPH4EIOVmhRaTgCUV9Lup9MB7NfYshHn6RJUO6SQEE2s3hEgpIiEFuDSHjm4c8mwQ3f3C54Zsh8oex6uP5My4YiIBFI096Wk4g+uaJcASB4OhbpSfB+WjQUARuBNAbCd8x2QLz2YY5EDmlz7T2blFmPUtBS5TECaQ3EPkSHnfgzaoyLPNKAk6PdGuuioueIQFoDoQingzlHYKiuE4kdKGCcFQdxPTJHfDXqmiPQj4FQVZ5LPqHGRmJ7C2jtUfMCnLf4/RoI5ZH9Ef6fDOZXuQ7EdS9c/0LqgZuwOKwO+VJZGbMYCJWZAR4ntKrDbPtMyCuPkOYO9k9VNmdUsEogkNVAKLy9Q3pVa5J9ICv7HPIg0KLPeK9EZqsQ/SMwFANhap2g8JmUP8IFO+9z+hcllzfoNkP3EVlzUGYas5IikIjAUA2ECdhDwLxXlREuu1lFw7gBrHMeiUVDHyACLgyE8dALeBaY23oaYi3CEa9eCVCfjDSngM06e4pwKXgq+KcS5NEka4qAKwMx6ndwYeYYzD3OvBsuAqYq12hF6K9pOETAtYFQNLb76SUrPYGNyKxNpoG59pvHOrskehtzZMoc4cC4uTv7CeCuy4Q0ruYgkIeBGPTG44Lt/Sii4yMPreHJTgvA9Bzuh3iGCUem1gKPBbetl7n/7v0JMvSTnj7bQATyNBADJ5s8/LIP9InvIJ4fAeY+uqQ3xfs8Mo0Ohtx5JIzYpGMtJt3Z+0xeH1cE3HXS02LZxoM8C3Ei2GwenfbdNM+xVqIbezfNw/qMIpCEQBE1SJQMKyGARxGMAnMUjAuzWgHzHQ7FciNp7rQuR8fs+Ljh9lxwDxx1EGcSDhquCIQi8B/V9YNYs2WHJQAAAABJRU5ErkJggg=='),(59,19,83,'nhjk'),(61,15,69,'data:image/png;base64,iVBORw0KGgoAAAANSUhEUgAAAMgAAABmCAYAAACOTt4AAAANI0lEQVR4Xu2dB6xtRRWGP4yCIqhYQY1ICYgShaAiRdRQBLFgwYpiQ7BEkcSSGEWjsQOKhYiKKCKJIghiLGgUUREEbIBIAEssqAEMWAAJmC/MNuOwz7nn3lP23nPWSl7ue+/uPTPrn/n3zKy1Zs061Cf3ALYArk6q/Tb9fDzwYOAa4ELgD/WpHhrNGoF1Zl1gh+XtA+wHvGLCNtwA/BW4HvgJcBNwM3Aq8O0Jy4jHKkegBoI4Y5wNbDvDvroWOAU4BrhghuVGUQNDYOgE2RL4ELDvnHE/CjgaaJZrc64uiu8LAkMnyNuBw1cB5p+AP6c9ikuqZlllEe5Pxol7mo8ApwE/W0Wd8eiAERgyQR4KXNyC/TnA8Wnw/zI9syFwH+CSMX11b2BT4ABgA2Bv4IEjnn8HIDlDKkdgyARpmz2eDXxphn32GuBlwHYtZR4LHDzDuqKoHiIwZIJcCmydYTqvr/rdgJ2AFwAvLPpQk/F7gPOB7/Wwf6NJUyIwZILcmunusmrnKbGY5PXXAQcBDyse/g7wg1h2TQLhsJ4ZKkH2B76YQa2FycG7CNkkLa30t/j3XFzeucwLqQSBoRLkfcAbUx90NSj1zGtm/mTLWHBv8q0wCw+fJUMlyCcyj/msN+Zr6dXPpz1K/q6hLIcAX1tLgfFOPxDoO0F2AB4LnAu4z2jEEBHNtkpfdHDZp0+m3J+cmEzH/ejxaMWqEOjL4MobvX368pYxVU9IlqLNgSvSCzrsfL5PMsp5aazYN/rU0GjLygj0iSAS4nmAa/s2acy4uYPQMJPXr6xmJ09oRHBWyeUfKaBSq1fIABDomiAHpo3ui8d4rYXR8PRXpaWWBPpuwraZVfoK9aOSn2T3lgY+Cfh6Xxse7boNgS4IYszTXivMFrZNx9tZwFeBi4Abs05zb6IMIdL2rsArgQ+MGHS7pWjkGJM9RGDRBHHJ0fwZBcdLgTOAv/UQr2mapFHhM2Mij3cEzpumgnh39ggsiiCNv2DU/uIkwNimZQjXuGd22rGtR11ufnb2XR0lrgWBeRNEy81LWjarTVs/CLwb8IDSsskuKTylTe9bgI2A65YNlL7pOy+COGO8BfBr2CZ6vz+XllJ9w2TR7VkfMCxf83UpRguM2rssup1LWd88CDLuEJPWpzelM+BLCfgYpT2D4qGsdYtntOA9B7g8AFs8ArMiiAeSPGDkcsnZoxSTILyt8IYvXtth1LheciiW+zX9PTpGl2Gf1puemgVBtgJOAB7dopXhIQbt6dD7e2+0HkZDtHp9rNi/ieengOOGocLwWzkNQZ4JeOKuzTLl2W+jXP3axRdvunGyDfDxAucvtARHTldLvN2KwFoIIiEMCRmVf8oNuJvLyAAy20GnwUM/SiNGC78aOH221URpOQKrJcgRKbrWEIpSXB9LGpOwhcwPgTLGa15HjeenwYBKXg1B/Hq1mW1dTh0642QJA4Kwk6bm8WhNA/oel9YJUNNWOilB2iJTrdv9xfNTrqlp2xLvrw6BJwPvLc6fdHW6cnUtH9DTKxFkj2SBKg8BXQV4qi9yQ3Xb2ebt0lCib6mRK4E3x4w+m44ZRxAH/65AGaodm/DZYD/LUkxJpJ+kiXJuyo79yZQojyKIEbfa4JtjrVaj1cS8UGG2nRL0Ob7ubGJ61Fz6eOpyjhDMtug2gpQpdazRE3Cud+NagNniP6/SDOkp/VNmiAwH4yoRbyOI56afmJXjuQwdVbHfWCW4HT/+1BT6k+8fTbztHSohEyJQEqQt0DDMhxOC2dPHzgQ0tjRiuMo747jvZL2VE8SLaC4r9h2xyZsMx74/5azhzVm5RN9O0Gs5QUoQPf7pMdCQOhDQwuVJxXzJ5cVAh9Wh3ny0yAnyacDz4I0sMt/tfLSLUksETJhhRES+gdcA866wTrYPloYgmnPNVthIeGTrJteRRT4xcx1rpYwjCUW/NwQxbMH0Oo30Id9t3UO0W+30wHtGxyMLjcSepKVPGoKUodQrhaB0271R+ywQaDu2EB/GETPIh4HXpt+dPCYLySw6JsroFwK5U9HkEY6DiJZIfdTMFJ7heGT6v3Am9WsAz7s1zwC+nFUSdy9mYDQE8WrkjdP/e4Y896TPu4Oi/G4R0P/lR9EUqLEfGbHEyu/biC9ItwO2i9rdj5iRxstKG4kIiix5dX5jUxCkiyHafZ1lmJE5BTbrvlndtqBZYuXHaY9P6UK7bVnU3gUC5clR/WEmhqgtkfjE2DYEyb8eYQ+fGL7qHjTpnxv2h8d+5DYEGoJo1ntcAuWYdFlNdb0fCk2EQOkTMynHdss6izQE8YKaJojNsAPPNIcsLwJlBpulXVVIkDIOyzWnB6RClhcBrVofLSJ/77uMs4gE8e4/z583spRALC8XRmpuEgiDGhv5YUrisVRQSZB8zeleRPt3SCAgAp4JyrNoeow3D2qtHiUJEhas6rt5zQrmV25byMXAnsuUKFCCaOt+VoJQsrghCwkEGgRcfrsMb+Qpy3QzmATJozk9I+DaMyQQyBG4NfuHd7t7x/tSSEmQpTXnLUVvr13J0ux7AHDi2osbzpsSJFf+4HQd83A0iJYuAgGDGH+UVeQZ9rcuouKu65AgeaBiEKTrHulv/fmH1LPrbuA9JlG1lDNIJGuourunUs5wk59mJZhR/v1TlTiAl8s9SPhBBtBpHTYxj/Y1wtfwpKojfcsZJELdOxx9A6i6vNmq+rAkCeJttC9PneMVwwcNoKOiid0hkLsFql+SS5CzsvPI38/C3rvrgqi5zwiUsXte3uO11FWKBNHxs3fSzqsP9qlS01Bqlgh4mdIDUoFVm3xjkz7LYbM8ZZ0EPDepW/XZdQnyG8CkxkrVyi7P+J27pqXJt9oMKBLk59kZ5F8Aj5g7vFFBDQjkqaI8YKdFqzqRIH8E7p808/xxs7asTtlQaKYI5FG++kI8aFedSJA8UlMFI3F1dd08F4VKn4gH77ygpyqJPUhV3blQZdYDrsxWH1VasyTI74AHJWh/D2y6UJijsiEj4IzxoqRAlQGMEuRawATGikpuNOQei7YvFIFtAa9MaKS6zboEcWO+SRBkoQOrpsrKdKVVJXYoN+kXZPeE1NSJocv8ECiv76tqFgmCzG/gLFPJJplr/CDXpazw19QAgAS5Atg8KeN6Mk9cXIOOocP8ETCvc35tWzXpayXIXzInzw3AXeaPZ9RQIQK/Ah6S9DodeFoNOpZWLHXaItm3a9AvdFgcAvlFsGZfdLM+eJEgVwH3S5pEsOLgu7QzBcpzIlVEZKjEpcDWGayRG6uzMTboio0INzK8kWoIUt5Np7PQzHnnDLq7ovGLRmAH4PwaCaJOuSWr0VGrhAdjXE9Wn/9o0aOpwvqqJoiziHmO7tzScc4obsCcPquL1qxwoHalUrV7kAZQPaIGnu0/BuFzgVPSvRG53burTol6+4NAGXJSzR6khNi4/gMB4/1Hif6So4FLYlbpzwjtuCVnZzdQudponM8dN2u66ldi+c7AfsAbxlRzHHBC4UmdrlXx9hARyPNlVXNFwkoEaTrK2cSll3+89LNN9KG4RzE6+NTaU1IOcQTPsc3l6cKvAE+fY30LK3pSguQNkiR7Ad401DgY2xrspY8mO/4x4N7l8oVpFRUtGoFy/2F2TrN0Dl7WQpB8VnkMcNiYWSUH6JuAMTpxxfTgh83/KXAUcGj2P/9OVyO4ohi8TEOQclbZFXDPshlwrzHI/Bo4LWV0DEvYsIeQSyvvDWnyqqlNVfl6Z0WQspvdp5gKZg/g8GTRaFIL5c+aTV4/i4QJsgyLLPrOdA3oIGzEvtw+JSAcljYjWjsvgrRV59fGvL/7pnslymeuTyS5MP0MwvRviNmH/vGj1ybVxfEtkiA5oKaudO3qTOMlLG3iGvafwMnplxImSLN40mjm92zHbiv4Nqojh1B3RZC8m/0ieTfixis4J33nzHSZfSzJ5keUHdNM7ylBP2RNxptxNVZJjr4QpCSLhLFz7gTsMqZXmiXZscmMXPVVYPPjw/9Kdk/hTCEpJhX9HcbwXTbpC0N7rg8zyDjMtI5sA5h/yQzio+4u0TKm9zZmltWPwCOTX2vUUjcv8V+AWHtH+hGrr2p4b/SdIG2Iusn3IvtxSzL3Kna856TDQXl7FE0bekiaoccFp/qmM7OmXJe35wFmLVkaGSJBRi3JRgVXmn7Gax3OAC5KJki/gsskDTYun/RX7ZTl1C1x0Iro1QZmJll6o8jQCZJ3rssxI5Hdv4yLRPYdZxWvEVN0bDWp+12Hm/bojsAd0j7I9fXV6VlDa3YH9BbfDPwHuDH99O+3AEY6+26ZwtU9k7JhCzMvBu6eZsbcA61O/nvdbEA3v18/tdt3XX66FM3FduunuKlw5I36MOiTcj8XJ0kzhGoiSNnxW6avpYSROOYgjrzDt6eHs4RWqKWfLdq+HDUTpNR3g5RWdau0xPDr7EzjGntUhHJtyzBTyzqz6PF25jumZgvULDrvvzt5HoXJm1JqAAAAAElFTkSuQmCC'),(61,15,70,'data:image/png;base64,iVBORw0KGgoAAAANSUhEUgAAAMgAAABmCAYAAACOTt4AAAAJf0lEQVR4Xu2dechtVRnGf84NKKjVtRJns7SSUitN0MRMMU1wCg3Ta90oyz8UiQpMQaE/FNFKcMxLRpqioOJQiCWWAzeVHKLBEq2cEnPKqUEeWEuXx33Ot/c+65yz917PC5d7ud9ew/vb6/n2Xmu/612rkcfeCbwdeDBPda7FBLpBYLUpu3ESsC+wJbB+qOuXwPnAT6as28VNYOEEphHIx4FbgDXHeCGhnAzob5sJ9JLANAK5Cdh9Ca8fBi4Dju8lHXe6eAJtBfIO4ImE3jPASuAbY4jeAeiJYzOBXhFoKxBNyh9PPN0C+Gt4ouwNfHMMhXWB53pFyJ0tmkBbgewArArk9CR51wjFS4BDx5BdG3ilaOp2vjcE2gpEq1ffTbysquc3wM5+kvRmLLijFQRyCEQrVRJMlT0A6PWrytYC/uO7YgJdJtBWIFqZOig49i3gexOc/Auw+Zift22/y0zdtwERaDtArwY+GzgcAfx4ApM1JjwptPJ15IB42pWBEWgrEK1YbRZCS8Y9HVJUGwL/HMNuU+ChgXG1OwMh0FYg8SPhr4Fda7LYAHjSr1o1afmyThBoK5BHgWXAGcBxDTz5AHB/xfU/mPCRsUH1vtQE8hJoIxAFJ14TunEUcFHDLm0H3FtRxqtaDUH68tkTaCMQfSWPq1afahmM+FXg7BH3FP37hdm77BZMoD6BNgJJgxTblI+9uxHYY6Srmqc8Vb/7vtIEZkugzQD/f+iSPg7qI+E0FuuKdfwIWD5NhS5rAjkJNBVIGmLS9vUq7X/V8u97gX/kdNJ1mUBbAk0Fkuv1Ku3vaOj8hcDRbR1yORPISaCJQHZLJuRaudIKVi7bBdA3lWifAX6eq3LXYwJtCTQRiDZDnRUa0tfz3AkatI/kusSRtwIvtnXM5UwgB4EmArkW2Cc8RTT/mIWdnnx4VLj8J2fRiOs0gboE6gpEOwj/DKwXVq7GhbfXbXfcdar/6eSHx1R8L5m2DZc3gdoE6gokXb2qW6Z2J0Yu1P4R7SOJtiPw27aVuZwJTEOg7mCPq1dK4TOr16vUj28Dpyb/oSfYuGjgafx3WROYSKCOQLYC/hRqURyW5iKzNvXrf0kj/w6ZG2fdrus3gTcQqCOQE5Mv5luHucg8MCpbo+Y90b4CnDuPht2GCUQCdQQSw0EeAzaaM7ovAeclbSq96b/m3Ac3VzCBpQSS/hb/BbDXAliNxmst1ecFdNFNDpXAUoNNwYNxz7h2DqZfu+fFRE+tR5LGFBLvxNjzol94O0sJJP3tvdS1s0S5AjgnaUCJINJJ/Czbdt0FE5g06JVL97bA5o/ANgvmlIr1d8D2C+6Pmy+AwCSB/A1Q6LnsQOCKBfNQelMtFERTFPC4JBAL7qqbHwqBSQLpyutVyvpM4NjwH9ozEgU8lPthPzpGYJxAtFp1Q9LXRc4/RpGlwv0gcF/HmLo7AyIwbuDrt/O7g5+HAT/tkM9KNJeG2ndJvB3C5K7kIDBucHXx9Sr1V2cgxl2HnwOuygHDdZjAKIEqgawzslGpi7+htZlK8VnR3ga84NtrArkJVA3+LycxTz8Evp670Uz16ewRbaqS7Q8oobbNBLISqBKITo7SCVIy/X1n1hbzVibxnhKyoHwI+G/e6l1b6QSqBNL1+Ud6z5SuVN9GFMSor+1pYGPp99b+ZyAwSSDaA/K+DG3Muoo9AQVSyj4C3D3rBl1/OQRGBfLRZHurspgo63ofTLsNlYROp1kpAtlmAlkIjApE3zxipKzEcleWVmZfidIQSRwyna77s9k36RZKIDAqkFlkTpwXx4uBw0Njyo7y7LwadjvDJTAqkDhBn1dyhpxk3wP8PVR4AaDdiDYTmIpAKhBlDnk81Nb05KipOpGx8HfCsq+qdCaUjGBLrSoVSJr7atLZ511mpWXfl0MHFQqvkHibCbQmME4gOY42aN2pKQsqPWpMTeRo3ylhll48FYi2tOpjm+z9wB96DKdPHzt7jHn4XU8FEs8+V5pPpfvss0ngvw8OnACc1mdn3PfFEUgFMrTfuvqiHvetr+k4rcUNsj63XCWQPi7xVt2DdYFnwg+0n1776m0m0IhAFMhmgF6xZLlPj2rUocwXXwkcEOp0kofMcEuobugCSZd9dby0jpm2mUBtAlEguwMKM5FdBhxSu4buX6g9I98P3dwEeLj7XXYPu0IgCmQIHwknMY0LEE4V1JWR15N+RIGkeyr07xt70v+63fx0cmruh4F76hb0dWUTqHqCKFn1ygFiGdoy9gBvUfdcKuUVS+R19vr1not0bxB2uUdRIOk+kL4GKtbhHJ8ijyaJ8eqU8zWFEihNIOkJug5kLHTQN3G7NIGIzXXA3sD9wHZNYPna8ghEgaQnSQ39sMy1gZfCrdZe9jTPb3kjwB5PJBAFkoa6D10gAnIWoKwtNwO7eYyYwDgCVU+Qo0I81pCpKbr3leCgcn/Fc+CH7LN9a0GgxDlIxBT3rz8AbNWCnYsUQCAKRHmkDg7+Kg5L8VhDt9WB54G3ADpz5KGhO2z/mhMo+QkiWpp/aP/LpcDnm+NziaETqBLIUDZM1bl3movosNJlwMZJXq06ZX1NAQSiQHQOyNeCv2cDxxTge3TxE+GIOb1ieUWroBtfx9UoEM05DgoFLk/mI3XqGMI1CrXRmYxK9mAzgdcIlP6KFUFsG07L1RHTcXOVh4kJYIG8PghiwOYuwK0eGyYgAhbI6+PgY8DtgHZXKqLZZgKvCSSNxRpSVpOmt1jJ5vTniz4+oSm6YV5f0oapOncw7s0/DlCGe1vhBKJArgL2Cyx0nLKOVS7RYnYXRfgq0tdWOAHPQd48AOLrZpp1svBhUq77Fsib771es3YC9i13WNjzSKAq3L3kSbpHhgm8gYBDTTwgTGACgSgQBSjGOKRfAZqs2kygeAJRII8AGwUaTolT/LAwgNE5SJp1UD/zCo7HiAkEIaSZ3SOUPh/i6RtrAtkI6EmxA7BqpEadUaizCm0mUDQBCWQ5cMEIhaOBC4smY+dNILxipWeDRChDzs/rG28CtQnoCWKB1MblC0sjIIHoPBDFH6VWQvK40u61/W1BQAJRPizlxUqtlNxYLZC5SEkEJBAv85Z0x+1rIwLxg+DLgI5MlilnrTKg20ygeAJRIP6SXvxQMIAqAg5397gwgQkEokBWADojRFbC+SAeFCZQi0AUSLrU6yXeWuh8UQkELJAS7rJ9bE0gCiRd6nUkb2ucLjg0AhbI0O6o/clK4FXsd1N2fD56dQAAAABJRU5ErkJggg=='),(61,15,71,'s'),(61,15,72,'s'),(61,15,73,'sss'),(61,16,74,'ss'),(61,16,75,'data:image/png;base64,iVBORw0KGgoAAAANSUhEUgAAAMgAAAAtCAYAAADr0SSvAAACj0lEQVR4Xu3dO49OURSH8WcqIlGpJAqFS6NTaEmUbg2lEELhAyjR+QSTuIVER+NaKSgVWoVLolMpiURD1szeOcvOzhj1enYzMyen2b9Z/+yz9nvOeVdYH7uAVeAgcAe43o77Q4HSAitt9qeBR+3398CB0ipOXoEm0AMSK8a1duwBcF4hBRSAWUBueIllaSiwLmBArAQFNhDoATkKvGrnnQEeq6aAAssKchO42kCOAy/EUUCBJSCxgxU7WTGutC1ffRQoL9AvsV4Dh5uGTXr5shCgCxgQa0GBTTTpriCWiQITgb6CPAOiOY9xGbitlgIKLE36feCcAbEkFPhbYNaDvAGOCKWAAssKknsQA2JlKNAEXEEsBQX+cxfLFcSSUWBYQe4CF9qxe8BFhRRQYOlBngAnG8hT4JQ4Cihgk24NKLChgE26BaLAJpr0L8Dudt5D4KxqCiiwXGK9a280CROfSbcyFEi7WDuBr0nEe7EsDwWGbd7fScTPQSwPBYaA5B4knkeP59IdCpQXmO1iGZDyZSFAF+gB+QTsaQe/A9slUkCB+UsbwiVud49exKFAaYG+gsTDUvHQVB826qXLwsmPl1j7gA8Dy37go1QKVBboK0gY5BdYx9++/qdyZTj3NYEckEPA2+TyGdirkwKVBXJAwuEbsCOBHANeVgZy7rUFxoD8ALYlkufAidpEzr6ywBiQW8ClAWQ8p7KXcy8mMBZ/hCNCkocBKVYUTncRGIs/XmAdrwAyIFaJAsMuVoAYEMtCgSQwu3z6CWxt5/wCtiimQFWBWUDyl+l4y0nVynDeawKzgORGfbV945RcCpQUmAUk37joF3qWLAsn3QVmAcmNure9WyulBQxI6X+/k/+XwB/vqlYuti1vnAAAAABJRU5ErkJggg=='),(61,16,84,'data:image/png;base64,iVBORw0KGgoAAAANSUhEUgAAAMgAAAAMCAYAAAAnIfI8AAAB7UlEQVRoQ+3az4tOURzH8df4TYlkYYEoCz82StiwkYVEyY6tEjsb/g5/A2XLTlYUKSkLQpjZoFgpEvIj+nLSNJm55p4zz8z0fG893e7z3O/ne573uZ/OOd9zR/w5DpXzKL7hB97hU/k+T0lgKAmM4BiuVvz7l3hYjPUdb/EBrzCGm8VwFSkyNAnMDoEwyAlcGWD6xziP6wPMmamSQC8CYZAVOIlz2NFLpT4opnOncK1eKhWSQDsCYZCuYxO2YD8uYFlXQIPfv2APHjXQSokk0JvA/xhkKvG15UE+grO9W9EdeAaX8Ln71rwjCbQjUGuQf7UkNI9jL8I429o197fSx1JUuIyneN1YP+WSwF8CM2GQyfAuR0zXDuAiFlX2w0+Mb39cP8ddRK6ooN0u1bUFuI/3lTkzfMgIDNIgk6GNNhzGaRyd8NBP1R0TDVLbdbHeuYdY/9zCAyzGUjzJUnUt3vkZPxcM0odcjESx57Iea8p0bjf2YWUfwY6Y2ECNXGGcdVhVpncv8KyMTjEihqm+zkD+lJwlAvPVINPBtbFU4eINgfisLqPCrlLijut46GNtE1OwDdhcqnVLiuFi03P7dJKOu/cG3pS3Eu4UEwX3hYg9oTzmMIFhMEhr/FvL6LWzlL4PVpgn+bfuncZ6vwCrfUcN5kNuZwAAAABJRU5ErkJggg=='),(62,15,70,'data:image/png;base64,iVBORw0KGgoAAAANSUhEUgAAAOYAAABbCAYAAABnPvkQAAANwklEQVR4Xu2dB8wtRRXHH4iKooKIGlHx2hUJakRs+LyiQFRUxC7FhxF7Q4yiiXpRExWfCthb/BAb9oIFS7yiYCUSEHv5nqLGhlgQVCz/n28n7zC53/1umd2d2T0nOdlyd2fO/HfOnXbOme02lEV7StyDxSeUJbZL6wjMh8B28z3e6tOnKfdHVBJ8Scf9W5XGM3cEakSgFMW8mzA4O8Jhd13/pkZsPGlHoDUESlFMlBLlDLRFJ4PWUPOMHYGaEShBMQ8XBqdGOKzq+qY1Y+PJOwKtIVCCYr5T6GyKELpA13u1hppn7AjUjEDuikl39ecTMBjr3r1rxsaTdwRaQyB3xXyKkHmDK2Zr9cMzbgmB3BWTZZFhhc1lOu5Ynb9Rx6e2hJln6wjUjkDOirmLSn+heKcKhV/peENXzNrrhGeQAQI5KyYtJS1moN/r5LrVxdd1tMsnGUDpIjgC6RDIWTFHKuaLTVF/ofM9quuv6LgxHQyekiOQFwI5KybKt5+Ba7POn1Ndr+h4VF5QujSOQDoEclbMS1XMMNlDiY8Rv9YVM93H95TyRSBXxdxNkDGmtPQKXRxX3Rjr6OuY+dYrl2xJBHJVzNurXOdGZaPrihUQtCL2ruxWLHYVH1bh8h4dL1qyTvjrGSCQq2I+WdiwVmkJl68PVDd8HXMbMvxJPba6PEXHTRnUKxdhSQRyVcwzVK4Do7Idr+swS8v5aMmyd+X136kgYRnpEp1foysF63M5clXM/074KLh+3b26/ywdT+rzhzNlp+t67er6YnPu8BSMQCmK+W9hzPLJsMI6V7mbrgoDZWiN/P+m62s2LYTnlx6BXCt43GLStb21mIoIXU8cz9qmRyf/FGPF/LhEPiR/sV3C9RAoRTHfooI8sSrMWEdfKtkKxkhsraPeanBa79v77xkjUIpivk0YHl3hyOzsBzPGtEnRYsX8ljLft0kBPK96EMhRMbdXURlTWjpPF3tXNwgpsloPHMWl+glJ/EAjtbeYxX3CyQLnqJhXlqj/jMQNBuwf1f1DO4J9imJ8V4ncziS0j87PSZGwp9EuAjkq5g6C5F9rwOLrl1cE5ju6vEN1i1Ce9Cb+0W6V8txTIJCjYl5JBbt8QuFQVhylfTZ2GzhggV0x5OPLFBqRSRo5KibQTDIwoBLSImDd4rR16ciuYX5Y1w9zYLqBQEmK+SpB/txuwJ6kFPiqYnQRiJnqsIVEkgw8kfYQKEkxCb4VG7a3h1z7OZ8uER5gxBjr3Nd32/8uSSQoSTFzlTXJh1ggkc/qnYO8xVwAuQJeybWyM7N4lQg/PCj+UACmTYkYL5V8VRnfs6nMPZ96EchVMfErPNIUHafpO9YLRVGpDyRtHKF+i+5x36kDCOSqmEcI23cZfN+h88d3AO9URRgqIRvaM6Sb6/dMVe7epJPrh3yUvsD7zFfwiZ8rVsmH6zJEc7C/uLliR1Q3V8V8s/AN3iRA/QLxyzuCeYpisJ8L+7rE5CZ5KdDNII1cFRNbWWxmA71pjYqYAYStiBAMMHCMtqFE3POmlc+RPtMcFTMeX1LqM8X3Sl/8IlM8WVI/vZL8ezruaUpBLwMPE6fCEchRMdk8aPcIV4+Ktw2QEHwL22FiH9ltCgmI/ezC66SLLwRyU8ybS6afTPgyX9C9A/yLbbCTPivCg2UlOzt7lq7tthIOWaEI5KaYI+FoQ2X8SddEgONIzJ++e5YQKTDscnZ/nX9bTAtqyWdmC1VGK3ZuimmtWTDKZvwUHIExODi1A5gvWoRNejFEoqdXccsqIbu5L7ewlx0vmom/lwcCOSnm/QTJpw0stAgHi8OywKeq6zyQa14K6wp3lLJfqUSgBaUlDfQanRzbvHieY0oEclLMz6lgYRx5gc73Et9V/DVT4L62BiNhELr4dOcJ32nJtpr8Ti+j793+lHrSeFq5KCab4rzblJ6KeHx1bQNO/Uz3mCDqE91Chf2xKfCktcp76HeM2AM9Wifv7xNIXStrDop5A4H6A/G1KnAZWz5TTAwbaCj+mHjn6hpzvdO69iGmlIdt7e9S/T7WcZLP5U4VRvetnsMljKGBU6EI5KCYrL2xHhfoGTp5XYSnNUFjq7nDC8V7XrGfoBcIdg3RNWVXr8+skYhdSmGNM3abmzdvf75FBNpWzJHKbpdHztf1ncVxpLeB7tFVIxhXnyqdHTvStQevaWS7/bM832LV86ynIdCmYhJ2kTixKF2gaSZljJkeWT3Yh0pnQ1PG3ftp3/TL+nFj9YCvaRaq/20qZuwhQfeVbuw0CksGYda2UNjXFZuWcdos7LQETtSPjNEhvHTYBNipMATaUkzWJq2NJ0siuHaN18HvQ/r9odUzXfWkwKiCP55Ads1y1ur1Fz3IdnwMCW4jXp31RX8uDwTaUMyhih5737Ne+Y0ZIIltRam0XSMcoCknxB/VpFnY9cp8nB4I/qvuALAeWhn+3oZi2ooHJCvieRTsm3qeCSKI1uCHGeK6qEgWm2W667bVnWSQsKh8/l5DCDStmEz9swQQaJEWAZOzY6oEujQJZO2EL1T5brxkHbAzuh4Mekkwm369ScV8iQr3QlNAQlESknJeGugFGyGuCzOPcSjKVKaHwXcTjLv0JzZvnSnu+aYUkzETwbXYMCjQMpM3r1QiYbuERVrdnD4UfzL82UCpyxIH7Uql8Dnh10lZ6lZMfCmZurdGBGxKe4iY9ba/LogqZny/Nu8uMnO5YNbJXruTUsKfMtCqTmj9U9PI4L/MuDW1XJ7eFATqVMyh8t0spgJaeqkuXpTgq9gKV9oEB9jgW3qjCoe6FcauGTPefJL4ogTfwJOoCYE6FPNBkpVgUYTrv2okd+pxjjXwTp12TZD/36zO9iDmsepZRibrzzlWQmwRT5Q9pwwRCIrJ5AMR1yAmZEKwZcJIDsQ4LRNO8mLxavUcRgFXF/9R/EsxBtZ41eOCFBMtGkGbqYSpaV570tT5z5NevFQ01suLrFPOk6d91mJ1hn5gP01XzkXRrPE9FHMktv/gqbPDRIzxJK5bdZCd4OAPgEklKnxOhKUT0eusL2kbEe12lQz8Oe5fgcM4nTXPP+cElsuyLUoeLSaVepgQFDZVPUXMviN1k/WqIK9curV7SxY23D3QAMB48mkt/nng9/p9sQ0Rivmet5x119I50o/HmPx7ErbiVmJiybAx6jxrjSj3uFJGurrYbDZFI2VkW/5Jfp1NyYJCPk4cjMlDvl/USXBmbkqWSfngWE1rGZzTecaVs80vEuU9y+TPUO9grTMQh1CSN9E5EQYwkibsBS0ugbTCOLWNIhKCgx3CQnhHZPik+DHiploDsOLPgaMl5HiZGHPCXOg6EiTebxRrI6yOnFpGYBbFbFnEubMfVcoRXlzVCeFIZjGSnzuzSgkJ48HYdhAlQDxcDMpz3baAMSeTd5ZuqwtCvTi1iEAXFRM4CXvJDOjVDLbLWBrZT0TXfg8xs9BhD5FJnxDrJJQyd2Jm/ZJIyEN1jRO7U0sIdFUxA5w2CkC49xGdEGMIqyOWf2Yhxt5DMV16ZlbtDlvx+xjZv14c7/g8Sz5tPcMf2N+jzN+u66PbEqjv+XZdMW+mD/y8SqEmfWuWcD4vpptLl+5yMSFPaBGZBGMsjYtZiAa/Vn1hCSJwqXUKO2bGnLtEBSCoF3GWnBpEoOuKGaBkrfME8WAdbFHMHWbEHxc2lmls9PgZX836sfdKOuLSWmJCC+8gp4YQ6ItiBjgxF6QFZTlotwUwZhLnp2LGr6sLvF/KK/G2C8jN9ohYdl1aSiFKlrNvihm+1UAnQzETOBwDxS0ms6psAVh6N3WROrqjXmKtkyUySw/WBT0FpxoR6KtiWkjDLGsYY7I2S/zac2vEvaSkHyJhmTCzxCzufcR1LUGVhE8tsrpi1gJr5xJlYggzQuyeAzGjzVYVuJA5JUbAFTMxoB1PDgXFKf1ksV0jxvwQqyuc4J0SIOCKmQDEniZBMGki5wcivhA+uD/qKR5Ji+2KmRTO3iW2r0ocjzN/Wymo3Tqwd8AsW2BXzGUR9PdBYJKCMiYl2LSNnOBozYiAK+aMQPlj6yJwfT3BshLdWUtH6MJuSrxuQv7ANkdpx8IRSIUAkf5wBreTQ6RNyJmzU2XS9XS8xez6F26vfAcpa3a2jon4UWttvtuetJnl7IqZ2QfpoDjs/k2ozpi4T9C3/3SwzEsXyRVzaQg9gRkRsNHz7SvEHmZnMo9za1BxxZyxVvljSRDYXqk8X0yYlZgYlxJN8MwkORWeiCtm4R+wYPGJ0rciPmBCGbiPmx7R/HpJrpi9/OzZFXqaQzvxd3Fm79WEkStmdnW09wLhJ3uY+Fgxe7sQAoYwmxgq4AtLvGJiFZ/VZaRcMbv8dbtRNmIbHykmmFpM5+kG8YvPFzPD24UJJDbh2uyK2Y3K25dSEBRtH/FJ4jg2UYwBk0h4u6C0+JMSbIxWl3sodI6eMEPJxf4yG1wx+1Klu1fOnVUkjBU2iomqwJ6pixK7xhHAnEj5BCSj+7wqJggZG2ZdtmjCM7zHnw29ARzSieAPneOKOQNy/kgxCOAvSldwPzFdYJZniHjI5NKsRHeYQNhrEbsOEFGfCaktYvIk2oWN9s84GaaFJjQLrTxha9A3lHBVPBATXBsb40AsGRE29ERXzFk/lz/XZQSIE0y4UoJfs00E4UpRTux7aZHrJMbIhLN5tfj0kNH/AC/vDwRiHuH1AAAAAElFTkSuQmCC'),(62,15,71,'test engineer'),(62,15,72,'21-2-2019'),(62,15,73,'pani'),(62,16,74,'panitha'),(62,16,75,'data:image/png;base64,iVBORw0KGgoAAAANSUhEUgAAAMgAAACVCAYAAAAdSLW3AAAQ6UlEQVR4Xu1dC9B1UxmmonKN3HX5f1KIqaEr0lcpKf1RGML0GaLwq4REl6MUoRjSDEVfDYpuKqKUTiJSpkaRP798k0tEk6RyiXqeab21ZtvnnL3P2Xvt9+z9vDPvnP2db+/1vutZ6zl7Xd+17DLlZQs8chp0qxGP3ov/3wJ9EPpy6PIFTV2C+w6BLi14v24TArUhsGzJlE/F/YtznrkU330e+m3oIyPSJFH2hX52yH034H87QudL+qfbhUClCJQhyBdgeTay/mtckzBnQx8b06tV8dwJ0P0DsZaL0jkO10eNma4eEwKVIFCUID1Y+0iweG4gxrWVePD/RDbFJd9CbI5RroO+qGIbSk4IlEKgKEH+HVK9Ep+vKGWh3M18k5wRPfIqXPfLJaG7hUB1CBQhyNYwR2JQ3gS9qDrzj0tpV3xzQfTtQlzP12hPSQuBoQgUIcj7kcLx0BRNHjavfiqCqNZ6QaAIQX4EZ2egZ0IPSOC4Nedoai3oPQlsyoQQyEWgCEH+hCfXhO4DnasZxwVI/9bIRt1Nupqzo+SnHYFRBNkOGbwMeht0F2jVI1d5+N2OL9cP/+CEJCcNJUKgEQRGEcQmBvvwjiNKKYRvEL5JKFdDR83Yp/BJNjqKwDCCrA5MzoHuAD0funsijGZhh5OSlN9DN0xkV2aEwOMQGEaQGdzNDjplW+hPEuL3C9jaMth7Pj5vTGhbpoTA/xAYRpDzcNce0Hnoi6FcfJhKbOSM9g6CDlu3lcon2ekgAoMIsjKwuD/gcRI+D0+MTQ/2bGlLH9ep+j+Jsylz3hEYRJB4RnsTZOKmxBk5EPZODzb5BuOMukQIJEdgEEEuD7/a38HnouRe/XcUy+ZD7sb1xtD7GvBDJjuOQB5BVgMmS6CcHNwPelZDGHEGfY1g+1B8ntyQHzLbYQTyCDILPGyYdSNcN7Wz73rY3jyUTT+80TpcVMp6EwjkEeREOHIYlFtf39CEU8FmTFTNhzRYEF02nUcQ7sfgvowe9JiGwdF8SMMF0HXzWYKsC0DuDKBwNx+XuDcpmg9pEn3ZXiZLEHbMuXqXsg6UI0hNCt9img9psgQ6bjtLEJt/8LJIcAblY8tdWFQkcMoZ/Y5XD2U/SxD7xU61OWpUCSzADdofMgol/b82BLIE4X5wzqJz5yBJ4kHi+RAvxPWAi3xIgECWIDaCtRdsM7yPB9F8iIdS6KgPMUHi9r6ncDtxKKCvopx262hZKdsNIJBHEC5M5AJFL8IQpFwTRmFI0s28OCY/2o9ATJBZZJdLTDz+SivSSfvrosscxgSx/gc3J3GTkhfhgsU49I+n5p8XjORHTQjEBGHANgZu2xl6YU32xk02foOIIOOiqOdKIxATxNY9edwDfgdytl7InYclMKWB1gPTiUBMEP5KpwgvOg5S8ZosjmKxnyQRArUjYASZhSV20L0SJF7VK4LUXi1kwBAwgvTwBRcF9qEeAyRcBb8sgJyiLar+JkPACGKnR5EoTe8Bycu8EZj/o3/8WyIEakfACMKzBRko2tMarDjzcZQVj/M0tReUDDSDQPYNsg/cmGvGlaFWGWWR/RCKtt86LKC2umQE+Q0yyOFdtvO5F8SbzMCheF9I3lZhbz7LnxYgYBXtLuRlbehC6LzTfMVR3zVZ6LSQ2uaWEcTmGTz/Mt8C8DcIBeC1Kdi2+tH5/Bgh7NfZ8xvkCpSWnbD7RVzPdr70BEDtCJAgcfvec9OFfaOXBUT6+PQ4X1N7gclAWgRIEK6WZSSTB6CrpDVfylq8cWoOT7KZJRECtSJAgvA8QJ4LSPHcB5mFfxYSVQSptVoocUOAhIjPJhdBVDeEQIQACcH4uxdPwRukBx8VRE7VNykCJMg7oBbix/Mb5JPw84iAjppYSatJd42REPEvs2eC8MQpRn6kaMFid+ts0pyTEMdBj5yCJta18JGHiVJ+Dn1JUqRkrJMIkCAM0vCuKSBIPA9yDfzl4IJECNSKAAlyKnTxFBDE9qzQ1Tmo5kFqrRpKnAiQIMdCj54CgvTgo41iqQ+i+psEARLEjlwzwiQxPIYREWQM0PTIZAiQIO+DnjQFbxDb9UhXGYp05eCz1mRNVgf09BAESBButWXl8/4GiUP/zMPZBcFnNbdUxWtDgARhIDYOm3onSNxJvxLObhN81t6Q2qqHEiZBGMn9xikgSA8+WiedoVF3EkFUgetGYJpW88bzNQzgwDcfpQ9VP6TumtLR9EmQFaHcC0J5AjQOFO0JlriJ9Ss49kIRxFPxtNMXEuSp0H9MAUE+BR8PDX4+hM8nh+uHo+t2lpJy1RgCJMgK0L8HD1jpWOE8yiycsg1TWf/YxOp7dFo+TTcCJMgTofdDl4OuFpHFW87i6IqxbySG+iDeSqsl/hhB/hXyw8k36494y2IPDtkoVuybQpF6K6kW+UOCPAn6SMjT6vj8i9P8DSKIzk53WmBtcIsE4cjVoyEzC/E57zRjs/Arrw/iNeC2UxjlVhkEsgR5Dh5mBEOPEof9if3TkWweS6slPtkWW5v78Hg+oUF9KS62z8Hd8zbhllST7mYjS5DnAoqbncKRN4GpDrrTwmqLWyQI9bGQoS3w+UunmWP0xzUzvum8QqeF1Ra3sm8QBkWwg2o85XFTOHNDjkNr4bt7PDkqX9qFQJYgr0H2LneYxVPg07szfnEwgYMKEiFQGwJZgiyCJe7W8yZL4BD7R7Fcjz9e4M1R+dMuBLIEeS+yx19rb5LXQdf8h7dSaqE/WYL0kEduYfUkXNaeN3CgrbaeSqmlvmQJMod8cgurJ9EiRU+l0TFfjCD3It9Ph7L/wX6IJ+FbLW+R4g/w/Ws9OSpf2oeAEeTryNpboH2ot6Xjn4ZP7BtlhUdXb96+IlGOPCFgBLHwo1zVu7wnB+EL96pYDKzYNe5RP8iZr3KnZQgYQXZAvr4b8uZpbdMMfGI8rDwRQVpWGT1mx8iwIZxb6pAgs/Bp0DZbLTPxWKNa5pMR5GnIl22UWgnXtke96eyeAwf2HOCElrk3XTodsB83p/6I/K4D9bJgcSP48rshZeCpKdiBqtLNLMaVzGarvcxQX4IieX1ULBxAYGAJSh/qbbStmzWo5bmOCXIH8roe9CvQPRrON0fSODcTj179E38zhhdF+0AaLqCumI8JchkyvR2Ue0MYCqhJmYHxQaNX9Esd9CZLp0O2Y4JwbdOHQ96bbt+fAT+4B32Q8E3HPpNECNSKQEwEvj34FqE0SZD1Yf/2TK5/i78ZhZ7CnYVr14qKEhcCOURYFd/dF75/XUSW1GD1YDC79uo8fPe24AivBw39pvZV9lqOQPZNYSNZPJP8pQ3lPdu84lZbnl/CVb0Ujl71G/JNZjuGwCCCEIammlkczmW0R5M5XHCvPEMSNelXx6qGsptX2biN1VbINkGQGdjPjl7th++OgzKiCQM0PA/qNTyqalXLEMiS4M3IH483oyyEzifOb3xIDk1fAz0YapFW2NzaLKFPjKZix9MlNCtTXhDIEiSO03synLQDa1L4uwBGbs0YOhp/c9LQOu19XNc9g74ubHAG/0goA0X8DbpKCgBkwx8Cec0o66in3huSfXsQrR2hXPrCo6opdS+D4XnxHCHjmrRYmmhu+qstHfQor+B5xPLWAYuUFePHsLltpgz4tjgQaiNY3GLLrbZVC20cC+UBQnmSEoeq86b0JkAgr+DjzVNsWrCJkUI+CCMfyxjieiweC2drsuqYQe8FEmbDmporamKlKH2nNvIIwnVYduLU3rjmnowUQiJwlnxYe5+jV9z5+C2ozY+M6xvneY6HzuQkcBe++zL0XOh14xrQc9OPwKCmg/VDPoMsLk6YTa4i/ii0aEhRVl4qT+n9GZTD1LxmhBbKn6EkO2NrrQFlh59LatgJz9vn/iC+vyrckzDbMuUVgUEE4S80w/+wgrFipRT+sp8FtYnBSW2TIPHE46D0uISe+9z7kxrU8+1BYBBB3oosfi1ks6kOKjvOPBv9KTXDPYf0fwhN1ZSsOTtKvkoEBlX+eEUt5wXYJk8t8epi/qpzlItNJ+qkG7rYLPse9BtQ9TFSl+wU2Rv2drgT+SA5+DZhRUot8bxIXogfNgE5X/FwcIwLLHleyAKoxfbi/+6GciZ+xfA/Bpzj6JhECIxEYBhBrKPeRyp1z17nORpHdNcK3pFFqRvqQGAYQRinlzPZlNT9EL4dOFBA4QJFvhkkQiA5AsMqPlfQcj1SEwTpwaitv/oArjlfIRECyREYRhAGs2ZQawqXmA+LUVW141y0uCAkquZV1egqvcIIDCMIZ7T/GlL6OD65FCSFkBi2qpd705+ZwqhsCIE8BEb1LayjzAq7QSIIe7BjzavTcH1IIrsyIwQeh0BRgvDBUfdWBS+HZLcMiaWyWZXvSqdlCIyqgPFQ66h7q4CG8y4kCFftcvRqIdRLIO0q8qc0pgyBUZWeSzBeHfK0Aj4Z/rNO4YE4XCBJORF6RJ3GlLYQGIXAKIJwSQfjUFH2hZ49KsEJ/386nucaLArJwhl0iRBoDIFRBOHyjAeCd3ybcH1UnRIP73JykM0siRBoDIFRBKFjqfohjCDCTVAU7snYpjFUZFgIBAQ8EaQHn2x49xhc82+JEGgUgSIE+Rw8ZPA2CoMaWPzeqh1nwLiZkOj2+Px+1QaUnhAoi0ARgjDCCSOdUBhAmnu1qxYSbwmUgRNSB4erOi9Kr0UIFCEI91Y8FPJ8Pj53ryH/XDXM1cOUHpRNLIkQaByBIgShk3V31OPTbBkk7qLGkZEDQgAIFCXIUbiXCxYpDIDwaMXocQKSe8/noZw9lwgBFwgUJQiPH+CWVsoboYxNVZX0kJCNXjEO1V5VJax0hMCkCBQlCIPJccKQv/Jfgr59UsPR8/HkYFF/KjSvpITAYATKVMi4H0LC8DTcSWVDJLA0JDKHz30mTVDPC4EqERiXILvACdttOIk/cedcOwcnQVLP1oJAGYIwyuLqkRdlnh3kPGPxcu6jDyVBJELAFQJlKjlX8sZNoElHs3pIT0tLXFUHOZNFoAxBuPzj0iiBD+GaZ2qMK/b24Az6xuMmoueEQJ0IlCFIPKNuPpV5Ps7HqfjDosZrYWKdJay0J0KgbAWPR7JomMO+tgylqCM82uDmcPMd+HxG0Qd1nxBIjcCkBLkYDlv0xaK+cyvtYeFmHtL5iaIP6j4hkBqBsgThSltubIqlbBrW90h9SGhqbGWvBQiUrdw8RDO7T2MlfFc08kgP9yrmVQsqTleyUJYgxCXbDymzBN7eHlcgnVd2BWTlc3oRqIIgzH2RdHbCfd8MUPHkKOuHTC968rz1CBSp2FkQWLHZ0Y6lyHHR8aLETfDwTa1HVxmcegTGIUh8TLQBwBOoeBLVINkV/7gg/LOPTy0rmfqq040MjEMQIpPth4xqZl2DG3h6LWU3KE+UlQgB9wiMS5A9kbPsqbCDmk2zuJfnDVLmoFrS7r5ayEFDYFyC5L1F+Fbg2yErNnLF77eCXi34hcC0IDAJQbgfhKdQxZJN7wz8c/9wA2P88s0jEQJTg8AkBInXVFmGn4WL28IfcSifPr5Tx3xqqoUcNQQmIQjT4HZZbps1Yf9iLvxBothCxINxzcjtEiEwVQhMSpC9kVsGcTA5ExcHQHtQW1LyB1w/e6pQkbNCICAwKUF4PAInALltlsJrnm/+ngjhFOeKqECFQC0ITEoQOnUC9PAB3vXxvfoetRSdEk2BQBUEWRTeGnn+7owvL0yREdkQAnUgUAVB6BeXkpwC5eGblOuh74RqzqOOUlOayRD4DwEla7SzcZBOAAAAAElFTkSuQmCC'),(62,19,81,'data:image/png;base64,iVBORw0KGgoAAAANSUhEUgAAAMgAAABSCAYAAAARpZu7AAANNUlEQVR4Xu2dd6x9RRHHIZrYewVLniU2jAWxS7x2MUrsXXk/SVQkimKCjcRr/EM0oiL2+kjsJjY0GCN6Q2ygiBVQUa+9EbtGNJbvx9z9ZRxPP3vOfe/cmWRyT9n6PTt3d2dnZw88YHi6lbK4h/iuq6yur99Piy8Rf0p8/vBFiBwCgW4IHNgtWm2smyjEMeIbih9VE/psvf+c+GTxL2pTjgCBwIgI5BaQy6jsHxAf2aEOf1Oc08UniJcd4keUQCA7ArkE5CCV7GniF2cq4buVzhlifoMCgbUhkEtA6DWqhlK/0ft3ii8QHyFm3jFbcVXlf6uXp4rna0MoMt5oBPoKyAOF3jvE9CCe/qgHZ4pPXAlEEdC31cOjxM+p+QoLvb/XRn+pqPxaEOgjIGilPiS+riv5z3X/1pb/+mi2XirerkDhW3r3EPFyLUhFphuJQFcBuYPQ+koBYt/Ws7uJ6T260lwRGYbdqSABequjuyYc8QKBtgh0FZAfKqMtl9lXdY/g5KL7KCHWSzy9QQ+OzZVJpBMIVCHQRUA+pgQZ6lh6iW7mmaD+7Cod5hzMcV4uvs2A+WUqdiQzRQTaCAgTcbRVrIoPJRwIWVIVW6FDaGYm03N1fdgUP0jUaXch0EZAilS5r1Z1js9YpW2lhToY2ifeMWn/2+XDustbMuYdSQUC/4dAUwF5s2I+1cX+uO79UKsvxFUCYnsX8vmd+Op9M4z4gUAVAk0E5CQl8DyXyIW6R9O0zAyvFYKF0rZrHzPd04tdy+T5RV2jNQsKBAZBoImA/Ew5HzxSo/yC8klWvz/RNcaOlt6jm8e5Zx/U/XHiMHQcpIlsdqJ1AuLnHfxjP1r80wFg21KaF4kvZdI+XNdY+lqi97q5exY9yQAfJJI84IAqAWEfBwt/lhjyLAYCbq50vbFjmfrYa7UoEj2I7ekGKmYku0kIVAkI2qRtAwbDmycMCA55JQ1WygZVLirdIvJaLcJETzLgB9rEpMsE5M4C40sGkIt1PRP7HiUnZq9XYs9wCVYJ8E0VFpsvymVpoZsniYcYBuasb6S1BxAoa4DPVNlfa8p/iq6fPXB9+Pe/i8njk7pGU1ZHCO81XCDWR1gnCQoEeiFQJCBXUIrniJmDJMIs/Ru9cqqP/BcFubwJRm/yxvpo/w2Bpe8hLmxO85eGxYhgU0OgSEBQs6JuTbTQxRh7Mfycok7D5r8F1sXeWBKNG2rgoECgEwJFjdCvmnuTj04Z1US6nd6fl0EovVr6T0oT27Ghe78hMIk0dwECXkBupjJ9x5SLrbK3ELP1dUhiOMUkPREWvM/vkCHbftmdmBYbSWJo7VuHYkaUvYKAF5DTVPAnm8Kfpet7jlAZv67RZ/7ASjtCYelKuvnzCPWILCaGgBUQbJo+7+pXtJI9BAR+zYUJdx+Hcj699yq9xw9R8Ehz2ghYAXmXqmoXAnd0z/xjDLI9CMO6a/fMtGhLcNtJf88iRPQpIGAbjdUiYUp+qHg5UiX7arCKiunTHNJMZiSYIpuxEUgCsq2MrZlHnzlAlzr8WpGSGXuunstrtJ6oPMIRXZevs8FxkoB4M3KsZb87Ii7WCUQuAfFC/xnVB0cQQYFAYwSSgAwxxGlcCAUcQkC8ypryMFFnwh4UCDRCAAFhaMMQJ9EPdIF39jHJCuhCGedaufeLnhhbPli8HLNykdfeRQAB2Vr9g6darMPQz/YgOfP3ZjPUMfxq7d32OnrJEZCZOPmiogBjT9DJ0+4SxA7s7hmRYHWdCbslFhPflzGPSGqiCKQ5COYljNmh3K58mkD3BwW68iogbkuv0iRSizB+4TAm7C3A2+SgSUCGmCS3wXVoJcE1VRgWIC2Nralrg0eE3SUIJAGx+ykwD8dMvC1dURGYP6BKxYr2e+IPr57VpWUFdKnAN6qL0OH9OqyUOxQzouwmBJKAfF2FSv5vMQ1ng1RTwnnbs8Te4YKNX7eKPXQPQllwfIeQJOr6R9AUlwg3AQSSgPxSdbnOqj6/0q8/86OqqkUeRorCV03+xxAQb58Vnhkn0ICHrkLRHGSpTJsMcXCa8GXxVRsWkoN1rlcSFlN0tvpCbL1luDYEhX3WEKhOOM2uK+kzYWJVwxaiT+gGLZT3Ak+YMt9VY/Qg5P998Y1NYfkj4A8hKBAoRKBrD8IEnB7EEl5IOAHK7gHHfSjHq1lCm8Ri3dw8HGOSTnb+bBOcb+OEOygQqBQQq8XCHOPWFXhhz+StYst6hpnCYvtUNKexTt7G6kEQSqtMeKHuXxZtIxAoQ6DLEMu72MFB2w0qIH6M3uG+52olYSjDWALiV9WxWPZ+fqO1BAL7EUgCwuo1+7Yh1jDSqraHakcPjnIPH6b7jzTAtOws9R+thCflmWNHYVVxxhLGBpBEkN2OQNsexM898HbivRpW1bnILqoo/JDbY/2CIV5QXrPbP1SUbz0ItBEQegrORbd0jG7e1LLoTO6/Jk5qXR996B7EW/guVYAmau2W1YzgU0CgjRbLLwj29aRepOEC04U4136Qom+EYDIkvK95eT9dFx05PYVvHHXogUCbHsSe/kSWmJec2iNvnGPjJNvTXyt6lx7Z/U9U7zvrNL3dzpV4pDMdBJKAWMfRZQ3UH8W2TzDs9IDCH7FgkyIv1MN4W1z2yKMqakzWBwJ2SskmAbFHD3AuiHXdSX1nYr9yXmeA2ASn1ynQ08X22DUf7xV64A8RbZJ2XRi/R+T2isDcKCgQ2I9AEhDrGb1oyyv+eS9wuDHZxnSjL6HZeqXYH9jp093RA3qtXOSte8MTfC5kJ5QOAuLPIixqiJiLMKm2lNOOibWXpgaKfYd2qQ5e5VxlbTyhTx5VaYMAAjIT2+HTQvdFWiQ/Zs9px+TTZgtw2Qr3Uu9yqGWb1rsNnhF2YgggIH6fRFEPQrX9mD2nd5AiY8WHK08sglnIs4TmDA1aX9pSAuSbqKzeffOJ+HsYAQTE+8Uqa/icUYhDh0RLXeT4J/cN1c+BGN6xjfdEMfOgIzPhXZdvpmwimb2MQJGALFShoiHWTM+H0GT5hjqmVxWOe+DYByjWQvZySx6o7G0WCinCP8SXNmXhJFn+8fvQXJGtCfqYk2XrbgiNnN/j0qdeEXcCCCQBsX6xqNbBYvZ4ePIbjnJ4QcQUnrWQRE2tg3PAH4uFOVCccBpJQLBmPc7UkwNsvB8pXnN24Akm3Pt1/die+HjhHNNf1Vg7GXtCFNHXhUASEEw6OEgz0WG6OLegUHM9s8MhzN1vKbbOr9vWZZ3/4uvMuy1OEX4NCCQB8YtmR6ss7C/3VHSkQJ+Fu1zHP3eFLgSkK3IbEi8JyEz1bbJYCCxniu9t8PmmrtEEdTlF1gvmmBosqjCWu6ENaU7Tq2YSEGrm95qXDbM46JMDPy2dohvWSdrSXBHWpcGirNGDtP1iGxbeCghzEOYiiao0VH6z00WKxKajZUv83qbwDOcSjW0waCfplMHi0bIqEXyKCNgG4Y0WqW+ZRmmmd37RsMsOw3VqsKjfeWLmQYlCQKbYynvUyTcI/F3h9yrRXBcs3BVRkZeShQIWrcKXFXHdQxy/jTgEpEdjmmJU3yAOUSVp5Jynkahs2FPmoYQFxqeI8bRYRV6DtVTgHLZdTb/TTAE5nsH6Fg4BaYrehoQrahAnqe52Bx+O4R4gPr8AkyP0jL3l3kTj93rGhiTrhtRH39IDa02bY1W+6WdD6/ZIsbcUDgFpiuCGhCtrEHaHIVAsxGVDJ4SElfh0hJuFjkZ/urjI/+3Jen68CVyVR67PgZfHF4iLzj9hYRTNXVAgsB+BMgF5qEKw78I6nq7b/+E9p6dMMFnhwEy/h8MLYQ7Dx7JPSw/3IvF2xbdHSeG3FUdT2XAEqoYUnCfOv7+lOmfPflOVjft33SBkDGs4zYpTrSwx/1i2+B7Mk9gb8i/xg8Sonu8oTvvk0aodLubE3Kq5zcV6j8Lh2BZ5R9ANQaBuzO39RwELQ61FBT5zvbOLfz7o2XrA/nMUAonq5h/sesRNEMSwDNsv73mlyyf7qCKxwLnsEjniTB+BOgEBATyOPNdBwSSXf+gywgsKTuHQdLFjsYrwycXwix4FIWBIxr/+5VaREA44J6E8OEuM26GgQKAUgSYCQmS/4rzUs6Yq2bcrLGrf3UALFYJ1HX6DAoFaBJoKCL0B6lxL+LLFvKQJ0QOw2YqNWLmJnuygVaNHqYDx5P3F9ES4E8JLI88wsmTlPigQaIxAUwEhQb/qzTNOisXDOxunqqjpsQdVaTBPYRGS03hp8KzLcBpW0cauxgBEwECgCoE2AjJTQt7+KqXNsGVekhH2TsxJLmves+ZAg2d/O5NuXI/yT3+O+ELxP8XsasQ/71YIQjTidSHQRkAoIyfEMqdAWIoINS7q1zPEh4rZjls0SS8zpV8XDpFvIFCIQFsBSYn8WBdV5xJWwV3V28RnCgR2FQJdBYRKvErsbZmqKneJXuK9ZGdXIRCFCQQqEOgjICTL7kLc9DyiIg/WOVh32BdfIhDYawj8B3mpOHHe2D6pAAAAAElFTkSuQmCC'),(62,19,83,'panitha'),(63,14,64,'data:image/png;base64,iVBORw0KGgoAAAANSUhEUgAAAMgAAABoCAYAAAC0RL9wAAAP1UlEQVR4Xu2dCRB21RjH/1GRtBBS2lEmJERFhajRUDENshTFSClZmmwzYkZjGzTZ0ow0FW3GKJKlQUTWEipbSpKtfC2k7PP7nJOnM/d937uce++57/c8M9/U9733nvOc/3mee55zzrOspvJoE0n/kPSH8lhzjlY1BFYrbMBrSro1KMh6kv5VGH/OziqGQFSQn4RxP2Lk8d9D0u2BhzUk/XNkfrz7VRwBFOStko4JOFwu6Q2SPjcSLvcOKwjdu4KMNAne7f8RsCvIww0we0i6YASg1pF0S+i3NPNvBDi8yxEQ2FbSFbFfK4SXStreMPQ1SU8ZmMF1Jd3sCjIw6t7dSyS9WNKTU9mzCoJwvkPSYQavP0l6riSUZQjaTNKvXUGGgHqV7uO+kl4l6UlGKTgcwoK5y8JQZcY8R9JZCXzHSXrNAJCyvLEPgtzEGgDwiXWxlaS1gmz8W9J/JO0maW1Jf5fE7xtLuls44HmCpBsl/U3S5pKuk7RTYiVdGJSichGYJYRHSDpEkt2XvCts4PvEdGdJ33IF6RPiQdpGQJEd/ssfBPmRwWS/l6R7Slo9/DtWw3YZufqlpEvCFcFXgkUCD7+S9Ium/cz7SvM1ZyWxSoK5dXbTTho8/3RJ57uCNECs+6OcFjLXEILMMfttku4naRdJf5R0d0nrh/spvtL8O3vFjSQ9tjsLtVpAwFkNMIV+Kun08HfuylAKVpTstMiMqTK39pV0bnZO/tfgPpLOcQWZiy7mBB8thJmv8KaS+LBwh8U9Us6vMYwglBvUnG88IDBnEFZWCZQPwcYrgr0lv8M/ZvQ14bco2L+RdG3NfgZ7bJGCwMinJO2XcMTg7+iBy2eYO5g6vPXAwmBNYitvEb7Me0rCvETgESbsbP7wJUfw/yJpywE4+12w738rCYHFRPl9MJPgi0Mb/nCgw1d76amOELL3ODpB4ovhq5UboMdJ+m74OmI3lkoINl9VTj1SYrMHrg8NPzxR0l6SWI3Hoj+H+yW+5idLulrS9cGc4r9OMxCooyD4R1WtFtioLL856WGSrgwN1uEtZ9+xLezxB0h6efjC30cSfEF8Pe+/oFOEkWPEHPQNSVtLwhVoRRBqTJVvh00o5smPelrNc/A/+TbqCuGZ4T7EDvgiSbtmRmDDsKTTbF3e2rIQ/c9QBoQemxiFH2rTmWLJ3uurkjBvMGucCkCgrhCyWvD1TImv600Zx4ENzkaubwWx/mcZ2V/ZFA6WjCMlTl4wHz8dNqN4LjgVjkBdBWEY35TExYul90l6XcYxcpyIgGFO5DJTZrGXriBdh8Heg0snlM9pSRBooiDxVCUdOl/LnHEbrFTY1phbQ1M0r/YO5iNKaldIzDA26FdJemlg7qCw8R2aV+9vAASaKAjsfL1i38H+ZP+MvPIV5jIKQcypeBlZXHmBGk+lXEFyIltYW00VBH8WvqIpRXeCHMPjAgziQol7gBKJzXT0/Hybm1UlTlEenpoqCL0itJhblj4k6fA8LOk7kh4v6VHhCDNTs1mbucHcLrOq4hXqtIQItFGQbYIvTF+rCG4I3EXgPsGFZGnEvRA327hRQJy6EQmJN6nTkiHQRkGAIJpBFo7jJR2ZAR/CfXE5OVDSqRnay90EphUmliUCy4aKmck9Hm9vDgJtFWQHSd+raLdte7YpBA2T5eOSDi5w9jg8wFXDUt9ezgXCsGqw1EWgq1aRoyS9tyN0H5Z0qKTzJD2zY1t9vZ6O3U+y+kJ65Ha7KAgxAfgKpdSlTdriVOgtki5LYuRHhuou3ePuz11JpDHi90vCY2l56SrMVavICyV9sgNi7GMI8YW68teBjbmvEnHJnisSt/9x095Xn97uCAh0FUDCck/IvIoQe0IMSskKgqfvR5Nx+0Z9BAHuu8uuCgJ/VasIPlsXt2TenhLl4K8lGwtfw+V8R/MUH4sTF77lD0wKgRwC+CZJx2ZcRWxmE+4condvacCygrCSREI5UBKnJUIgh4LQRlXAPIE+jbNISCK7O+GeUMm36Wm8Pt7OHFw4LRECORQEOKqcGPn3Nu3bBNbPl3RGoXhbRY4sEnn4s0L5dbZaINBGgKu6sUmn7e9tkzvEfQ2JtImJL5U4irZZREiuF0/gSuXZ+WqAQC4FoUv8k/DAtdQ2uUNUkNMkHdBgPEM/igKTrjWS34cMPQM995dTQQguqkri0KYPezLW5v2eYbuz+cdI+oHpjP/HDcdpSRDILXxVR77Pq8j1uwi+qSgI40hv1UkCURW/v2jM/nuBCORWEDbVVbfoTfuZkoKkp1nPlvSZAufaWWqBQFPBrdNF1SpCErUmmfimpCAPTsb2gZBavw5W/kzhCPShIGxa2bym1KQvkq+RUggi00kviYkzzg25rEglCuFBkGZ/ydiVNzUkAk2EtglfVatIk76sGweCR87YkokKRcSvQKT3ZFVxWgIEmghtk+GSMj9N0UmanJNqNkJMyWvDs9j40Xmx5uujPPZ9k5WR7Ot31rkbhRvvNAsCfSkIiZ1JbJBS3f7sF/mUUD8uy4B7bMRmOnmlJAK/nCaOQF2BbTPMKjOrbqpSmxiCPLUUaimdbDpTvzAsfbZq8tengpClELPD0g8lPboGb5Tp+qt5rk8+a7BT65E0mQMmZtUqWqsxf6gMBPoWvC6b9Skd9TKbaTIHQnLJ0OI0YQT6VhBOdthPWKKYY0wcPQ+6qSkIY+EGnUz4kMeHTFgxIut9K8isWJE6/U5RQShmwwcA8n2IK0gtBG6pKFXWVEFwp7d7klodj/CQjVX3+5ARJiB3l3UEtWufOO9RANISdftiPfRZ7dsV5CGh5EBXXvp+nzxen/UVpG+Yh2t/CAVhNG026/adN0p653CwdOrJ8u2evZ2gHP/loRSEi7MPJsNd1LcN48W2Jz69dEpL1XkqoNJnbAF/i4Q05/DSVYT8uyjBLErrCA7Ja5dx23G6gnRBsoB3hxQ6qkWltc/n9Y8C2YzpQ/LaZWqsZ+++IaCqS3v+7ogIDCl0D5J0XQMzC7cU3N4jDclrlynhjgdnRchXkC5IFvDu0EKXmlnzMjCmdyhD89p2emxCOS+L0BbFQt4bWugOk0S5tkjXSqLu4Sya4mWhLZft0YWFCHpbNoZWEPhMV5F5PNhn63oCt8Ui13v2cMELfOZCdaR2xlCQL0naw4x33mmWVRAKe1ZVtRoJupnd2iQOZ0vCzHKaKAJjKEiaP4vw2p1n4GcVhAyLVbHupUFvb9M9T1Zps9OQnzEUBBZvlrSu4XUWHwRLbRieI2Jv94bjG+Nx4kDIz4tJuEISwV+eJ2uMmcjQ51gKQonn8w3/O0kr66OnxKpxdPjHKVVxsuG3Y2GcQTy8iTEnz5pP1DrcrWI6XiDpEzVWmtJm0iqIb9RLm50G/IypIKdL2n+B8FNO4MoJKog9yXq3pNc3mBN/tCAExlSQ9STdZLAgpvvCBJu0rMKY/DaZNhuf7itIE+QKe3ZsgbNm1lmSSHSd0hQvC+1RL+l/8GZ2miACYysIribcPEeq4meKCmI9Bk6WdNAEZcNZblkiLTdwVgE4xmWDa8n+vk4o1JObh9zt2T0IFaeoPOU0QQTGXkGAzCa7pnjnZnMUhJxa5NYqnayCuMNi6bM1h78SFGQtSbcZHleXROxIJLuCHCjp1AngzX6KfQiEW80FE+DZWaxAoAQFgS0uDbk8hPaU9GXDq/WOpSa7rQlY6qT6RWGpM9OQr1IUhKwlsaY6X1vrzPgeSUeFcZHlPX6ZGw51sMdxNSG7fSRP3DAY9Pk76ktBsMEJHGpS1yPWBCFGhL1GjCY8VhIrB0SVKqpVlUz2BIvVb5eSmXXe5iPQh4LEdKNNPVmtF6wNVd1REsoDUWqak6ySyd1MSp6dhrz1oSC2tkeTQjLcmqMIvGMj8fDmxas3Uh88N4Rt5uNphvcm48/Fg7eTEYE+hG1tSVeHClNN3SwIx8VEgSJvqUtKHzzngtQe73qwVC5UR2ynL2E7XtIRLfYM9gtszayp3Kazf9o0zOdUTtxGFL/yu+5LQbaTdFkYftNVJKbNsRGEU1AQaipSWzHSDpLYhzlNGIG+FARIPibpYEmXhpMcexk4D7JzJO0ThAshg6yCkHyuKtfv2NNgN+fXSyIPmNPEEehTQezdBqsByaete/ss6KwdH/krPSF0ujkn0It4F6eJI9CnggCNFZy6biJWQeI+hONdNv8QtQ8vKQx3kknEG37izzm98jj0wiapDTt9Kwg82ZOpOo57tvhnjFUn3U80t0pL/7NlqHXywDABHv/RRhILfWcIBWHoNoDoC5K4FLQOiRYeezFIHAXxFFbJCNM9syA8Dw/3NpGlOh+Bgth3VuYhMJSCwAP+VPhVQZzuoAizlCTuOaKCvFnS28O7pcVXUOqaVQ9y15Il07chFQTorDDx9/VDjqwU1vjcCZIOlXSApFPCQ9j60Tdr7OlIE0/46jH2jGTuf2gFWVPSHckYyFxCojVLuLs/TdLFkgjLLTEJAmbjGabmiYfWZhbOEpobWkEY8yaSiBy0lObn/YikV0iiQi6bYC4eYyhu6g4/Bo6kT2V1i673N4byz028l8fg2/tsiMAYCgKLuGPglmHJupakLic8FxWkhPrj75f0asM8JuBpDbH3xyeAwFgKAjSsDNQSt8QXmaAoKG7U2ZSTPI74EqipG33OaSAYihQ+x5hGcS+JAV05+/K2CkBgTAVh+NwdpGYJribPCisGKwm+XJAVyjH43lrSSZKo8R6pqZ9ZAVPuLDRBYAxBS/kjerDqZhyT5UWhriH7DuJMoGvC6tNknF2eZdVAUfEts8FalKbeL3gsd2nf3y0YgRIUBHi2knTVHJxIScpGHhrKxOIImn0G+wv4swQPmFW2Cm/B0+ystUWgFAWB/w0k3TBjIGQ92Sv8NsQm/chw289RsyX8qziCJtbFVuBti7+/VzgCJSlIhOrzRhmq4OtTQVCMp0rau6LjEyUdUvh8OnuZEShRQRji9iGOpGq4F0naNRMO3Mlgur0s7DOqmuWykhXDg58ygT6lZkpVkIhh6ppisWV/wIkXphl+XfHSDlfzy4N/1O0hNp5Vh809wr5xKD2N+/y8HFu0wZEzx8x14limNO/Oa00ESleQtK56zWG1fow9xnmSSB1qS8S1btBfnDYCpSvItmE1aIoyqwUZDfnys2JUEc+sEUpLEz/PKuOnUk2RXvLnS1cQ4CeF0BZmHric40vP/Qkbavygbg3VqRBw0n5eYZ7nDgOiqi6+XbT1Y99TLLlkZxreFBTk3ORUyfNNZZp8b2YxAlNQEBtNyIjcrXzxvPoTmRCYgoKkGUPwAt480/i9GUdgLgJTUBAGQJ6pjcxIpsK3i9/EEZiKoK0I4bnA/XNJ20wcd2d/IghMRUGISyedDoRXLTffTo5A7wj8F294lIeJW0G5AAAAAElFTkSuQmCC'),(63,14,65,'Thank You'),(63,14,66,'skjfkd'),(63,14,67,'dshfkjdfs'),(63,14,68,'dsfbfdsb'),(63,15,70,'data:image/png;base64,iVBORw0KGgoAAAANSUhEUgAAAMgAAABSCAYAAAARpZu7AAAKs0lEQVR4Xu2dB6w1RRXHfygWiA0VolixIAa7RiNiR42iYIktNkxsqBEVBUtiiUYFFSHYjWCPJcZExVgg9t4VAXuNKFgSjYDd/M2M33Fy372zu7Ozs3fPSb7kfe/NzDnznzk75ZTZjV30yfDjnc3v/EdHYNEI7BZ6/wLg+eHnFwL6v5MjsHgEooIcAnwioPEg4H2LR8YBcASAqCB3Bz5mtlifcnQcAUdgl4IcBxwTADkc+KCD4wg4ArsUxJ5B4qri+DgCi0cgKsN5wN6+xVr8fHAAEgSigvzb/F7XvH4G8aniCIRDulYOrSCRWr7FuhhwIHA28A8fQUdgbARWrSBPA04cm3HP9p8CnAQ8D3hRzzbWVXNj6QigzrlJKUi6gnwIOKzRTsWtoBTl5MIyrjOWXhu4EvAL4PzCfL25hhGQgmjLcqaR8e/AZYC/NSb3fsBPgkzXAH41gnxRAT8PfAO4PfBP4JaGl85nnwa+Bnw5fGD2Af4MfD2UvSzwM+Bc4K8jyOlNVkJACnInIG4tItsWD+qyzdwnCDjGVfQVggLuVRB7KZlVroJNe1M1EFh1BhHftwCPriFABx7x6346cLcO9XKK3hc4Knwscsp3KTOGMnfh72UHIBAHT7dCB5h2vgXcfEC7paseDHw2NPo44E0FGbwKeGrB9mxTvoKMBGytZqOCHA28ImHa0nXvR4F7BPkuXWhffyzwiHAGW4X3BcBXgLcCe4bDuQ7o2pLqfCHnTp3TdMnhZ5BaM7Yyn6ggGmCtIlc0/L8YJqUOn1OTNWQO3bI8DHjHig59D/gpcG/zN+Hit1ZTj/6E/O1keyDw3kQWeflGN/ipxLxKuA0Sf90IaQXpS7qt062dJSnGk4P3wBHAqeaPRwKv78vM680fgfRrrNssbSEiSTmkJFOSlFbKK9JEfk1PYaydQ018APhOEhx2PeCHpv0/AZfvyc+rbQECqYLsD3w7+UrvHmwBU3XXbq9krPvDAEGivee1gP6lNJcr7wEQeNUuCKzaz8sIdgfTyOOBN3ZptHDZkuePHNFkJDzIFGzZ9SanP15mAAKrFOQ2wJeSNocejPuKaCMd1UYNOV4NPMkILMu5J7LoO4Izr7fThLNfbXVxX3NQrtll3SBdOTD8uLnqHVOGewIfMQx+Ddxqov6P2U9vOwOBnRTk/cD9Tf1vArfIaK90EauoctmQ4W1sulS42pU/VSStKKvOLGPL4u1PjMBOCiLD2F8m3mZdPIn5qLG9il1Ob7xOS+wjEw+bs6+FwLpJl26zHgW8rZZgYQXTShappoJotZK3riU3GlYc/FZYrZt0clY8ZcJV5JfA1QN/uZrobFCT0tusllxvauKwaF6bvsrpKnJV4DeVELO8x4r/WNeVZwLHmwJvBx5Zqe/OphEENinIOcANjKzfBW5SQfbrAD+eaHsV2aZWdVndb1qh786iIQQ2KUgajivRN9Up0T2F/UanwS8AtyvRaI820hW0Rt97iOlVxkIgZ8DTSXLbFYbE0vJZnrLqx1iQ0nw2tZf6pilGRrEyTgtBIEdB7gKckeCRU68vhOmqNSavTTKmwVR+UN+E2Jb9PXfy1dxq2OAtubxoxZqKFL34BsPcn4aYaiQm4purIO8CHmpkvHGSCaWk+EoIJyOh6Lomk0lJHrltpd697peVi9yWlMtVELlfXGT6PNaNzg2BswyfXPnGGg7lw1KUYaQWk1mM1Xdvt+ONVI1t1nOBF4eRUWCUAqSmpFRB5PYv93+nhSDQ5Qst+4eCqSLJy/b3hXH6XchgqOR116xolFzXDRumK4dF6wpfuPveXGsIdFEQyW5XESU+UFaQUmRj4t8JPLxUwwPbUQbHq4U2dJun5+qcFoJAVwV5YhIT3rX+TrAqm8pXAVnQRQ8B3tPIGPw8rGYSR8oitxenhSDQZ4LbVeSSgLZDQ0lXqbpSFSn/rm6vWiElcZDbSaQ+mLXSF5ejIwJ9Bvt1wBMCn0OT6LuO7P9bXHYOuZNEai0v8OcSV5c+mPXBxes0gECfwd4DUNZBkUJTpSRDyLpz6PlpWatbIvtBkFx9MGupPy5LBwT6DrYCp3RAH2o4SyP3rg/8qIP8NYoqq8kJhpFsQq09DVEDh0Xy6KsgdwWUZV3Ud0t06/C+RqtbqyiXVsgPm9lxrfCQziInzNI63VdBhJOSXctvqq/xTFlK4jMGcgp8eqPgp8ZCud7bM1OjYrtYJRAYoiCKUZfrhYKq5CLSleTCocknUlodvc7UIulhnT8awZ4DvLRFQV2m8ggMURBJoytfPQWgmA3FkOeSDYhq3UNWGP3LdGwsP7Rc7LxcRQSGKkh8Fq3Lo5o2c6NsKLKltE41/NBax2CR8g1VkBgvoe2Rtkk5pBsh3QyJpshWkiNjWsYVpA9qW1BnqILEeAllXL9RZnpOm05UMSbvngGOriAzGKQxRByqIPKh0uqhw3ZOOGpq91B4rTx4WydXkNZHaCT5hiqIxJJXr541OxnQWWQd2Yk21Mg4EiQrm5UXr2LzI8mbwAaQ1ZTFeVVEoISCxDf/9JSZtlk7UfrEW18DY0V4/sdKQVL2KbYxQ46n6J/z3AGBEgoi9+/PhG3WuklvPXZ1DlFCOmtfaHmQ9kti4x8DvLllgV22MgiUUBBJEt9Z3yni7nKAnlCI8R4tOiWuQzSNyde7iQ8uMwTeSssIlFKQ44BjgqOh7BzpO4J641xXupFyDvSt4WbPT7VSsLaGweLkKaUgNj3Oqm1Wmj6nZhLsUoNqFUSpiS5RqmFvp10ESimIrnt1iNVBXFe5ch+xpC9uPMDLzeSwdiHZUTK/6p3hoA0VuZSCSI5oIV+VO0rvjetJM02yo8KV8FDZa9d3BamNeAP8SirIEcCp4fyh98wjyRtWUYM3C78oybMmhK4gNdFuhFfpyao8Wdpu6XUqrSSi9PxRmmctKF1BaiHdEJ/Sk1XXnzqH2G2WVZDWXdvXDY1sNloNI5XGrqFp4aKMNcgxb5ZiRGRcS1cQVxCfe7NCoPRXMLqdCITYdlxV9Du79ZoVUMHGY/N1lcZubngsQt4xBjnu1eNqoSTUWllEWlW0usyRPD/WHEdtoMxjKEjMcxW9daMPlt12DRR7kuo2TPhcYN9JpHCmVREYQ0HiC1FyN9GKoeRyygSid8cPrtq7ssxOA+4VmtQLvDYdaVlO3lozCIyhIGnOrJPC09FKE6S3x+dKSm/02CB8S9nn54rnLOQeQ0H2CZ672oK83CjFswA5Nc6VlOpHfRAdDxw714643PkIjKEg4h6TyllJDgeUBWWu9GzgJUH4OQV7zRXvJuQeS0HUufMAxZyL9K7GgYB8suZKNp7eFWSuo9hR7jEV5I6AAqOUQVHbEd1qzZnkZyZ/M9Gc7TlzHoPqso+pINU7MzJDGzKsdwoVPem05Qi4guQPsH3HZM4Gz/wee0l/DCZzDugspTNVpAOA72fW9WIzRsBXkLzBs4+XbkpvlNeil5oFAq4gm4dp/2S1mLNH8ubeeon/Q8AVZPOE0GH8SFNM19Vnba7mJbYBgSUriAK77gccAujNxTODp/FeIWxY2CjnsK53I70SeMY2DLz3IQ+BJSuItWvkoHVhiKv/QU5hL7MdCLiC5I3jb4ETgZflFfdS24LAkhVEW6wHZKYQ9YP5tsz4jv34D+pEpGKjGZuPAAAAAElFTkSuQmCC'),(63,15,71,'fhfg'),(63,15,72,'fdgdfg'),(63,15,73,'ffddf'),(63,16,74,'nd,nxmnc'),(63,16,75,'data:image/png;base64,iVBORw0KGgoAAAANSUhEUgAAAMgAAABSCAYAAAARpZu7AAAI+klEQVR4Xu2deaglxRXGf+OKioKKohKMoo4GXFFxTVQElwRXiKgoqCOKirtGJYgmiCgqLiRqJiSuuKLigiYijog6jBuu44K4a8aIC5h/xp0vU6Vneu6b6Xu7+t7q6nNgmPfe7a4+56v6btc5derUNMqTjYE/AhsCqwKrA2sA7wIPA8sBs4GPgTnhszUDDF+F/1cO/+ue/wHTQjvzgW+BH4AVQltLhc/nhs/KQ7THFqnjuy6vBANWAj4Dtk5skMiQGqe3gI0S6+nNtYBA6o5vQcXFNnk+cN64H5roeV3HPhEMeTdTQif5GyTvMdZp7UogSLUDhvVB9BY6PjQyE9C/qg/yPSA/xfogKwLLhumXcJQP8l2nR4MrvwgCJRJk2G6Wz/JsuOlq4IRhG/Dry0XACbKgb+WIS/4E6I3i4gj8HwEnyMIEUVh3fR8bjkBEwAmyMEH8S8O5sRACTpAFcLwDrBeQ2Q14zMeJI2C/LWeZwdFHZOSkxwXGY0Mkq484uM0VBPQGsYttfXVSo5MueF4FNvWR4gjYN0gcIPcAB/YMGk2pHjU2ay1DeVxy2F16jkD0QewUQ1GcPg2OQekqfX2T9pwOi5ofCSIfZNfwsRbKtGDWF7ELhdHmI4Hr+wKA2zk1AoMI8gLwGyCmfvcBP+uDyF6lm8hZd+k5ApEgRwDXGSwuAf7QE2y0V+SNsHckmuxTrJ50/pLMjAQ5Gvi7uXge8Evg6yU1UMjn1geTSfcD+xZim5vRAIFIEPkfcS0kNtenBTPrg0X7fRG1wcAq5dY4CLQN9WVgujFMTqqc1T7IHcDvjaGek9WHXq9ho/2W/BtwTOWeVXrirB8F/MMJUmPE9OwSSxDNue+t2N+nkK+NZN0JHNSzseDmDkCgOs+uOqtK2pMvUrpUI1m+car0Hq9pX5UgJwJXVe7ti7P6H2CtYPtTwE41MfTLCkZg0OCvRnROHkCaEiGxKe8qBLFZiUa6TcMhMIgg2hehhTNFtiR9mY/bnKw+RfCGGzE9u3qq6dNhwE0Giz74InsA/w42+0p6z4gwlbmL8y/+asrh6P7SB41dLC3dVh/+NRFYHEEGZbleAZxas+2uXWanWJ5q0rXea0nfJUWoBqWgbAM815I+k2zWEqQPU8pJYt2ZZy+JIDJEKRhKxYhyG3BIZyysr6iyCJRNIHEnvT5uRV9ZhyBaRNOKeiwSrTKcMwrcUGTXgNwHKXrY1zeuDkHU2tohmVFnbUhKDP3aN4ivpNcfQ0VfWZcgAqEa+i3tW9Yma6qIw+5F97wbVwuBYQiiBm3ot7TyOJcBpwXUSo7W1RoYftECBIYlSDX0W9KmKhuM8KINzpCRCKKblBIft6P+BZBzW4LYkPbFwNklGOU2NENg2DeInmY3F5U0zfKV9GZjqci7RyGI3TvxZdim+2kB6DhBCujE1CaMQhDp8Djw66CMdt4p7Nt1sTsqRfh4NHTX7XL9GyAwKkGU9arsV8mTwM4NdMjl1mpazajY5GKP65EAgVEHwTnAheb5g9pRMTrt874hgZ7jaEL7YLRpSuJVTcaBeAeeMSpBtgBUojTK8pUic1sBz4cPde1LHcBCKsbCDZ6s2JEOa1vNUQmyNPCtUa66HvI74IHw+W+Bh9o2JFH7TpBEQJbSzKgEsd+2+vla4DgDyuHAjeH3Q4FbOwDY5sCLQc8Sc8060AX5qZiKILLMtiWyxCMUlARo6/7mh8ICjfykrVx7ZoJ6NSGIVtGVBh/FtnU6cGn4oCtVUSxBmuAywe70R6dGoMlAqB5dZtu6EjgpKCuinJla8RbauyVsBNMayMbAFy08w5vsGAJNCKKyQPONvTr4UqknkkdMuviDgJz23CVWlfzEFJDLXWfXr2UEmhBEqtl6tjpwRwfvSBQCVnhXooG3bct2NG3+F8AHoZGS8sua4tL7+1MS5P1w6I5AfQ3YJKCryNCWmSNt00w8gpV5Z41TvZQEkd6xvfeAdYMhqtIYyTJO24Z5lt0IVkpu2TD2+7VTINCUIB8B65i2Y3t2ijUH2D7zHvgvoCxlSalljTLvgjzVa0qQM4zfYd8gdwEHBpNzLxPkSYp5js0stGpKEB30qcS+KLE9S5DbgYOzsHawEr5AmHHnTFq1pgSR/jaSFdu7GzggGJc7Qe4B9g/rHkrbnzvpTvHn54NAaoKsFgaazlxXurtEaSbVsw9zQWDHsJ9F+ngGby69kpEeqQkSHdyLgLOCnRcA52Zks1XlcuCU8IeSKrRkCnf31EpBEA3+PwfTlaSozF67ocouIOaEkKJWTwPaKGXXcHLS0XWZMAIpCKKz/J4IdlwTzhQ5NhBFf841m3eXMK2Sjirxo1I/Lo7AQgikIMgywDehVX0jbwdYgujnmRnirtQSpZiokruyjz/PUEdXacIIpCCITIiRrHmh0HXuoVNbh1f5Y5oGujgCiyCQiiDPhBVoPUBt2ihWTmdtTA8n9u4ZkNAajn5+08eGIzAIgVQEUf6S1js0bVEOVo4E0VtNxalXNkAozDvbh4YjMBUCqQhi0zUULtUJVHHtQ/6H/JBJiQixV+WULOniYd1J9UiHnpuKIDJZNaUUMtXb5HhApJFMagFuhzB92q+Sbv9hOMZBazUujsBiEUhJkDit0j51pY9bSfmcOl26N6CdjFXxzVB10PNrfkIg5cCNR5jpBFydIzJJgugNViWpNkIpWmWTK30oOAJje4NEP0TFDjSN2Sw8WYRRCso4RavkSphU8qHKD6mW8H3jVMCfVQYCKd8gQiQuvmlHoVLhJZMgSOwdLQSKrC6OwEgIpCbIrOCcq9qJ6vVKvBD0SF3jN+WAQGqCREddK+uxbSdIDj3tOoyEQGqC2PTxqNCkwrwjAeI3OQIWgdQEUdt2h6F+99Cqj7nOIjAOggicNp7TWdBd8e4g0MbAVTh1HwPB28AG3YHENXUEfkagDYLYVHc9qSu1eX1cOAKLINAGQap1ptxJ94HXWQTaIIgtBC1gctoP0tmOcsUng0AbBKlGsv4FKHnQxRHoHAJtEcTWun0d+FXnkHGFHYEWw6+HAf8MayIzgJsdbUegiwj8CNo6ZmJmqozzAAAAAElFTkSuQmCC'),(64,24,98,'02/22/2019'),(64,24,99,'data:image/png;base64,iVBORw0KGgoAAAANSUhEUgAAAMgAAABeCAYAAABmZ1vAAAAQIElEQVR4Xu2dBbA1RxGFT3AoggQnSLBQuBMI7u4WLAUED+7BNQmQ4O7BXYO7JlBYcJciECxAcCugPmqH6mpmdmdn98q7t7vq1f+/t7sjZ6d3pntO9+yixcmVJfFzdkm7SzpO0pMkfXlxVUbJgcC8COwyb3H/K+3bkvYslP1eSU+QdMSC6o5iA4HZEJhTQc4i6emSbl7ZuqtI+ljlvXFbILASBOZSkOtLOljSBUb2IpRkJGBx+3IRmEtB/l1o9h8lvU/ShSTtJul07r7PSrrMcrsctQUC9QjMoSD3lvSsTJWPk/RY8/c9JL28M9zt7cw636hvctwZCCwPgakKcodu0NsWf13SBQtdwKv1UXftM5Iut7wuR02BQD0CUxQEL9XnJJ3SVIdyXEPSMT1NeJckbBYrZ5V0dH2z485AYDkITFEQlk+Pcc3cu8J9y1Lrh+65QyU9aDldjloCgXoEWhXk3JK+66rBZcvM8KeK6j/lllW/knT6iufilkBgqQi0Ksj9JT3NLa0eJulwSTeVhOF+N0nfKfQmN/uEy3eprz4qq0GgVUG8W/eAbh+EOn/ZuXP7ZoXcMusckn5U0+i4JxBYFgItCnIJSZ83DfyZpNuaXfGvdRuGfd6s80viupVLSvrCsjoe9QQCNQi0KIh37b5O0m26ys4r6Vvd/7FJWDaV5LeSTmUuPkrSE2saHfcEAstCoEVB3iHphqaB2Bov6n6/saS3df9nF/2cklhq5STNNOnafSQ9e1kdr6gH5X1B14dXdDNkbGhWALdJt7QoCC5abIgkN5P01u4XaCXXMtfeKelGBcC8of5kSRj66yC3kPTGTEPCkbAOb2eJbWhRkKMkXdi08RSS/tD9/gNJGNtJ3iTploX+PNQY9txyiKQHL7Hvpaqu082IsJNz4ik0a9DkaMKiEGhREAx0DPUktgxoJNBJkvQNprtKeqG5l2Uay7VVS84FbduEc+FeQdVf9WtaTv0tCuKXWNY96+2K50nav9AVPxCHjPrlICL9XtKuA5WxlGSmWVeB0cA+1cl7eHHr2va1aleLgvg9ELsu97NL36zwCUlXMGgcKemyDeiwxOM5fohWhEJfI1DvCfCCTczGJwp6NUkfcg+/RNKdMwWuIwuZ2fvhHR8uN8PX4BL3GARaFATKOq7eJNgY2BrWxZuu9dkgDEQGZJJWPpb3qtUa0l7R8VT9OMMvozwGnued0e4W/BYxAJnNHpIJJVgnx8ci+r3wMlteMG5c3LlJWEKxlEL8oOtbNuElwluUpHZge1B+Lek05o99SpluK9kZf5N0YlOWpeLnWMivkrTvwt9SuQIUgx+oPUmwkcDgNZK+t8K2bUTVLQriZxC+XE8tKEifke5tmTQTjQH21pJe6x5gINt9mlx5v5F06oqKKBuWAMJHgVmOvR0rq2AA8GHBfZ7aRntYXvLRYSYMmQmBFgV5g3PdksrnkV17/KC/Y+GF5QKnWtriZyGakbxMpBf6XQanw0Z89f2slpt5lun2xXuIvZQUg03Yt0jinUQCjJmUwhbTMij9ILmvCbmFl3UmU0GJPvJmSWwwJmk10L1TwPYN2v2LuxRDzBiX73bGxySW8IOfuHqoNDa2nkAvAr4WKXijiJdJdhCkTmbKD3b/LrLurS67RUH69jqIMLyUQbRkJLJ0YXmU5NWSbj/yTXjSZN/jOAQukkkaMVRlbnZ4rqR7ugcTTYalD27i9w8VPOI6Hxm8aGfrnsG+YJnLkipkwQjMrSB+869kePul0e06o3JMd/tmj9pyCNxCoa1hbp+1Noj9e84DBv0mbZKSFI+9iCmCUjADJuHjc5Ckt08pNJ4dh0CLgngjHXoINBHE2xalGcTTVVraUUo1VIsAEZFX6tbwpf2Xd2fi5ynfz4C4h0mxaqU1zp4Yf+yJi5rC9pP0stqOxX3zIdAyMPmCWQKiVRCiCTEak0BitLYGf7+YpC+6Loz1BOGlYv+jRaDZQ6Kk3Ri51+siIXNllTxiuWwu/vmxCoKdwcxqd+hhE2OU/7Wlo/HMdARaFMQb6XYZVeOd8jMQvRjbjlwZCQ2WTR+WdI9MnDsUEf7uIxe9XWWRLbWtbwYbu8Q6XyY3WERYTh/fk0sYOzCp0CuIjQfhuh84GOOvNy31178viSQQY6RvcGKbYFd4e6gvwtHGsfh2lDDqU6qSe9uXfVJJBJzZGRm3OYb51CXkGDzj3gICLQoyxNj9qiPIWQXK7VvwRWcpUSu5Wco+iwfp2l2COsss7tvVJziKWPoTukaw6cZgzwmxKxjNXggbZsk4JKRj/Yq76VySCBkIWRMEFqEgfn2eBhk++6u7fo9divD4l5wBe6yjmiQGcUoekapkM22fHtxzyzbo+HcvPJOLq+fWodnj+N2+kXUVo2w4NELWDIFFKIj/wrOj/UqXJijBUJNozkJGNkfOHrFC+dbjk/YuPEeLvRCyPpaE/QV/dAMG8jN6noEeQ5gwOb3gbcF/Sry03GP0Fw9Y8ngRaIb98dM1GxfRnA6BFgXxX1qCh9g8S5JL6ZMD/AY93qPSC/LcKzxSEAzPaB5InidmJ5s5fogS4mcmiqwlUPJR6KN6sHSDcZA4a5TNbIozIWSNEWhRkD4uVurqkIH5HMdArYXIbw4y6D0NPdkaPnvjEIkxFyjVgo/vC0pKtpZE7WfJCfuWpBYha45AywDwXiz2Ed7j+pkzxtMtBDT9pduDgNP08Y7QOJQ0Lmec84XHwCcWJUkyknNepr7+5pS6BZ/UjtNK+kC378Pf+D+zrU/ZuuZDZLub1zIAhty8IHonSS8dCe3PJTEjlDxavl4GHBlUPP8LZ8A1R3qxaKr3vvV5sPq6drIuUhE3cxIbMzMSlrh9lQi0KMiQm5f+YLT+orFj0DugpGM0W/GKkGwKP1sltzLBQrhNkwwNeGwnQoQx5J+fISTWdAfCJQ6JJOz2M2vE0Q416K3hPYtSELr6r4YdcguRN6rhOyVGK/cRqEW8OF4tSz9PblbvxSrxquZ4LQRRseFphdRIzEohOxiBFgXxXqyS358B46PvxkLFcdGP7h7CjWpJhdgfJ+hiImy5iaLhj6Luy7Aytl3pfurHfQzpMQlOA9o95KhorTOeWyICLQriyYqlvYKLu2TUHIVAFhEUjIHORh5LsSt2RyYQr5GTFIrrBxwzDKRHT1pkMxBPm1eQoSXWWNhxU0N6TAKhkKPn/Ewytty4f40QaFEQfPn2NKicFyt10ebJGvqCw2KFg5SjnqMMfKU9dQT2MLaOp4gQQUj0n5WaZA41r4ZyUUxLb+eMRWa4kA1DoEVBfNw5RDv7JbUQQdVI3pwhBeE5lARiI7muvEA2tOGyRNRdV9KnK4OTajf9+l4xfbUBSxjzDwg6+oZphelOi4L0JY7zSNkk0FBCiAUZktJx0SxhTmIeTjwpcugySFnqlWRq1kZiNUh0l9pPXDpLw1Lm+qE+xvUdgkCLgng3b9+XmcELO5UlEMsem7+qDyKe+8kAhuyBsBeShKUeX3SfQCEXtFX7ejDCsWnIf5UEkuI3awuI+3Y2Ai0K4r1YxE3bTTGPSFIoFMXuSwwhx4Gg0ENKUsqjRTKHvToHAJuLrUIZ2FqJwAjbFg8V3K+QLUGgRUEOlsTRBUnY1LOpSEsKwt/H1vfJLl1P7nXMYVOUXjPKwD4LEpt9W6IMuW6OHbCUkaOz99kW1mYZWx/2CEukXPljy6p5zXcxp2VxPzvjpCQK2VIEWgeZ/7KXjk/zoawt9ZXy6LaUVXrNJLvDE5ciAdn8g1rPbnzIFiPQOsge4Q7cTC5XDyVRczZWpOXIgByL9xhJZ57hvZEPi4AoGzXIPgyZHkMCgdE2QYKMQQtJ0HKgcjaBH9ytCuldy3MoCIxfmwHxI51BThBWSCDwXwRaByzP2k3A9LuP355LQf4siQwgSWDqnqfxHZ5BEtR6K1ft6PGNRcZjm4rAFAXxlBNmlFs5oHzqnbEJ4lJxfgb5h6QTjXwpx+s2FG3YK7YUkX6UFxII/B8CUxTEzw7sd/AlttKXZG7M6yAC0e6ij5392AlPJ/GmelvyAY9pc9y7AQhMURCf/pOjD3Z3mJAEjTPzkpABBI/XWGFwM8iTEJ5rj5vuK89vbNJONiwjnefYt7CF909RkJo0oz7BQ8kdPAS9X2LllNGXkQti4tBQkjmEBAJVCMytIEMnMrXufnsGMbMCce85gT9F7il7/iEeKrIthq1RNSzipoTAFAWhjCFmb02Ch5q3QYZ4KC7k8CVdZym4Cs8WgVlWSPFJXEpIIDAagakK4pm9/lz0mgQPoxtdeABKyk3MtaFEcXPVG+VsMAJTFYRdaDIGJuF4AXu+BUFO0MOTPFPS/WbGk2UbS6gkbP5BE4kNv5mB3sbipiqIp5z4zOYkibu0AfZASTwzh+CJgmqPgiQhZQ88qpBAYBYEpipILsO53QxEIQ4wLS0dyTa2M8RpcGxCyprCGRvs4pM+NCQQmA2BqQqSc/Xatb+PHRnKsD7UMYxwkiOQ1hMhbSmKEhF+Q8jF9SYEpioIlXpPlk0SbWPSuRe7gDy6Y2O58URh31gGL0cNEKj1z6aex0OBQAUCcyiIJy1SbQqHJUOJ52eNqZMTX5kdiNewsq+LE6/oatwSCIxHYMxgLZU+dCSafa6WZAix8PEZg56kbOSgas37Ox6heGKrEZhDQQCw70BLC3CO8etfgM9YmK4Pnfa01S8yOr8YBOZSEFrXdyYI14c27ojuKxEIIUHCvwoJBJaKwJwKwlKL7ImcueeFQyrZEykdU4YrGJewl1Zy41JBjMo2F4E5FSShhKKQhQQ6PG5YElYfV4AQThUZF3OyaxxTtrkDb6f0bBEKUtt3jm2ztJT0XE0O39o64r5AYBICq1AQaOdkQclJS9aTSQDEw4FAHwLLVBD2MjgPPFfnkAEfbzEQWAkCy1IQv6OeOsuuO7lv/76S3kelgcAAAotWEBJJc7Z5TjhvcCiDe7zAQGClCCxSQThgc79M79ghJ5lDzBorffVReQ0CcysILl5+iBf353SQLAHXbwQy1byZuGctEJhLQcjCDrMWe8Iek5Y66Q+7WYvORyMCgSEEpipImjE4NsAnkyZ31QMlcT55HDoz9Cbi+loiMEVBmDGI7MvNGJwoy4ZfiVqylmBEowIBj0CrghzSzQ6+PM4iJwbEZk0P1AOBHYvAWAXZU9LhmczqJGvg71POBNyxIEbDNxeBMQrCwTLEg3s5tFtqbS5K0bOtRaBWQXInzh7b5cQiNjwkENhIBGoUZDdJR0ni7HIre0s6YiNRiU4FAh0CNQpCPIfPhhiBTDGEtgKBPgXh/EEi/YgF91KjWFsBYHRysxEoDXSi+Q6StH+m+0FN3+wxEb0zCJQUpERPD+WI4bNVCFgFwY3LuX0kgM6dIMuu+FN6ogG3Crjo7HYggIJAGdlHEoTCkoRRvh3jIXrpEEBB2M/AlesFPhWJFdgc9Kc2BZCBwFYggIIcKWmvjlh4WHe+xtFb0fvoZCAwgMB/ALDE4X3MOSGCAAAAAElFTkSuQmCC'),(64,24,100,'Ronald A Smith'),(65,24,100,'John Brown'),(66,24,98,'02/22/2019'),(66,24,99,'data:image/png;base64,iVBORw0KGgoAAAANSUhEUgAAARsAAAB3CAYAAAAzbOS0AAAZm0lEQVR4Xu2dC/R+2VjHv2rUTCKEIUohJNToRnIJ1VRICYWp0CS3VqxRui2l+2iMmFApJbq6XyqXQWK6DArdNEVDNEIkVIjWZ83e9cyec953n3P23uf2PGv91n/m9ztnX757v8+793P5PpeRiyNQF4HPlvRPdbvw1teAwGXWMEgf4yoR+C5JvxhG/muS7rPKWfigiyHgyqYYlN6QQeBrJZ0j6Trmd2dJOsNR2i8Crmz2u/Y1Z36BpOslHbxe0u0k/VvNjr3t5SLgyma5a7PWkT1E0uPC4N8k6fKSPiP8/49K+rG1TszHPQ0BVzbT8PO3L43ARZJODr9+qaQ3S8J+g/y1pBs7aPtEwJXNPte91qxvK+nlpvG/kvRMSY80v/tKSa+oNQBvd7kIuLJZ7tqscWR3lPR8M/CHSvrLRAFxjeI65bIzBFzZ7GzBK0/Xurvp6u7h6sT1KYq7wSsvwlKbd2Wz1JVZ57geI4nTTJRvlPQcSW+RRHAfwhWKq5TLzhBwZbOzBa883adI+g7Tx+eE6OH3Srpi+D3RxPzeZWcIuLLZ2YJXnu7zJN3J9PHFkl4bbDYYj6P4vqu8EEts3hd9iauy3jFh+LWep7i/8FBZZeMeqfWu8eiRu7IZDZ2/2IFAeo2KSiVVQvF65SDuCAFXNjta7AZT7TvB3EHSS0z/XLVe0GA83sWCEHBls6DF2MBQ0hNMtNncTdLvmvndX9IvbWC+PoUBCLiyGQCWP3oUgXtKenqHITiNLP4bSZ9/tDV/YFMIuLLZ1HLOPpkvkvQaMwprCP6QpJPC386TdMvZR+sDaIqAK5umcO+is4+bWVpD8PmSuFYhBPoR8OeyIwRc2exosRtNleTLeEWy+8sajz2KuNFiLKkbVzZLWo1tjAWvE94nxO6vtxteG48i3sZaD5qFK5tBcPnDGQjYE4y9RtnrlZ9sMoDc2iM1lM31Jb1K0qv9Xr617ZI1H9ITbhaetAZiDMcYkBHP/M6CclsP1VA29pvt9wJ3Ca5Ol30g8DOSvl8SyZc3kPQuSdeQ9A4zffYF9BMuO0KghrL5JklPknRVgyOESZT1+JcK2J4g6RRJHws2Ar49IdsmSvUfAh/uiyv06012I2AD++L+gl4CmokoT5D0IAdwXwjUUDYgSMToLyQK53XmGJ2i/IWS+MFwGBP2IFyCKPuGkk41fChDV+gPJVFaxKUNAl3KJg3q45p9qzbD8V6WgkAtZcP80g3G7+Lxmb/xcxtJN5d0YkVAOGU9oGL73vQlEehSNjxBCZcrhUe/T9KjHbh9IVBT2YAkp5MbJZC+UtKtG8BMnaJHSDpX0kca9OddXIyAtdlZAzFX2usGkJxiYoe7ZYqywTZCQt2nSvr7cGXiA/5hU9sZRcN1qpWcKemnJb2vVYfez6UQsDQT1vX9r+Zafbakhzl2+0LgmLKJbmxLWM3vYtGxqWhxtP4vSX9ksoCjzQY7y39I+vfg2SAoDGV2YTAGw9pvYzemjsXfL4NAn7Ih6xtbHuKu7zJYr6qVY8om5ScpNTliLtiUz67koSo1Tm9nOAI2XcGebKwtx4vVDcd19W8cUzbRjc3moIxqDMqaOnGvHTQVweW+32ezsZw2BP7FpExmgi0H7xQu8m+W9AFJV5b0VEnn+LV4uYs9ZGTHlE3aFrEznxUUD9ed08J/x2tWLNcR/32upCcHuw3vRblPOEoPGas/uw4EsNE9MAz1aiGoj/+1sTaEOLAH2EOnH7mWO9HWOtb96CiHKpujDfY8YO/rPOLKZiySy3/Pnmzs/uoKhcidjdOI5iK14OdaKRtqCWGjifLDkn5ywbj40MYjYL1O1sWdRhGnPZDOQIQ56Q0EcVrxLPHx67GYN1spm3tL+g0z68dL+p7FoOADKYmA9RBaZUO6CuV5reACf3/YG+8xtpmUs5h3PDan5CrN0FYrZcPU7PHaDcQzLHajLm2p3c8Mhl9Y+aLbm2EQzhArZPYNK716nyXpjEZz8G4qINBS2ViKAZj1Mfy5bA8Be43iJPNViaJhxl8n6Q+OTD093bw0tLU9xHYyo5bKxgZ7/YmkL98JxnubZk6g5dUlvfMIMKlB+Q2SvmBvYG5pvi2VjT0Wu8FvS7voknOxQX1dsyRu5iEZ009PNh4ImAHakh9pqWzsNxWpBhj8PIdpybtj3Ng4gdzkwKu5e+7HJeG1jEKgH4GlLitFIHfhS0yP+zseiSjuXSiB6vLawLvUpxSGrHlaXZOZttyvy0N25SNquXjp5hmy8VYO826G36UgmDxXoAdLgug8V9K23IOZi9xCn2upbFKDX6wDvVBofFgDEYBOxLIDxNchTINX6M0D2yPjH/qSKO7BHAjg0h5vqWyYu/VUtO57adhvbTy/Jelbkkn9qaRbjJhoJE23r5KoCZ2oy0oRaPmBJ4mTGIwoLfte6fKsZtiPkvQjHaO1FBO5k4GL+i+Sh4nJITbHZcUItP7A2yhimxG8Ygh96CHvjfy3VD43VLgYApKNQI7vEZNFbJbLihForWws6fWYb70VQ73poaf2lTjZoUbduwRCNQsWdcO97tgGtk9rZfNnkr404ObeqA1soFCj64KeqVCIDgNxjpAVTp1wan5F8T2Sg9xKnmmtbKiUiPEP8ZPNSjbJkWH+iqT79jwzhGs4jcNyO8029sf/zaK1srEsbu76Xv9m6ouriTMjrobTSY6kfNd9+yMS4g+J2cnp35+pjEBrZWOTMZ2tr+zifoOkH5L0oh7PUNneLqb0fFYoPPchSZ/S00HOHkvzoGJMDa70K0j61sBJTP2vyINN+aCvMLSjpefn7RVGIGcjlOzSlU1JNP+/rYdKeoxp+o8bFAK0Red+XdK390yNkjyUQO6TJ4a67Nc0D1AxE0Vy5yNwcSX/gTqQequlEXBlUxrR9u31cfvWXFt7Enle4CaC0rNL8EhRuBCP0kUh1upj4SSEUkmVFM9AQZEjQ71dOW36M5UQqLkhu4Zs7/gc+9moLtMQ6OKPeaOkm05rtvftO0p6vvlr5Kax44Cr5uTwzH9KOqnCWIYYnyt0700ORaC1sumrKTR03K2fv0o40lOO5jbBTnAdScQNPSNU7CTT+QVJlHTNceIqpj/iUFL56uBGLt3/NSTBuBgrokbXNHYUfl9DiOF5kqTzQ34VOLtxuAbSldtsrWwsgdacBmJC4qnGyaaFeJ0PC9cRSL0QIl9PCcXSSLOIHpCc5eC09rQB8SU5bXY9Yz179u8/J+nhYxs98p5dP+xEjw3PHyrTwolnzD77Z0m41TkNu2wAgTGbYMq07TVqTmVjT1gwy914yqR63oUg7Pbh9FOyeTKhMbrywU/lOZIgF68hdu26XNqH6EBJyKSm+7WDdwmv0idKQpHHTHHI0bHlcEXDy0UfTq5WYyVnarO1srGGxZ8N1AOtp95HhVBjHO+WRAljvEOlBAUG+XcqlMrhlFbrA9pXoiWO41DMjec2lVr9FbfTWtlg87gw4DUXP8mxQLSc5SQEn6vXp5sM5UNXLZII/1vStUIMzG/ndNLzTNcJojYZuK2M0ecBOnSV8qKEExZ8K6+2Vjbg9t5QMwgvRV8gWE18+477b5dkYz0OjeEJkh6UPIARGVsP2c9pMba0ra73j8059QLF5/8xySc61s7Qv1vb0LGI4LcFhZr2cey9oWPy51eIwBzKxrLvt0604+pGbEcq0BqQqxUFQ/GjJX2SJJIJuwigXivpycFTkraHp+iRQfF0bYuPBp5e7Bg5cqVQ+uSyycO1q1TYU2BOdQPc7a/vmNCLJX1NzkT9me0iMIeyYdPFiNIhWcFTV6GLlKmvTetp4eqD4TWGyafvRPc3V6UXJuHzfPgweHJ9TGVInIgt/BbbIVyfAnBvnQpMz/so2OcGIy6P5O6VNMeJd1HM5Dq57BiB3A1UEiJ7t8e1+Z0lGz/Q1hBbTRcuOe9z0uDkhDIlPqTvmz4OMycCFtY6FKUVytfikapFKHVdSb9jFGzOOOP47hVc/+lSDGmj0ZbwbloiMIeyYX7xKvWucH35YINJWyPnoe7g0r3ngW/7p2bYSLhenZ7UN+/rEw/S43v+SM7RtyV/Q8FQ5I3TQi2xJ6kxSoJYozslgyMUgNgll50iMJeyOVvS9wbMW1ylsHm8yVwJ+pabCgDYkY5dTchG/glJnAD6BIWTe2ojmTDy/MT2uGZ1JTfWtHMRmhB/GAexPPcY+dmIjgD7+lz7beQU/LWSCMy1+HhsyABHhtguxs7d9neojaGKj7wgAgI/T9Ljkoap4GhLkRzqF4oGvvWxwyBfJolAuFSGjm8IXlzViHy26Q9T9kdKG4E9C4+ay04RmLKZpkLWsqxLarTEY5IWqZ96zMegel4PKLh+0zgcKFJRKlGse7jLyMpzNdfLeglJFWA+/DtFUGA/H67NaajAlHb93XUhQDzaCTU37zE4rMGVIDm+tWtJaq/BBQ5FqRUS/SI/8thx9CkJ5namJFziUUjXwJh6B/M77CMoHdpJpVasCkoQQz2JpQhGbuxNXVHKY3Hx9/aFwIkh6x8HyakhReUtcyob65UixJ5rREyELLk0uK4JNrNC9HIaeAffSlcG9ZCxwCj3mx0vgDN1zm2f0fZiFSE2I05H9w5t2CTGGnlP6VWHbmvahIZg6c+uCwECYrkt8BniRHtCyHuDxB6TwMfnVDZAaU83JN/dtQK+JCbSthW8P3h0rJQ6XXW5qjmV4HH7etNh/FCnRN99EJRQhrbtrqxxPEjQVrg4AjkIQDXCDeHW4eFXh5g0zBR4mi8hcysbDKgQPcXrBacQ0gZKSld8DFeYaKC2fZWo+IBr+uYdE0h5em1umKVu6Js7wZBE4paQ9ESDouVqWdOdXmLc3sZ8CHxySEW5QTD0E1AKq+K54crNiZys/V6ZW9kwMHudqmGX4FrD9SZK/FB1UTSMiSmx4OYE/sXn/y54sfj/nNNNKU9UOkbSEB7shFTzfYoX3DOGXWwuhKkQAQ41CGRx3BTwLpLfmC1LUDYM1pZcLW0zsF4W+oJgm6A1cpdSeUcANrewmn2/y/5xjE+XcZBIyckOFjwrHEPhe4lSolxxenViniSFOvNd9kdm0w9iZ6Gm+v2D7YU9+fuSXhlOL9xCRstSlE1kzuNDR4RuH1P/mImmtaMBkpNOHyXEmKTBrhNNjCJGCZFr1ZXMOWQ+U9eKMT7QKLAap8gh8/Fnl4EAHiP2BZ8LBLsLlTOIXu/yio4e9dQNPLrjjhet27jUlYFuUkoJrko3PBIZO+Q61aVoiJ6FNCueGC4X8qQelbi6D+FHRjguRGSqYkjHODWmqOS6e1ttEYAG5bTASAA7Inl2nG4J/eAUA+9SFVmSsrGk2QSTAUiJ432qbGiTgDobZwPlA0dIKznY3CVwGaeLc+gq+KuSMFBHIdKYu6+9MqXtTYmyZoxnmTga2s6ZW5UN5402ReDTJN1EEgT4OD+oxYUR95eDM4AvnUt5jWqNcGmbLv0GRgtzpJsiHAuhpbTCyaXLZmOfyTlNdBFx5ZyK7CmOmkqQrx/KQeLOTFWHMZLarJyicwyK63iH9BmCMwlOxR3Nf/NFRtgEtdP5aZH03InW0pQNg7Ru4BKxLxi5MPxaQaOntA1c3VIP1aETRVc8De7AnMjbNPgPzxRXuyjwyFBXK8rYGBuqZGIvijIXFes6PqrrGyWk8TBE3jKEWxByQYAsX07YHsm1yyVoqz77JSobJm1PDNA9QPswRbooD2x78RSTngJ4Bl6X706IxDFkY3i2Qm2jBwwYJO3GFA0bg8NJB1oJy1M8hkYUAzgk6MQuRVnqeg+AbdePolyuHE4tROt+gqT/CXYXSPVfF/5/kSAtdfPZ2BtsGhQmmyq4mGP+T9pWVDZ9pN1Y6jkVREn5gFEQ0E0MSVzsi8lhLFzFrCdgTC2oNE8rncNUPP39+ghgx8PGwrUI5gIMuKQFEO+C1xZHBHtvFbJUZQN4BA3h80c4MXBymCKHAu5sDSue4+pxhaQz8pWeHn7HQmPAjpJjp0nH3pe0yUmOutlW2eCGZLPlShrzgxLE8+CybAS4ElEEgC9FTrOsOxH1nGheFCJ2lz2DA6NbsrKxVxWMxBiLpwpKBDuGFWwvN0t+13VNIkkULxP/plnkJJ9hVxkiXRw78BXfORBYpfajl4VrESTs5Fhx5SPJDS8aaQZ8yyFpwie/g8SLzG6XZSFwRUm3Ct4ieJG4BpE0zJcDSqYW7essKCxZ2QAI9ZBw3SGlIou5KhFFTEQu91xCsfuyzbtidFIKCD7k3KOHShcTH7E5eKYQ4h1QLDmC+xJjICHl5LBYcbLxHATbPMPJBaI1eIwIpjs52P7I9ufUXDovsM2sMntZurIhspEQe4Qs7XMy51Xqsa4UBLKiLePc2BgYKnNyQjopDJbNFqkl+NWQahB98y3hzSuF5d7aIZCTLzRO5MS58CWHG5qTNN4iYr1S6pNNYxSVDUz9GKI4tr1/YTOOp4u5PjiHDMtANcVbhh0FexQnLGIgUjlUZfLYMmHQxotXIjDyWF/+94sRQLHATw1VCt4iTqfwEHE9xhXdLIBuiQuCsrGGU2JE2KRjEhFrzg+FQ6xMbsXKkmM5ZFiONpaS/XW1xRgI6ovXvesHoyExRGlNqljHigjpWnW/a893De3D5YK3COcCNjFOMgiGfWxpzzSc0muYT/Uxomy6omAfmwSDVR/IkQ7iGAl8o0pCa+m6TkHNgBdqbsXMhudbFA8GWeTwi1CzyqUsAigTjPcofRRMtKdBFMUJEg8lXkSXHgRQNthC0soAPM714YxwDJwbwKhsShmJx8wHNzxKh3B/UiDuO6YRf2c1CGDIJa/sSyTB9hjlPZJ+Khjy08DO1UxujoFGmw0aGyY4DLKpQDZFhcc57/5R2ZRg0psDZ+9z2QhwOqS2GAT0KBg8RVEw5kIYRdwXXiOXkQik3ijiSyiYlpKBc2W4X7Cgj+xq0mtR2SzdezZpkv5yMwT40iJWiVQOrkR4jRDCGEgTwZiLciFS16UQAn0fXgxctsQI3U1hsZs63KhsSrDVTR2Lv78uBFAo7HNiWyB0x1OE/YXsZzyAROZyap/KLrAuVGYY7aGTQl84/ZjQ/ClTs94gv0ZNQXL775KYyOkc3hbCBvjCJLyAzGeuQ3yJYtB91VD+3O1DV3+Gx64lKUVBHFFJJr1js7RKb04D8bFx+t/bIsDeJRQCxYL7nyBJTi/YX1AoKBd+iB1bDM1CW4iW1dsxZcNo+8qMYDh+RIPp+MmmAcgr6OKygbvl9iG6mlgjFAxeU76Q4ATCtnjBCuayyyHmKBviN+BX6WK2q1VYzi6GVTYYqaHVdNk2Auw5KDuIZeHkAmUsJ5TrhQh39sA7Jb112zBsa3Y5yibOuCubmL+RCk9gWy3XuL1GtbYXbWu1lzcbbCzY4bgec0rB3oKSwfVMljtlW0lOhLmQgLmDRdCWNz0fkUVgiLLhvS6KBn5fM2/JRji7slnv/iVvCDoF4lmgU+A6FDl2CJTj5EI8F14hfrgeuWwIgaHKhqn35QqhcH6wggsR416kTXAO3XVsPjLWibhGweARstSkcQZk8HN6gUbEFcs61nXSKMcoGzrsyhXi9xjoTg8bqASLe5r1/OfB4zBp0v5yMQSwqUDeDtE7NAqHytGwdtBoEI2bEtAXG5A3tFwExiqbqHBQOvykklMGJQcVyIZsWv4Y4u+cfvyZwwigRDihQEUCpQY0lccEQneqgnJ6cVvLMbR28PcpyibC85QeflyuVfxQ2WBslT02OVne3PPjyYn7vks9BDDU3i6UQIb5L0dQKPC2PM3Qk+a858/sCIESyga4DnG+wKsK7wucuWTJYgzE64CQUQs7PAxm8IMg0CRA+kzcBLy+kD7j/oziKQtlNugpoSQI7IC5SoWe3x34jM+UBHeOiyOQhUApZUNn0Fti6IPQqabwwYBX1yUPAU6CELLDtUwRs6ECEwBJiR7TMhQ5f/4SCJRUNrFhjtKk6tcSlJqHn18aXU6L0CNA7sS/Q4VsZ7x9bwynl6Hv+/OOwEEEaigbOsRozDci3qSSQobuqSUbXFlblP4g6I0rJ6TrEHhRymWoUCmTKNzz56z9PHTQ/vy6EailbCIqxFcQb8EHg1wWPizUxIm0ldhjONqTSBerDGDD4diPPSCWcaG9s0PNpyFVJ9e8OgS8cQWivAsVES2hU868sINRmYKTCuVhnCo0BzV/phoCtZXN1IGjrMiHwVh80dTGFvg+ShXvDyH7CJSjKOYc13KcDvYrwvn/NmQ5Y2B3cQQWh8DSlc3iAMsYENHOXHU4yXFqO1HS1cNpDcL2MdceAiTPC6TaePeGVt/MGLY/4gjURcCVzWF8ud7F6x88zbC84ZYvLVx5KFiHxweKBBIQ+dc5b0sj7e3NhsCelQ3eG8LsqbnN9aW1cO0h/gi7lZ9UWqPv/TVHYMvKBvoCDMwYWh8eAtiaA2w6JFaF8H3Kr14450C8b0dgDgS2omwwqHJKIW/ntDmANH1izCZ8n0J/zho382J498tBYK3KhmxjYkyeOCOUpF5Q3A/7Ch4hL/sx42J418tHYK3KhuA+KA1qC2z8RNZiU4EiwbOXayPu7W8WgTUqGwroQVFaQrChkJX+tsDI31X3vEQ/3oYjsHsE1qZsbhHiTXIX7n2hRhDh+eeGjPPcd/05R8ARKIjAmpQNVJOE3Ud6CmD4aAiSw7uDtwduHVzKJVgCC8LsTTkCjsCalE1aodML1vn+dQRWhMD/Asi1dk3lc+0gAAAAAElFTkSuQmCC'),(66,25,101,'02/22/2019'),(66,25,102,'data:image/png;base64,iVBORw0KGgoAAAANSUhEUgAAAMgAAABSCAYAAAARpZu7AAAMuUlEQVR4Xu2dCfC31RTHv4miRqSJREWKFEqUoiEzRqJFZElMlpKxJVlmGmOZsbUga5ZBUSkajLEMyjK2ytJmJ6HIkERFlmI+4953jutZ7rM/z/93zsw77/v+fve599zvfc7v3rPe9dSd7ibpkZL2lHRXSbcMXf5Q0k2SbpT02fDZPSVtGf79FUm/l0S7zSVtLGmz8N1tJV0p6WZJv0hYZIztJO0r6W+S9pN0naSvSjpfEv3yuZMj0BmB9Tr28B5Jz+7YR93j14YGF0lCcB5Q88DPJZ0u6dV1Hfv3jkAdArkCwi//1yV9Q9JBodM3Szq6boAJv/+YpJdJ+uWEPPjQC0cgV0C+LGnvMNcnhuPUVMLBC89x7DxJV0i6WNIhhj+7JO+VdOTC18jZnxCBXAF5sqR3SrpDCa8/k/R6STcEnWF/SX8Ox68/SPpSeO7OktiNoO9Iuj7oDlEH2SB8h57CkYo/64fPLpOEvlO2I9DH8yS9KuHx4UEvmRBmH3qpCOQKCPPjF/tBBRN9zczO+4dJOsXw+a4gOEtdI+d7QgRyBeQ0SYcW8PmW8IuNFWlOxNELaxf0O0nsXE6OQGMEcgTkAkm7VfSM8o4l60eNRx/ugQ9Kerrp/iWS3jTccN7zWkWgSkC2lfT+AuX3Ukn3LQDk3pJ+PBOg0Jk+YnjBN4Iu4uQINEKgSkA+KukJSW9YsDCfcmy5U8FICNXljTgYrvG/Tdf4UjYdbijvea0iUCYg1qwb586R5dTwn6MknVQCCoKDh3xq+mYwR0c+dgpe+6n58vEXhECRgKTnd6aTmkoxx+Kx3mrGQmJ3ENjM0bcWtHTO6hgIpC8NDrczSo5VKT/ETV1dweQmIUZqjHmkY2DBwpIV6QeS7jMFIz7mshGwAkKc07ckcRSJFHWOslmyg/y6AgLMq+grY9MOiVXt25J2H5sJH2/5CFgBSWOrnpE43Mpmi85RJQS3k/SXkaEiLAY9KhIRw1bwR2bHh1sqAlFA0iNJU7Po9pJ+WgHC7UPoyVg4EXZiDQXuTR8L+TU2ThQQzLmYdSO1sfhsIemqCnyIr6r6vm9orZI+t3CYvufq/Q2EQBQQa9Yl6WiPluPtKAmFuIw2lPSPln03eYycEYIhI3lUbxP0vO06BIoEJFf3KIORneI3FRjfJmQZDrkMqQ7S9Mg4JG/e94IQiALCeZ1zO0TIOGf2LlQnJEPvJITFW48+0b0IvpMj0AiBKCD2vN5X/gR+EHJCyghn4z8bcZvfODXzYr5+cP7j3tIR+C8CUUB+YhKZsEjhJe+D8IP8tqKjobzbbubtY/W8j3UCYpX0vl9adI6/lmCN5exJA6yDm3kHAHUVu0QY0pepbwEBV0oBlR2nEBBrYu5jHdI5UTroHn107H2sFgIIQ2oSfaCk7w4AA2Nhet21oO8+j3Wxe8ayJYLQSzhKOjkC2Qjw0qbn9aGdahSRo+hbSn3vXGnIfl/Gh2xwveHyEYgvJSZRTKNQVz9IDiqvk3Rs0vBTkg7MeTizjYe7ZwLlzcoRmEpA4OhsSY9PWCNV9qweFizdFXFcxiIOPXTvXawKAkM5CnPwu3WoV5WWEupDV0jThR8iiQxDJ0egEQJFjsI3FBx/GnXaoDHjv03S880z3y8pCpHbbRp4SaG5u+c+7O0cAYtAFBD8FPgroGdKIu12THqfpMPNgG1DQ1D+CUy0x6m6pK8x5+ljLQyBIUNNmkKRCkkba5o1NjD+XAvbNcXG20+EQJGA7CPpCxPxQ/3f54axqelLQbpPZvJC1iC1uSIxB+bi5Ai0RgAB4YXkxYw0lKMwl0nr4MsttnChpF3MAAQnsntQw8vJEWiNAALCRTO2IvrUDrWmjssTJR2TINC307E1wP7gshHgRaIgnFXKsfhMfelM+tJzaU/RUYtQEj63SvnUAr7sN8K5/x8EigSEvAmOKFMSXv1Pm0okVJd/WsJQUXqvp9ZOuWprcOwiHWSMUJMcKF8o6a2mIUcvLuqE0gDLuehPOfPyNgtCoChYkVud7j+TOViPOAp3vP6tyCvexiw8k2k6G3NFICqzFHajsiI0JwGBHxt0iAPR3vsRcf2apIfOFWTna7kIRAGhNCfm3Uh3lIQfYg5Ud9X0cZLeEe5VnwO/zsMaQiAKSOoLmYseEqH+kySqM6YUj11raEl8KnNCIApIahEio9DuKFPynPppLC/u75hyZVZgbPuCcd0agYqR+qiP1QVCTL1kBcZELtsXV7290j3lXeD1Z3MQsALyWEmfMA/hC3nUBJXZYaGuhClHrsf5/ec5S+xtuiBgBYQzPrkZ1iGHgHy+ywANn8W/8fKCuxHpBqHAWnW/sKu4/tEQXG/eHIH0DJ/GQY11bcB+IZ6K8YvospAvQo3d4yW9NDTyionN19yfaIBAkZJrq4EQk8Uv9nUN+sxtSqotOSBFV0rbPvYPYSf2M2v6zY34zeXL2zkC6xAoEpDUatRn+DtHKCJvKez2iJp14MU/oiIuzDoQubznXr6ujkDfCBQJSHrM6upZp7+TA+MUZKijP0q6IBylqDpPIlQRkV5Lja1IYx0H6/j379cQAmV+BApOU3ga6iIgJDGRzNSF2EkuCdmF1ycdpfcqejxWF6T92f9DoExA3i3pyNCal3PnltgRO3VYy2eLHqO/E5Jd5QPJ3R9FOkuPLHhXq4RAmYBYJbiLV70sLL0rxjgxMfPGeDGrj2DpesrI9yF2nY8/P1MEygSEDMMYNdtFQJj2i8IVBzdKolgcf58qaaPwgvOSYy3bLfz/UEkES6J0VyneVGz/sCSEGYuYdXK+XRL5JE6OQCcEygTEmnqnvN8Pjzo5IPhJbKV2O2kuBT1D0saJgxGHJ5mITo5AawTKBMTmqc8ljZWd6GBJlBHNIY5dF0u6NlSwZ6f6TLg//VxJ60v6XE5H3mZ1EcgREI4/u88oPwT/CX84VuFk3KzD8mFGvjIICz8EH5KUWso6dO+PLh2BMgEhLotf363DBE+SdPRMJ4uewm6wlyT8LNTmjVVObpZ0ixZ8fy9Y8exd6y268UeWjkBVPsXHJVFuB8KU+qwFTRZHI0o/FH0jMWyeHfEASVsE48Gepi5x0RTx0mPyRhdzWjEEqgTEetQ5v1Mv64aF4EPJUqxbkeoSq7CaYT3D8VhFKP6nJ3nyC4HE2WyDQN2LY61ZxGjxa7wUsr6RJslft5L01LBrls2V4yam5JuWAobz2Q6BOgGxu8iU5t42s7Mlg9ryji7GjvHoEgaIBcPiN5cCF21w8mcqEKgTEB610b1LinWyF+n8K4TLlAU+5rwk1C8GizLifhPMx1OXbc2Zi7fJRCBHQFBu8azHZKaleKnTm6ba7iIplDgkMQkTzlJGlCL6Yrh2GjOy00IRyBEQpobPAa/0dmGecysLVAa/vUqBCOW79LxOVKBEUNBx4g1d6RDRQcnnv5L0sBDhvKkkogDY3bYNITg4Lrcs4JFdiT/8SMUdisBN+iAV2WkgBHIFhOFZHHaSMa+L7jrtN4Yc99jPThX5JV3HIglsG0nbh4t7sIzhR2LMoQjhI9uTqpiM59QzAk0EJAoJ95mzINeEUHaqsM+Vpr77ZJMgIBuaIyo7SNwFrg5Bm+wge4TPedGLdpE6jJuuZV1//r2kNqBitaFwAr+YLPRjBvxV7rpI6d0nc4krq5tXWrzCHrF4FsGjnjIJaTg8ETCCOp16RqCNgMDC1L/MuTDgzyAkPhIe9vRe9ty+vN0KItBWQIDqBaGOFv/GUvPiGVY65Ch4adAN4JMcEmK2rlrBtfYpt0Cgi4AwXHqE4eJMBGVORE0tjiCRPCV3Tqszc166CgjTS6ugkIGI4l7lVBsTForMoTNFmqMQj4mHj9UAgT4EhOHIy3htiJKNw2Onp8j0WRN7lzFLX55gspXfJ9LgLVnhpn0JSISQAtgISmr7x0FGKMY5E2F9RXIT7hxu8p0ICh+2CQJ9CwhjY4LcJ4SO2+uZI1945J8zcui8jeyFD78quslbssJthxCQCCehF9TeJc+iioYOHbdRvZGPIee9wq/T2pv6GC8KnmHioEiLrSOOQhSGO7sHUyzGg0NCRUY7LnnnfRazq5uTf79gBMYQkAgPDrrzGmLFfSCvkHS+pL+HZ6OXmb8pukAsEoLF0W7XkEZL/a2im6nogiIPhMk4OQK1CIwpIJEZHHW8+E0IHYIav4RVtIlTimMRjkFFRidHIAuBKQQkMrZB8E8clcVp90ZLSvbqPlvvoRcEphSQdAIciY4Nd4L0MjlJeNGxmuGT8Uy/vlBdoX7mJCAp7BRPIAScSiIcqwgZJ2ELQYoleFD8qbRCPayoc+DJR8egVNGZK7SWPtUBEPgPZuAUcRaNh2YAAAAASUVORK5CYII='),(66,25,103,'Jack Doe'),(66,26,104,'02/22/2019'),(66,26,105,'data:image/png;base64,iVBORw0KGgoAAAANSUhEUgAAAMgAAABiCAYAAAAV35wWAAAMzElEQVR4Xu2dB+wvRRHHP8SADYy0EEVpihqUICgIChEFRVSMiAUComLs2BEwKmgsWFAUg2CvaBQFUUAplkjLU1EsSBQbQY2RIhEFY8837MV9++7ut7+72/vt7c0kL//k/e52Z2f2e7szOzO7Hka5SGBz4IHA3sA9gXsDa4DbgKuBvwDfzoXZufCx3lwGmuk4BYb7AYcAOwEbR/ApsLwT+C1wNwNOhMR6PGIA6SG8yFcFgEuAS4GvOTD8AniI+xfZTOtjfwLeA7xjiMasjf9LwACSfjZ8y22b0vcEPwRe5LZmY/RXfB8GkLQq3gE4A9DfGLoCuAXYCtiU2ye8SFuxWPozcDLwxtgX7LlmCRhA0s0ObXleGdH8H4G3AFe1GOEC2DMd0DYAHuBskDbgPN2BM4IFe6RJAgaQNHNjETi0qnwXOBu4pgcL9weeA9wXOKimHa1CN/Vof/avGkCGnwJtNscJwBeAK4fvllOAFwftXgg8NkFfs2nSADKcquVy/QjwtJomLweOdt6s4Xpct6Xv13jGTMc9JG7C6yE871VtcQ4Djg+a+xDwCUAAGYOOAD4adKQtmHgw6iABA0gHoQWvbOMO7vyVQzaGziTklRqbdOK+kdepeJHBbtRBAgaQDkILXpFN4YPjvZHeq/4917cg966/kv0auE+qzkpv1wDSXcN7OCD44HhTBucPIUA0QtNzRz2b4NYV3IOBs9yZhPbvdaTwkfMBba8qygEc4uXZwMc9vhSztW3H+TH71wwg604B3037AeAlNbMkdOXmJMcQIApujD3Jnz0gQgHkpNhclHMw8DmPmZOAVwXMPQU4zR3yPSIXxh0fzwc+6PH0U2DHzHicDDsGkHpVfQU4wPupaSXJUdEC9Cs8xn7m8kxy5DV7ngwgzSoKjd0pnUr/1xuWQuwfn/1MzJRBA0i7YvyJpidl/OowLnfy+VYW4qNyZzhX/koHiKJd+6SpfhV4YqA8eYTkGcqVlIilkJOKDCA9NFUSQGRcKx5qO+AZwJ2BLQBl7ynqtQvprOOy4EWFbTS5f7v0MfQ7+ijIy+ZTSXoeWl6t7U1ZcIp/2tPtr+sCBP2BH+PCQboIVx4heYYqus4lNHVpa4x3whXE3Lw9pD4VgChUYi8HBlX/WCbDTuLpAxCBT+EkPqn6iLxDOZK5eQfUSu4A0ddQX3D97Up9tlhVn6GxnsupeZ1MQu+buXm7zpyMY3TkllSG3DIeo4uBO7pDvltdJK2iWvsY6ZVow5Pz3A1fH9BTOsPpMZXTvJrbCqI4qMMbomGvB1TeRn/XB84DfuwqeOj/UtI+wEVeB98BHpmyw55t+wAR34/p2d5sX88FIEo2Uv6EKgrWkc4fFO6h4MBFgYSplOmvIv90Bd9ydPeGRvofgC1TCaX0dlcFkCcDuzt3rB8R68tb5WtU1MB3qfqTdOxMOVU//KzHYK7uXnPzDojaMQGiiFIVFtA26u4tY/idSxvVPj+0H8JAwrGNZa1kipatSPFa5wyojyGa0gfnN15DFu7eQ6pjAES5E3I9vnoBnwKDJtu7FzwXBhKOWf8pPDjMMZ1VLvFfejLUSrxJjzky61dTAkRL/aOBN9RIWLnaKmgg5cnAXtbT5Buhel+emrEqCao6iV8DV7aRImhzodDNqxVZleKNOkggBUDu6rZRqhYYHuipeuBxwJkdeA1fCXPBx1xJ/PI6qowoe+raAcY0RBPhwaaqOypP3qiDBIYEiJZ2lcdUoTJtRUJ6X5Cn0IHdtV6RLVPVrtUPN7rUUtW2TU3hV1rbwqNSdxrZfhgasx9wQeS79lgggRiAaEuxM7AZcA9AK4QMP9kWTW5Zv5uUh2ry8euMoiK5gJXtl5rkZNAW0Y8B08fhM6k7XtD+oTU8KERH1y8YdZBAE0DkcdKW5ak9stFkKGpvLvsgFWnLFuZbx4B+CH6q4g6Vm1ormD4iq6QwJEbh+k9aJUNT7zucTPoi6kvop5suO8Yvu/MCeXhSU3g2of7GdL3mcjayr7MzFETp05h2WWpdr6R9AaS6AUkMKFK2K2nLcWqiwsxNPInfnwdXl8nDdGzXQXR4T+N+nvfegYA+EmPRkcD7azr7tAvbGYuPIvsRQNqqkd/gtg0qZ3muc8veBVAwYBX/VHegN6awlCuuL2hFq4g90lUGuzoGJA+B5ObEQtjQHQjWbevkRle0gly8Rj0kIIBUJWx+74qhSbgCjcAxBQpPt1cRexTmYKQ+4Q9rX/l6kl2mVWXZs6Up6Hp0HscyaFMOLJdSm/65jCbpgxIMWifiX2pJGDvdVZlP0PU8mywBILmU2gwP6IZ2++rQVRfk1KUXq0C1bI6xoglmgxYDyLCq9ou2ye0rF/Bfe3ahNrQyPLyhHW3ndHGP2Rs9BV33egkACb/cJwKvSSCrmCZVSMK/c7CvLfJcN/mb+u7bfsyYZv1MCQCRq1eZhhXJxesHE46tYN8m0lddYTfLft0Fel0Eeq8G5mXjCDxrxh7c3PorASBhePeqD8fChKVYfgR0VZJXobq2IhW2aoyI0hIAInH5IRb68i7KPUktYv9saVH+ugD1uAXZleJXMXHfM/dtatWt3X4pAFGJ/yrMIvaLnVLSvmdN+eu71UQYKA9f2yT9psNXszNSaqRj26UAxP9iq1Dzqg/JdF4hL1ZFH3ORB393rtpFIT2yLZQzoxP6VY+l49Qq47VSAKIogCr0Ppc9epiX0TZjbnKOhm+6vP1cqzaWMeuXGEUpAPFtkFwAUlf4OlSNVoe3uxCfJdRmj44lgVIAoioeVV7G2OWAmnQlu+JSl35cPaPcmB+5ivO2dRprlvfopxSA6Byk2tfnYKRXKgnDYHQNg2oFG01EAqUAJDc3b6V+5drI2JaHLWXq8USm2/TYLAUgubl5w5nQ96ar6c2sQjguBSC5uXkLmR42jFIA4tepeoGrOGLaNQn0lkApAMnRzdtbOdbA6iVQCkBydPOuXrvGQW8JlAIQ1fitKsbnViu3t5KsgdVJoASAhOHlOUTzrk6j1vOgEigBIBKIv8WyO/kGnSLzbqxEgOR689O8Z9pER18KQMLid6WMa6LTqhy2S5lIYdHmUsZVzkyb6EhKmEihka5gQAUFGpkEekugBIC8FnibJwnld5/fWzLWgEkAKAEgvgdLSt0UUIaekUmgtwSmDpAQHGNffdBbAdZA3hKYMkB0P6FueapIp+mqVG+ZennPuUlxN0WAKLVWVx6EN+jmUM1kUso3ZhdLYEoAETBUPkdZelsGQ1MFkRcuHq49YRJYTgKpAaKvvG7ErYzn7VzuuIxo3S9erQJ65t/Add7/6XLOjV3hg60AFWOoI7M7ltO5Pb2EBIYCiG5SPQ64k7smWiyocFpbjdkl2Gx81PK8l5Oi9L2Lu0rhCYCuiNb1DFss18x8nh4KIKe4ioFjSU4rjS6ufNdYHU60nzsAAoIuGVVR7DpSRRgDSINwhgKIbj4SSFKTTsk/DOgOEKN1JbC+q/er24bb6Grg9cAlwdURJtNAAkMBRLVo9we2B7Z2ffzDGdSVDXKtsz90dqGbWXXZpt4TbeTuwvibZ2soKldXG/zEiq01zlt9+XWXyPFOpm0TXHco6iaqbwD/MSTESWAogMT1Zk8NIQE5Nt7aciWb38fQ9yQOwf+k2jCA5K8ubZteFrmtPBsQKG7Jf1jT4NAAkqeeVInxGHelc5uOfuDuRL88z2FMnysDSB46lA22D3A4cGALS7Lr5E6Xo8ICMkfQnQFkBCE3dPEwYD9Ahe6qu03qHtUqodXkotWxOt+eDSDj6n5bd020zieawHA9cJaLN9OKYbRCCRhA0gtfd6d/EdippavPu4t0dHdImD6cnkProVECBpDhJ0d1ev06d0FnUw+KAlAm5M3Ds2AtDiUBA8hQkoQdgU8FOSph678CjgB0NbTRBCRgAOmuJHme9nXnDm2eJxnZLwUu696VvbkqCRhA4iW/M3A0cHDEKwrBfzOg0BmjCUvAANKsPK0QuwEnALu26FjnEdcAih37JHDbhOeDsR5IwACytkCUHyHjWucTi+gK4FhAd5tb8N8iaU30dwPI7UlD2jo15UuEqj3MnVPcOlGdG9tLSGCOAJFhvSewe+RKIXEqvEN2hR3cLTG5Snh0DgBRvoQO6w4A9ohUmlaHlzu74l+R79hjBUqgRIBs6GrzChDPAlQNZRHpGmm5YRXzZAd3i6Q1o99LAshDAV2/dkik/s4Avu4O92yViBTa3B4rASDKsDvKFSeI0Z/csQLHeTEP2zPzlsBUASK7QiWFFLaxeaQKTwIUFLgm8nl7zCQwqeruqqioKhyiWFDojOIc55atikeY2k0C0RKY0goSXrNWN0iFdggUZzqjW2WCjEwCnSXwP2+VA4FmHLG1AAAAAElFTkSuQmCC'),(66,26,106,'Jack Doe'),(67,15,70,'data:image/png;base64,iVBORw0KGgoAAAANSUhEUgAAAMgAAABCCAYAAAASc5kgAAAG90lEQVR4Xu1dCchmUxg2ZF9SssREiOyJkqz/ZI1s2SNMQrYsQwgZyRLZI1t8o7E0MoQi6yBbsmUPQw2KSCjMWJ9H/6njdb7vu/d+59x77v2eU2//ufee877ved7v+e+9Z7tTFiue1kHRlSDvFq+ikkKg3QhMGeL+VFxfECizEOe2hrzf7ubLeyEwGIFBBFkTVb8aAuA8XD8U8q2AFgJdRGAQQf4u2eADUX5uyToqLgSyRqAfQc6F15cHPHfl18a1SyBHBcpMx7le1q2Wc0KgIAL9CBK6eywJnX8E9J6EczcFzpNk10IWFfRFxYRAdgiECLIivPzJeHoljs8Z4j3vJrMCZe7CuRmQH7JrvRwSAkMQCBHkKtQ5y9RbFse/FURzb5R7LFCWj2wXQX4vqEfFhEDjCIQIEnq8GtYdHGrI9jj5PGQJc/EyHF8B+bnx1ssBIVDhDhKLIM70RsjMgWxufNkLx48rQkIgZwTsnYH/7e2L+HuBH3eVNpEgr0OW9ir/ivzOk+er6FQdIZAUAUuQjWHtA2PxSBzfE9GLadDFF3dOXXGJRNkGQjIqCYFsELAEOROeXW28Wx/H8xN4vD90PmT0fopjjsy/mcCeVAqB0ghYgvAHSkL4aXEclB1VL+PI4Sh8r6lwAY4vLaNEZYVACgQsQWK/oBf1eS0UPAFyoalwPo6vg/xSVJHKCYGYCORCENemlZGZDeFYip84c1iPXTEjL12FEMiNIM7p1ZB5FMIXd5fum7zLaPykUGhVKAYCPkG4GOpHo5SLo7aIYaiijoNQ7wFT93ocn15Rn6oJgVII+ATZDTWfNLUvxvHMUhrjF14dKo+A2N61fXGOU1pSdiDEb400tgoBnyA3wvNTjPccBf84kxZxELMH4biMS1zRuB/ks0x8lBsdQ8AnyBdomz94x6YuB+EgXk4pdKc7Dg7ekZOT8qUbCPgEaaqLtwqSJC5nHXMtikscw9kd8nkVhaojBEIItJUgri0bIPMihO8pLnHchNPq7ZoW/QKEQGkEHEE2QU27Q8k7OLdlaY31V+C7Ce8kNxjTnG7/cv3uyGKXEHAECb2gx56kmBq3VWGgB+E0epceRuYYiO2+Tu2L9HcEAUeQ0PtHmVWEOcGxB5x5wjh0AI5JFiUhUAqBQQSpsoqwlPGEhTkSz2XDZ3s2nkKeWxNpJD4h8F1TTRLsCHnBNIw9Qet1oLF8D3kasozXlpORvxXyZwfapyYkRoAE4SzaW4wdTvF4MLHtOtVzHfx5nsHvkd8B8lGdTshW+xAgQWZC2C3qErcR9btN29eqsMfb4fRL5tKxOL6zKw1UO+IjQII8B5nwVHMB0/3xTWWhkY9a3OPrVM8bTqXZCaL9hbMIUV5OhAjS5pfzouhuioJ2/fvxOHd7UQUqNx4IkAyPQPaZbG4Pf6ePR9P/nWdmp6uQNLybaBfIMfkRDGsmCcJ9dd2cppuRZy/POKXN0NhXIct7jeY/iVkQTaUfp19CoK0kCB8t2O3JlMP6j6ZCYnu63oYje0K+acoh2W0eAduLNc4EYTSmQZ41YWHv1yvNh0oeNIGACPJ/1FfAKa6Hn/Au8dHzNEjo8w9NxE02a0JABOkP9GG4xI0i/JRqE72awi0zZREQQQYjFloGwEVZnNelNAYIkCC7egFn/pkxaHeZJnKz7bshh3iVbkOePX+az1UGyRaWJUEmIBxNZ+JL6rwWtqMOl7k5hD9lnh8U4iPX13UYl41mEHCj5ty5kOmNZtxojdXQCDz3DeP+YUodRGAcppXEDhsXkvEdhFPpXeLAYi+2IelrHgERpHoMuLsjv+LrEpcMnFhdnWrmiIAIMlpU7HvJl1DHni+tWhwN12xqiyCjhyLUFcxzH46uWhqaRkAEiROBqVCzwKjSJxviYNuoFhEkHvxrQBUXX3GXfJdmIHNNPBPSVDcCIkh8xOdCJbcZconzuLiC8a/4pqQxNQIiSBqEOYeLc7lceg2ZbdOYktaUCIgg6dA9wzxe8RvxJInuJOkwj65ZBIkO6X8UHo2jnjEhzNNiHlW7ghUVzqCy0GfkOAFyUXrTsjAqAiLIqAgWq38wis3xir6F/FbFqqpUkwiIIPWhz69gcZq8S1zGy+W8ShkjIILUGxzO1+JWry7xw6TcZFspUwREkPoDY7cSYs8Wu4GVMkRABKk/KEvB5EJjVnGoPw6FLCowhWCKXmhdaJzvaf0E+Q2jW5HCkREQQUaGsLICfhbOn7elWFSGMl1FBSUdtsM020ctxWIYYg1cV1AaAN0z6b+wKxbNxiJoXUFpLiirwPR3nnnForlY9LWsoNQblF1gjt9MDCXFot5YFLKmoBSCKVqhQZ9TUCyiwRxPkYISD8simvoRhF8U5peFlTJD4B9+49lD18DhqQAAAABJRU5ErkJggg=='),(67,15,71,'tech lead'),(67,15,72,'25022019'),(67,15,73,'rapid'),(68,15,69,'data:image/png;base64,iVBORw0KGgoAAAANSUhEUgAAAOoAAACACAYAAAAF+/VyAAAOq0lEQVR4Xu1da8wkRRVdwntRUGDlFeVDQAQBBdTVsIZBJEEeAooYI48PIZAg+ERQF2F88HQRBURBYL+I6w+IKGBwFcRBIht5qKu8hAXWiAiLIIjssmRFz5EqUzv7zTfdMzXdt6rPTU66Z6a66t5z+05XVddjtWn1y25QYSbwGqfKEne+Bo5/B3YEXgBeBbwSWA9YB1gf2AjY0H1+EMcfAvcBzwC3AM/Wb540EAPDM7Da8FmUzmEHXHEosAfQKn314Be0cemNwCKAfwYSMZAMA1UF6pFg5LXAW4EDjbBztwvcb+PIp7FEDJhlYJSB+mpY/XHgg8Cb+jBwF35/zqVhtXWhO/8TjqwCs5q7OrCmO74Cx7WBdQFWiTcAWD3eBdi2JNssj3n8ygXsUhzvAK4DVHUuSaaSj4aBUQVqC+qeD7xlCrU7+I3tyKuAe0dj3kq5bodPM4CdgMOALYFNgL8BfNr3kmVOxzNxfKACPVWEGFiFgdiBys6efdyN3V3YY/hiAXARwCC1JGtBmXcA7wZOANhJ1UvYzh0HaI9EDFTCQMxAbbkgPaVLc1Yhbwa+AyyvxKo4hWyPbA4HPt8juz/g+/cDD8UpTrmIgd4MxAhUVic/BnwWmN5VVBufv5SJA/aFHfMAtme75aP44kpgRSa2ygxjDMQI1F/CplaXXaziso16tTF7Y6nzVWQ0e5LMPoLvfhCrEOUjBjwDwwQqg/N9wKe66ORT5zKg0wCad4eN3wD42imUY/Dh8gbYLxMrYmDQQGWQHg/w1YuXe3DCam6uT9GpXMJONL4rvhB4EmBzgHIqMB/g6yeJGBiYgUEClUF6LvC2oFRWcz89sBZ5XXg6zBkDxgOzLsX5cXmZKWuqZGCQQL0ACp4YKMkn6MVAp0rFEynrBuj53kBXDp1sYo0jEXfZVbNsoLKqywEKXn6Gk7MVpFM6uIVf5wCcfEDhH9qedm8JaWaRgTKB+k4YcFtghJ6k5TzaRnJWiymLgaP0B1eOwCanLhOo14Cogx1ZDNKT3Q3XZP7K2r4NLuBQRN8Jdx7OTyqbidI3j4GigdoCNXxfSmGvJgc4qK01+P3SxqX+6fobnHPsMaffScTApAwUCVQ+BcJpYHvj803ic2gGjkUOlwS5sN3aGTpXZZAlA0UCNRx5dD1Y4CAHSRwGOIHhp0FWfA/Np61EDKzEQL9AbSG1r/Lywq2AxeIwKgNc8eIKgMvRUDqAeoWjUpx+Zv0ClcPgOOCcwnelbJtKRsPA95EtxwpT2P73GE1pyjUpBqYKVE60vj+wRk/T0bu2+z21qsKj5zyJEqYK1DYs8D2TumGqc2cLRYXNDXUyVce92ZKmCtT/OK2fxpFLdnLJEkk1DIR/knxtU3YdqGq0VCmVMdArUPeHBuzhpUwAHEUjqZYBDjm80xXJ2TfdU+mq1Ual1cpAr0C9FVrNcpqp6lWfi8I2K8cLcxUNSQMZ6BWovtrLBby2aCAvlkzm6v9cm4nCXnf2vksaxsBkgdoGB+pEsnUjcCE1LnNK4RrJVSyvaouBhmszWaByWBuHt1G2Bh5uOEcWzKcfwrHA/d5/W9BZOkRkYDKH+2ovB9/7jZsiFqmsBmRgHNfNddd2cNTopQGJTPGy7kANbwaNRLLnUU7a91PkuLQLl3iRNICB7kANB+Crt9fmDeBrPFxMjoP6H7WpprSKyUB3oPqbgGWoHRST6Xh5tZCVH7mkEWPxeDWdUxiM4Q2gNpBpt/1v3SpfBeaoJU06t+2vobXrFaisUnHhMoldBnzth7NsuLqhJGMGwkDlaoJ+gye1T+07PZwWx71ouc+rJFMGwkDlrmsHODs5xU17gdp2OveeZVuVm1ZxWxFurSHJlIEwUNWRlJ6Tw8Ep3N+VC6VJMmTAB2rL/TvTxA6gl+lpOHtnqLnQqcod5r6YhtrSsiwDPlDbuFDje8uyZyO932KE84bfBWgcsA2/RNXCB+o5yJULalM471G7j0WleaSZcW8bjiIbc09UPlklmTHgA/UR52iax/G9HOcrSYeB8L3q5lBbq3Gk47tCmvpAVUdSIbrMJtoMmnHuMEVrL5t10+CKKVAH587alVwb2C+ZwzWuOBZYkgkDDNQxgFVfika5pOtYNlmeCNTXWO10fbmK5nRmC/CDvDs416uZdB0czn46GmbwKSvJgAEGahvQq5kMnAkTup+qq+O7l/IwrdlWMFDfA9zoaOD5L5pNSfLWs/lyiLNCHUvJu/NlAxioZwBfcPZwn855mdjWVDPWgeHLAuM3xvlTTSUjF7sZqGG7RhOR8/DskTBjIjBFHUuJ+1WBmrgDp1A/fDeu2VCJ+5mBGjpU81ATd2igPjecvtZ9ZlV4ej6mNc8SBWrePg//hDl66fG8zc3XOgZqOM53K3xenK+5jbOMCwFwQQAKZ9VwlX1JggwwULljGHcOo2jmTIJO7KNy+FRdG2lfzM/E/C3qfqKqjZqfz/eCSTc5s/ga7qz8TMzfou42ql7P5OlzzY5K3K8K1MQdWFD9E5DuQpd2Vxx/V/A6JTPCgALViCNGrAbH/K5wZXwXR79b34iLVfaxGOge8NBBxpo9E4tdW/l8AuqcD7AavD7wvC31pM1UDDBQLwM4JYpyOXCMKMuSgfVg1b+cZdzB/EdZWpmpUQzUa4CDnX234zgzU1tl1rSV9qzR+N+E7gg6ix0LXHXdixyYkANLqspmzc3umhaOt5S8XslrYqC7M4lq6F1qTc6ooFj6208kfxjnW1dQpoqIwMBkgap3qRGINZzFXOg27vRju3WpYV2lmmNAgdq8W2FTmOzX/f0kzr/ZPArSs5iBugSYEaj+a5zPSs8UaVyCAY1UKkGWhaQM1HBHMK+TOpQseGd0OsxB1p9x2XPpluWjK0o5x2CAAcm9Nb/eldlp+PyVGAUoD5MMvB5aPeQ0uwjHE01qKaX+z4B/coZVIf7I7RG2EE9ZM6Dqb0Lu9YF6A3TmrmChcNLxTxKyRaqWY4BbXuzgLlFTpxx3laf2DmqhZL9avldi/iTBW7mCKnBkDITrOWvxs5HRHCfj8J90AbLk9vLdsje+8BOP45SqXKww4Ku/rDmxBiUxykB3lYcO228SXbVEi1EHDqmW2qlDEljV5b3aJlxq8gPAEU4RBWpVHqm2HO4yz93mKWsA/662eJVWlIF+nQgtl1GnaIZKlxQDG0Jbv90FJ2YsTEr7BinbL1AbREVjTeXKD1wBYjZwZmNZMG64AtW4gypQjxPIDwK4ix97giUGGVCgGnRKxSpxlNKDAJ+sXKJFwwkrdkCR4hSoRVjKO024TaM6DY36WoFq1DEVq3UHymOQXgV8qOKyVVwBBhSoBUhqQBIuFsCJGBTdEwYdLqcYdEoNKnHzqLtduVyehcu0SAwxoEA15IyaVfGjlE6HHl+uWRcV38WAAlW3hGdAwwkN3wsKVMPOqVi1b6G849VOrZj1gsUpUAsS1YBkb4SN9zk7X4fjXxpgczImKlCTcVUlivrq73ko7aRKSlQhhRhQoBaiqTGJ1E416moFqlHH1KTWIyh3TO3UmtifolgFqj2f1KkRq7tfcwpofmqdnugqW4FqyBkGVOHKk486PfbC0W8oZUC1ZqugQG22/yez3rdTNe7X0L2hQDXkDCOqvAg91gSWAdON6NR4NRSojb8FViHgAnzDlfP/AXCpFokBBhSoBpxgTIVtoA8nklN0fxhxjhxhxBHG1GA79UlgHOAuCpKaGVCg1uwAo8X796mnQL9zjerYKLUUqI1yd2Fjub1JC+gAexa+SglHxoACdWTUJp1xG9pzXipF94gBV8oJBpxgUAU+Tf2mYXyi8skqqZEBBWqN5Bsuegy6sZ1KORC4zrCujVBNgdoINw9k5J24ajeAC5+1B8pBF0VjQIEajcrsMlKHkiGXKlANOcOYKgpUQw5RoBpyhjFVWN1Vz68RpyhQjTjCoBphoKrnt2YHKVBrdoDh4mdBt1udflyg+17DumavmgI1excPbOAmuPJxd7U2jxqYxjgXKlDj8JhjLmMwyr9LPRTnV+doZCo2KVBT8VT1eoaBehyKv7R6FbIrketQzQRYW9kfYPNiKTAD2Dywlt+tBTA9ZbkCNbt7IZpBLeTkhxEqUPvTyn1mOUBkF2BfF5DRJt4rUPs7oKkpuL0Ft7mgHAVMNJUIZ/fOOL4d2BVYF9gd2HYEnFyLPLlf7c8BzgnmU3WRAnUETGeS5dmwg/NRKecAn8vErl5mjOGHFsDjli7RTjjyKRlTuL3lPOB+4HbgsSKZK1CLsNTMNCe7AKX1uU0g5x6wfDruB2wMbAq8OYKbf4w8ngC4KgbXnFoMRNnDR4EawTuZZnEs7LrE2XYEjlcmaicHa8wGuE5xL/krfngG4Ltiduywh5sdOgy0lruI50zzT/d9pZs9K1ATvfsqUHsuyhh35aTURuVOdPyD2acAR/cgDafwnQE8XyB9bUkUqLVRb77gMFAt9/puBCap36kAO3n6yZ+R4CyAnTZ+QEe/a2r/XYFauwvMKsAnzQFOO2tzUvmO8cPAREH2OBTyIODpgunNJVOgmnOJGYVYFfQr5bOKuGPNmrGzh5tYHVZQj98j3dHAbwumN51MgWraPbUqx9cGmzkNuCD3GyrWhn8MY8AcYLuCZV/sgpnbcWQlCtSs3BnVmAeQm3+hz3d+20fNffLM+M6S1e1DAM7Y6SeLkICvkdjefKlf4pR/V6Cm7L3R6h7uPs6SYt4rLaf6Bjg+C7C9yddB/WQFEpwG8D3lwn6Jc/o9Jvk58SJbpk0rG6gMviUAj3wHOQbsAfDJzCo0n5SLgaeAIqN9GIiswrL3+Y/AgiY7RYHaZO/3tp3B5gfk+1Tfc98xACkMQnbwPAdwIADHwg4r1yMDjuS5Arhr2Mxyul6BmpM349rC0Trh1Ku4ub9cfeWTcr4LdPbSSnowoEDVrdGLgcPxA5+isaSDjDgb5DaAQcnPkoIMKFALEtXQZOEMml4UvIAf2Dbl0L0Jl4jtSf80ZkAqKIe8gf4LQpP/h3WWL1gAAAAASUVORK5CYII='),(68,15,70,'data:image/png;base64,iVBORw0KGgoAAAANSUhEUgAAAMgAAABBCAYAAACU5+uOAAAIDElEQVR4Xu2deeilUxjHDRIy1uzbbzCyjT1blosSWbJkCeUnImSLEMlVspRItobkJyMyf6ARo8i1R0TMWLJ0szPZhiET8f3oHJ1O772/O/d333vPe97nqaf3ve9yzvN83/O973vOec4505YrloYO3yN9T7pY+pR0vvTXDtfbYUMgSwSmFXh1lI49UXC8rWOXSedmiYQ5ZQgUIFBEkAW6bvsuaLV07jjpj4aoIZA7AjFB1pLDH0nXlS6V/iRdvwAE3iJec8fI/KsxAjFBIMb3Do+F2u4g3VN6mPSaCCfO3ye9tcb4meuZIxATpCF/nw98Ds8fr+OPFuBxuY69IW1ljpW5V0MEuhHkWuHRjDDhTXKXdCw6/pt+3yzlHhNDIBsEYoI8Lc8Odd4d2OGtsLWOz5bytimSTXXwy2wQMkdqjUBMkDeFxm4OkZnaftIFnft1brzD+dd1fK9aI2vOZ4FASBDeCL7+8UzwJunm6EU62a2SflCQZhaAmRP1QiAkyFnu0wkEiuofnZDZWCfekhY1B3PPIulG0r/qBa15mwMCIUHCT6YT5Nyy9JiTzplSwlM6yf468VIOoJkP9UEgJAj9H/SDIEU97L2gsoku+qLLhQ/r3Mm9JGTXGAIpIBAS4Z/AoH4J4pOYrG6yqi78IwUAzAZDoBsCngizdNG77sJ52hKwOFWZ7G2yrTL4cKqZ2P2GQJkIeIJsp0wIHUFOl04MMNNzldadHdKjYeDeAeZlSRkCA0XAE+RGpUrICNKpg3AqGa+hmz+Xrl6QyBIdo3ORwEgTQyApBDxBbpFVFzvLZmjbLsnK6Ur3KynbUIgcJjDy45LytWQNgb4Q8AShg7AhpWmXJt6yBTIQCbxHlNGF+k1dqFW2AZa+IdALAjFBmrppmAGHGyq/26UMwPLymXbOkNL5aEN8e3mKdk1pCHiC8NlDb/furmCWlmGHhIsCIIkaflb62LCNsfwMAY+AJ4jvAymjgr4saDM4i4FZhNV7eVw7NCIQAGliCAwVAQgSNvGWWUFfFsfCuDB/H2EskIWQfBNDYCgI+DcIYe4In1ipSEOGoOFQX5qCmXGFkY1GlFSeVMZ2QJAVpD7SdkXt/52gv3McWYgc9kLl/jbppwnaayZlggAE2Vn6tvNnJ219yElqLm4lg06T0jO/dmDchPYfkLZSM9jsqT4CEORgKa1FyAHSFxN3izrT1dKTIjsf0e/XHMGNLIk/xKqYB0EIP3/IGXyMtlSEqyC8UU6VxtMRYTt9OXyWdRsyXAUfzcYRIwBBKGBNZ8eV2t4wYpv6yR77efs1optH1a/Tjw92T4IIQBA65M5xtt2h7fkJ2tmrSUfrwuuk4dSpE+6N0u41EbvOEPAIQBCGwe7rDvANv0/F4WEcyiVSBm15IWzlUmmr4r6Z+UNGAIL8IPWtQozyY7RfDsL0Rb5/x/sD+fkTMDEEekIAgoRDbblpqsNte8p4SBftrXxeDfKite5Eqc1MP6QHUPVscieIfz7hn8CEDjJq0sQQmBSBuhAkju2iidh64CctHnZBXQiyph410xGt5h45naE0C5sYAl0RqAtBACFsrWMg1o7StpUPQ6AbAnUiyLiAYPZIL2drp9tMkFZyDIH/Wqxo0WHpNS/Laydu2coBKkYtsrycl5Z2GCBmYgh0RACCPCglpsnLytr5M1PMGEfCSlleqJv8kqmv5tYAEIAg50kJMfHCmIuvB5B2ikk0ZVQY3GixWik+pYRsgiCs4fFcYBPjwllzMEeJ11kk6hfSmBgChQhAkM2l7eAsnWgTmeLVkF/hIqVGkEwf9KDcgiCrSH8PErxe+1cNKoPE0jGCJPZAUjfHx12FrVZPyugjUze8T/vC4cUkYU29fQJZl9uKCJL7Apzhn0FLD9qaeutS2vvws4ggLOHMbOu5SkiQd+TkLrk6an5NHQFPEMZI+GWbv9P+BlNPOtkUPpBl2zjrXtZ2v2QtNcNGjoAnCPWOwwNrZmi/PXLryjGAyRxOcUnP1zac5rScHC3VyiLgCeKXP/CO5Nz8yWpXzK3lJacBYpUtiKka7gtHHILRksG5Vl7jzkIjSKqlMwG7fOFoypZ4fik6EFk2LTeJx6obQXJ7wgP0xxcOVrVlUuhQ7o4+RQaY7UiTit+WRpCRPo60Mw8LR1GIe26FZ0yPg7izLawOknbBTMW6kACzZRRjt0Ohj4C+ghyE5d6YDT4Md1+k3+vl4Jz5UA4CIUGKFq1hrMQCKfNmMfkaofGLyzGl1FQvcOQPZ1wkw5xb60oFtC6JhwRpyOkw0rUIgyt08KaKgMMIwmOl1K+YHysWI0dFHuQozYzrGIwkXGkSg1KulzDt6K5SZqkf7+KHkWOUpa5CeceFneUCtozsp6l3s+DYQu2zljorUYVjvFm3w3/Ps/++dLqUZtVQ2vqBNqLjpAs5Z0pZyOdnd37MXb9UW+oRpMn9yLjbfqstw2cZLjyZGDkmQ8jO/49ATJBwKQQuakopUHHnmk+ASu4SKUu4MRlbysIs9tShTAyBnhEo+lxiCbZZLoVwzHZDxyAQ2yrJPBlLJb1dJaPN1jQQKCJIGJdFuEkrMvUI/Wa5BKYKOsSd4y3yipSK8QuuMFIg+/3Eohffy7hLj1no15GOFUBHiD6fZyijI7+REoDZTANms6KqCBQRhMnVKJQIzaLUJVKShiMMyzSkZltKOJktA0CgiCCQw89ASGV87gDysSQMgUoiUEQQ/qF9f0jRJ1YlHTWjDYF+EPgXRDQmUczr2QsAAAAASUVORK5CYII='),(68,15,71,'jjj'),(68,15,72,'jjj'),(68,15,73,'jjj'),(68,16,74,'yjtu'),(68,16,75,'data:image/png;base64,iVBORw0KGgoAAAANSUhEUgAAAMgAAAB0CAYAAADAUH2QAAAOP0lEQVR4Xu2dB5BlRRWGd1WSIGumFJRZxEQUUIKgjKIgQRHM6Ba7iKCAuQqtgpJZLSUrIEGSrFkRDIgkUR+SFVBEBAvEQVBUDCgZBf0/6C7au/fNvHBDd99zqv5679254fTf/c/teHruHLO2GVhNDqwp3C9sJTxO2FK4XXiTc47v3xaeJ1wgnC5c07bjXXj+3C4kMpI0riM/3iisLGwgLCdsNqZv07r+POEe4UnCEqE35j3t8oABE0i9xWE93X5n4YB6H7PU3b+pI+AMgTeT2YgMmEBGJG6Wy7bV38EC4Ykl5/KfH7tQWF74tfvP/2R9/t39jXMm3Pen6ZM3xNvc7yfoc6MBXL9K5xwvnDDAuXZKCQMmkGqLBQX6cIG3Rmi0Ifx/9b84QYz75EknIJ5J22WLGW54q/52stBzGPfZnbneBFJNVq+r23xZoEoVGgVycYOFEtHQwKdxv3ZJ0v6hY0cJU9UkO/+7mEDGy2Ma3mcL9ESF9i39+GyDwihLBVW8RU4sxb9fqgPvFa4cL/n5X20CGS2Pl9FlNLz3K1xOgaN69fvRblvLVS/SXXd1YplXeMKH9PvnLQu5lkRXdVMTyPBMvl6XMCZRtBcn8B+ZqtepBcfv1O9PC7xVzh2ejryvMIEMnr/L6tTrhfmFS/bX70OFBwa/VWtn0qP2fmEboWwM5lod/6JwSGseRvZgE8hgGfJOnXZS4dSefm8n3DvYLaI6a1LebCrsI6zax7NX6/j5UXndgjMmkNlJP1OnbF84jW7VH81+aRJnMJ6yUHiFUOz5QiAfE6h+ddJMIP2zHW5uEiYKp6yg3/dlWlro2UIoOxXSd7B+nyP0Mk1332SZQPrn+M3607ODP79P3+m67YLtq0QiitBon9Ab1qmuYRPI0sX9qTrEyHdoG+oH3aFdMqpeXxDCateN+k1P2C+6QoQJ5P9zeiX9pNsztNX1I6ZxjSbL5qQeBsLJltNOOFNNOtLWs0wgjzIPFw8FGXGRKxwPtpU5kTx3DflxkHtzhC51ol1iAnkky+GBGbUvcCXgRH3uEUkBjcGNCTlBG+yDBWc+r9/fF5hak6WZQB7J1ksEP3DGQBoT+syWZuAUHdpRYOp9aMxUZoCRLvGsrOsCYakrS1hZh0FVan3ht1nlcPWJoT3SbyT+K/rbMUI24yZdFggjyT4jr9Z3Ro6LvVfVF6887jipZBwm9Fu0lc0bpasCoRp1hCurjIgzMm42HAMTOn2hMNNyYhaHMQvhiuFuHc/ZXRTILqKfqgB2lsvAeHIkPU+YCVxsvBdTwZJf2igXz5C8Sfe3XkwUdEkgjxHxLG7a2mUAkw/fFVNmJOwLi7N4k2wySxoo/F8TGI3n7XKLsJbAcdbdY1EtG+iKQEgnI+E0wjF6rTZPuEDG6joCYcxkckAH/63zWHwWmglkQPKqOg1xECnERxc5Wt+ZlGdWHwPP0q2ZpsLEx0GtpxN5q/vq76DX1Xpe7m8QohTyX8obo78frZVRu3nIwA768WFhchZajtXf946RutwF8t+A9MX6PhVjJnTAJ6pNrH/3cb18kv+kL7sJtA2jtJwFwlqO+Y714/S5V5Q50D2niC9M+CEC5tFIj9pyFQiv7Pc45uli3DPqXDDnomUgR4G8XWwTxA37q+C7D6PNBHMsXgZyEwhzq24I6M4tffGWpEw9y6kArag8uivIJ7YXSCEUT6ZFK49k5SIQ0sEyUB8bN+fACnmUvERSkYtADhTffnyDEXJGys2MgbEZyEEgrE0gJA3GyG1vbFbsBsaAYyB1gTxe6bjbpYXohywBNTMGKmMgdYGwzuC5AktBP1AZK3YjYyCDNwgR1om0fpkw7maYViCMgVIGUn2D7K7UEHkEsx4rK9y1MZCiQMJGufVY1VY07MYwkJpAiFt1ncs62hxHWjYaA3UykJJAWHnmR8ZP03dixJoZA7UykJJALhcTGwtMQHyG8J9ambGbGwMJVbHCyBnPlN+3We4ZA00wkMIbhG3C/L4cC/TdT2Vvgh97RscZiF0grOUgPAzGlsuf6nh+WfIbZiBmgYSNcmghrlW4xrxhquxxXWQgZoGwaQ3hYzBrd3SxdEaQ5lgF8lZxQwQ+bGeBaSVmxkDjDMQokBeKBTazwSwaSeNFwh4YMhCbQB4r58Lxjdj8s9LTMQZiK4AXiP+XuzwgVOg/O5YfltzIGIhJINuJG/a7w2xlYGQFpavuxCIQ9rwjwDR2vsBuT2bGQOsMxCKQcHzDxjtaLxbmgGcgBoGwKtB34xL4zTbRtPIZDQNtC+TpYuLPjg2bShJNsTBHYnmDEP5+FeEhgS5eM2MgKgbafIOw4OlUxwb7lBMS38wYiIqBtgSCIP7mmGBTla9HxYo5Yww4BtoSyLSev7pwkfAyyw1jIFYG2hAIkw9Pd4TYaHmsJcP8epiBpgUyT8+8w3FPhJLfWD4YAzEz0LRALhYZLxXYBeqrMRNjvhkDTb9B3uIa47/S57pGvzGQAgNNvUHCKOxPETF+3lUKHJmPHWagCYHwjB8KzNBlv+wrO8y3JT0xBpoQCBvIHy4cInwkMX7M3Y4zULdA/DR29g/cVLi/43xb8hNjoG6BXCg+CBPKYKBFQ0yscJi79Y6DTIng5wufEHwQBuPcGEiKgbreIIjjAIHPxUkxYs4aAwEDdQhkW93/WGFCqOP+loHGQGMM1FGAmcLOVHaLhthYNtqD6mKgaoH4qtUiObykLqftvsZAUwxUKRAvjs/IecY+zIyBVBmYlONgqiqB0JX7R8eGVa1SLRbd8XsjJZUInjsJlF1md7BwD1GENrcqgfgdoCzgW3cKWQopXU5OMlj9GuE+wa9cJcwUW/kRMGRtoScQ1dMbe9IwNNGrQiCo7sfCCcKeKbBmPmbJAEKg9rKBQOBBts4gxhplnNWrbL5EcJCThD1ceV3LCaEvIVUI5Ge6+10Cbw8zY6AJBijYrxQ2F1YSWD5BVelfwrRwvXCGcIVwr0D0nJFsXIEc79TIYODUSB7YRcZAOQNsvwcQAatPdxSeUziVWeKI4UaBWgziqDTg+TgCQcXXOhCR3dZ4WFEfhQHK4PoO2+iThvPyJTe6RcfYwJWdx4jfjChqt1EFQt2OlYGrCkcITCsxMwZmY4BGM9Wh7QXeCLQXyux3OniaQNSbc4XWZoGPKpDd5PTJAq196n40fsyMgSIDm+kA2+ltJdBbVGZX6+CZwvcEeo7ujInGUQTCklm6yLCthR/ElCDzpRUGqFFsIbDHC9UlulXL7BIdJFD5d4UbWvF0yIeOIhBeezSc7hboQTDrFgOIgaoRUfl3EGhAF9sM0zrWE4h/RrT+61KlaFiBQMxVLrEW1yrVXB/O7/k6nY1VGVvYRSAif2i36geN52uEy50ghntCxGcPIxD+czzo0gIRLKE1y4cBygIL3BADn691n1SpvTGuQJWasS/eCnSxZm3DCGShmDjFsQGJ2ZOTdc7PmUMoptUEBngJJv4qgcE3jC573gjEEmCsAUFw7IHMOVkqeYMKZAVdeY+7moYWbRCzdBhg7xUm6BEbYEuBxnS4HwsDvn8Q6HzhDcF3RqA7b4MKxIcMhbCVhai64jqfi0sTsJ4OsWiNz9f14YfaAF2r1ARAuE+kUeoYGEQgDO/7UUvGPnY39qJigEl6BOTbZwYx0KVKLGR6IKkB+NpAVAmJ0ZlBBMKr1nfj2Q607eciXesE/36z4NsMRa/oWSIuAPOTLmvf5XQ9mE0g6yhpNNawvYTj0k1qsp6TR0TEXyj0e3szi3VfgfUOlU7WS5a1ihyfTSC2f3lFRA95m2V1PvOVjhLoaSoa07cJ4/oNobV5SkOmKcnTZxII82ior2IbC3T1mdXDAFVXus5Zy8/odHEw7qc6dqIThHWQ1JMHpXedSSDh22O2N02DLmfxKNp0awosE0AQxBILDUHQIULvIUsKzFpioF/B57XO/HuMTCTGrtl4DCAIxiGoOr0huBWzWRmEY3o366JvEmwMYjyuK7u6n0D8hEQeZG+P0ehmfTRzl6g2sSSgaEzko9OD0Wq/JfZoT7KramOgrPCvqKexxhxjPg5z9c0GY4DRavZB6df9SuCAJUISU70HS3LeZ5UJhGjs+7tk29tj9vxn6fExwmTJqVSfPikwYk3YGbPEGCgTgG+cszb4O4mlpyl3WTbK24AGdtGY6cyYxE+acsaeUx8DRYH4QAw80d4ej/LOzFcm+FHwX1KSHUzF2Vs4r76ssju3wUBRBKwJpj+eIAwfb8OhiJ5JI3tDV/DLlpCycGw/4ZyIfDZXKmYgFAjfffAFok90bu6/0kz39jsEumN5Y4RGuJmjBUav+W7WAQZCgRC8lxmf1J1ZM9AF4x8BQQaYKUD0jeI6F9pgzG9CFGYdZCAUCLM+1xAY1c19L3MCDrxbIFCZt5v1hWngzIKFCyZp2jynDooiTLIXCNUJ+u9vF1iCmZvNU4IWCHRfr1JIHFPCewILiPzsgdzSb+kZkQEvEKay05e/SFgy4r1ivGxSTh0qsKCoaFQpmYxp7YkYcy4Sn7xA/NhHDl27iAGRl0Xy45/AlOAD30WSDeZGrAwgCP7LUs3AUhUI3bFHCkT3KxprJ3YVbIwi1lIYsV+hQFhncKBDxC4/7BqBI2ho8zaY38fZg3T8YOGO2BNj/sXLgH9jsBWVX6TzS30/TPhSJG4vIz94Q9AVy1rsTWbwiw1E6WwYecOUSNJsbkTCgBcI/4nLtjDo6Tg9W2cJ085nv7EJI80cI8IiXaTEYGUtA/GWWDJKweaTaRj9gsxxD+Y10Z1KwWcN/ISAGLj2NqFsqrinj6BmnxMIkW8r7Twr9lkZA2Gbg8h6sUVqZyERUf/wCwGeLVwqIFozY6B2Bv4HsGIIkwcPXh0AAAAASUVORK5CYII='),(68,16,84,'data:image/png;base64,iVBORw0KGgoAAAANSUhEUgAAANUAAABRCAYAAABFYeNNAAALrklEQVR4Xu2dB6w1RRmGxYJg7KIoil5RwV6iWFEPFiIGFYIKYrsaJFFR1CjY0IMVTQQbRoPCjzVgwd6I8SJiBQOxABr0goodwQr297ns/M7du3v+s7N7/jN79v2SN2fP7s7szDvz7czOfPPNNlezwMCy8HThesK1hOsKTxTONj1moCkD2zQN0JP7t1c67yfsIuwlHDAh3d/XtbvVXP+Azp8grPQk305mBgz0WaluJf62FXYWHi48R7hJAqffVpgdhQuFnwtLwqgUz130/0cJcTvIABnIUamurXJ4gHB94WHCHkVLggLF8h/9uXpCmX1CYS4SzhDOEX5WEce9de6s0vkcuUrIvoPMmoF5VRRaA7pc+wrPTMzkFQq3XRH2Uv1eQzhV+InwQ+EXwveE/ybGj2IdITyhCP9R/fKdZTEDExmYpVLdWU/eSUCBDhZ2E27YsjzonlG5Lxc+I/xY+GvLOCcFR6FOiW44UMcnz/B5jnoBGGijVCPl/6bCjYRHFMcoEPIHgTd9qqAoHy8qNAMJF6dG1EG4YxXHC4p4vqVfuqYWM1DLQBOlQonAPYSHCihTGzlXgT8ifE2gm3Zlm8hmGPb2ipsuZRCUCuWymIFKBiYpFS3N84rKjjLt2pDDS3Q/3bNvCl8RGBD4acM4crn9gij/L9Px0bkkzOnIj4GyUvENsZ/wpAZJRXn+KPxO4HuHoeffFr8Nosn61iOVutdEKWzSwmedMSeuewbiyjFW9K+e4hErRQv0K/1+UmBYetGFeaofRJlkAIb8W8zABgaCUk1SqF8qFCNtvxFQKDBEiYfmeZnQolvMQK1SMc9THnjYpHMnDViJymTxXchkdBB3Aa1QlQxQMUbCV6Orl+n4qcJnzdk6Bhj1+0Z05pY65nvSYgbWMVClVGfqDkyDLBsZiLuAb9Tll5skM1BmAKUq27nZHKe+npRNntwFtE5tYCBUCuaQlqKrR+l4bL42MMD8FPaAQaxUriS1SrWsKydGV1d1fFvztYEBOIknsFnU+BfzZAZiBuI3LeuK7htdPEzHbzddGxiIu4AH6SqmVhYzUNl9QYEwSwrC0gns/Bhut/yfgVipPq3TjzM5ZqCupeI8Q+uj6IYP6fgppmwdA0yGY1ERxN9VriDrGChXiH10FeuJWFiYx4ig5SoGGEp/qZXK1aGOgaq3LAMWy1EADGXfJYxN4xoDdxJifxVuqVwxJrZU4WK5G7iiC6dbsdbowYXZP9xSWZOatFTce2Ph3ULwz8A5zJfeZsVaozIerHBLZf2aqqXiJla8vl8oLx/3N5aVymo0gYEtvWXHClu1xmroFhefEi+PLXjdEoeugANjYJoKYcXaWCkO16k3FafxUxh/Yw2sCjm7ZQamUSrClF11hXgw21kdIK3xSmDcruEyzWIG1hiYVqm4lxbr+UK8mBH3XfhuYBBjSLKDMstUA4I/QxzcWMxAY6UKilX+xhri9xXecP9V1KGn6ZeNDCxmIEmpgmLFLRZW2/cU/jwwTsOwOi31NA5zBkbPcLPbpPsXs3Sc/rDLRhCsMFJ9oveV/aBUX1cGHtzXTDjd3TOQqlTlriC+Gh4krHafxGxj9ARwtkUz34S1UaolJf3NQrC6WNHxnvPNzlZ9OktjcP6CtOFxqyZ6gA8bKc+UFXuXYbeJn/77CH8X2BiQVQc49MFn/3e74KdtZSBR7PcUlkIMydriO8r37laqLqph4zhQFIAn5PBSX9Ux2zOFjTEYnWUDjabCioz3Cbgr/1PTwNzfVqmII57DYtDidikJ6WGY2Jq/Cx57SEGnSWYDP1oQ9ltGOe5f/DInSFe7K46DWzkm7Jcm5ADlYoK/8b7PXSU0tmqn5dq/U7rzjOy1StYri6QxxM7OjpbpGKAbhm9JejZNX8K4faCHtCKsForBCoqgLKHXxMZ/YS4RPyIXCbRc8bId0sCeZ4cIbMBRtf3TJp0/qXjeVLnrSql4WPzhzrcVmV5kYROHDxcZvI5+6aNbqhlAcXDVgOuBpQYkUYe+JKAQ5wkoyj8bhG9660gBsOl8YSkgz2Vh6lQOZrtUKjZ+O61IzBCUigqCT3XkFsKvm5bgAt/PLpqHCncQWO1Qp0hYonxe+JjABhC5mHuxAp4XJt6ygrCzDX5cxlsqty6VimeF5rNxP3RLCc3weuyElDdxX/fe6oJaNj2nK8UbvtydY1dNRt54y7O5H96nUKbcu8sjpfFewjElglgF/9xJpHWtVF0UUF/iwJg4KBIf03FfvS95aJPOmyswgzWPqomEYerPCbzd++wbcW+l/xlCvGD3rcULpDLrVqr0akWXL3wc02rxFl50uYEy+B7hgJqM0mV6hbC6YETsq/y8TuDlGaR2+shKlV76uByga4PcXWDycFEFp6G4q6sSFGksxPsiLyIPI2UKG09+g5BvRh5X4gxbqdKLn4/YMDl4Gx1fnB5VliGZL8J3fNX3A5ufP1sYWpeXguIbKx4dpMViohirjTWxUqXXZz7Ow2jVzjGp6VFmEZKuzikCXqNiYUibTcTxylve/SSLhG+lRIz0nBcJj4mex7pCzlmpWhbC9gr/tyIOuoIMufZRmGNjMhUX37Q+TILG8iz9YcQOmznLVQyMBCaSefkE2axYbqnSq0m8UBEFuyI9qrmEZJibtWDxEh5aXpTsJcImIZd5o7kQNMVDx7onXku3NnhhpZqCuZpbttX5K4trfVEq0nmwULWby6rOY02wyAMu6aVdH7K8scfZVqp0muOWKnfbP7p259RkFfMbujFs/GdJY2CdYyQrVRqJhLqmEOzQaLVmaZOWkkrSx+w/30RV8iqdfIPw75TIHWYDA3QDGSn9spUqvXawVCFUyJxaqiWli5UCmNiUBWc1TxawtcvdTCi9ZOYc0krVrgCwnqZyYrI0b2EE8mQBw+aysFyCIeCwFGLeaV3o51up2hVvmK+ZJ4+3VhbeKzyyIiu0SmF5SrucOvTUDMyzMkydyIxvnKdSoUzvLFqgMkVDsUXMsmpYqdoVyzyUirVKONx5tBCX3+/1H4vqs9plyaHbMmClasfg1lIqNkF4vPAWYcdSklnW/w5/L7UryC5DW6nS2YS7MII2Sx5Zy3NCRTKZW8KwMyw/Sc+JQ3bKwCwrQ6cJzTCyePK3ax4Zrqf1iU2IAgU4KtlLOD9DTpwkMdB1ZRgSqfHkb5c8xr4+Yj4x2MULMNbilowZ6LIyZJzNmSQttv3rgkcma+tWDy/ieq2ZFEoOkXZRGXLIxzzSwD5dlxYPbsvjgYqH5RVlYTeVc+eROT8znYG2lSH9yf0PiRVFcPySyiPLL4iDBY+xMDixqf8UDTMHqZVhmGytz/Ue+ntGi5aKHRjLgw2n6hxWEHbM2eMaZqVKLzwq/wcTlOpmCsPS6yNKj2Yy9wvpyXHIXBiwUqWXBC6rcMeFTMvjsu7FV14s2O29WPAq2/SyyCrktJUhq0RnkhhcPuP6mQlg5qwmCftYbfa2E914Rx1fkEl+nIyOGLBSpRN5uoI+RMCyoc65JLGzfP34isfg4qzPnlvTmVvwkFaq9AJmbdIOwlg4qiaaw3QeF8Fl4bvKa5vSuc86pJUqvXhwT4YjFSzDv1gRzZk698CK8xjEsgOgZUEZsFKlF+xlCopv8bsK7F8UBCeU7NJXJTktu0/PuUNOZMBKlV5BcOXFpO2SEJaAxKZL5ZhRNnxEWBacAStVegHjkB+/f7RUyHZC3aQt315hM4P0JzpkLxiwUqUV00jB2Od4RdizaK3q/Obh6N8uk9N47mUoK1VasY0VDD9vLBJk+XowVyrHRusVvNimPcmheseAlSqtyMI3FBYVr6+JAit2BjMsA2PAStW8wJcVBFMjRvxQnJ1KUbAlJ5YW9vzanNuFCGGlal6MfEuNBDYLDxuHh1iO1AE2gZYBM2Clalb4bENatWgQvxHs7UQrZRk4A1aqZhWATaQPKQXBRGncLBrfvcgMWKmalS7dvdhZJWZI7PdqMQObGfgfVQuy0DbeM/EAAAAASUVORK5CYII='),(68,19,81,'data:image/png;base64,iVBORw0KGgoAAAANSUhEUgAAAMgAAAA9CAYAAADoByY0AAAGU0lEQVR4Xu2dechtUxjGXVOKhJLMnyFzUYRIjkIUucauKLeIQqYS/+DznyTzkFkyD7mGDBFHKQlRpEw5NzNlSGTm+fnWrtW+5/r2Od/e56x3rfetp73P9+299vO+633O2XtNe9EqbpOOwDa64DrCmgFraLu6sKrwh/Cn8Jfwa9iH3yLhPWFtYTehH0j3wnagLXBrOQIE3m0uAiTqjiE599Z2V2HdkJTHLCBIJO7MAs6PT31bHxAIVi/3Tf1t9/C/vrbgU+HFcGxLFMoqJieBbKWq21NYLJDgoyTllzp+446qviuBjEL3Cx38gfCyMDvKiaUfa00gm6vCdhIOF/YXdmmpAr9WORsNKes3/e0H4WfhO+Hb8BlB/SK8GrbcGv0ejvle27+FtYSvWuJXFbOedob9gvwUDiAuGLHZTNh2yPUH+tuDwm3CRy3zy664VAXCrc7RwoUC992V/aOdhXBervMfEN4JycznH4XPs6vZOYcQCLeKZwrbCZvU/LxOn8/K1PdW3FpIsrVCQIVsL1wrHDxGgZ/pHL6l7xNeEz4U+JZ3WzECPE/tKxwnLK39+wB97nvQVozANATCNRHDNUEcTeqFpH9IeETgXpp7arfxI3CsTr1M2DoqYpn2jxy/yDzPnJRAaMY8XrhDYL+JnaqDnhH4lXDrJgLPq9gDa0Vfpc/ndXM5e6V2KZCdFY59hFsahgVB8ODIc4bb5CKAQBBKbA/rA7dixVtbAqGT6xThIoHWkyZ2rw7iAZHWIbfpR+AGUTg9okELHV9wRdu4AuG8WeHiEaJHM+j5ws0Czadu6UWAOr0kotXX/olCrq1889bAqAKhJWQgrD9vyXMHfCycITzX8Hg/bPoR6InCSxGNu7V/0vRpTYdBE4GsJmpHCI+OSJFbrWK/eUaMVWqH08pFq2FlPI/wXFKc/Z9ANlQ0bheq3tmmwaFfg6ZYN9sROEf0adEqWiQrEwg92QyMY8RpU9tABzLMwi2fCJwrV66M3GG82yAf9+b3ZJhAejrtLmHL+U//r4+CsVHVWKAGp/ghhiJALlwv0GSP9QV63YuxukD4tuBbYz67QAdcITAozy3vCCCS+KG9qOeRSiAnBGFU8wmGVTnDPfYSPsk7H9y7IRG4U39bGv5eVCciAkEUb9SCwuSbpwSGeTOT7WnBe7jL1c5M7YuRDkQ6ErO3ukAek8e3CoyBcvMIxBGIe9pf0D8OKiE81S1WLzjbL8Fp93HsCMR3EQgEoWRtTToKsw6AOzdSBI7S0VWHMS2YzPDM2lwgWVdvJ87do1Jp1MGyf2B3gXSSQ1kXytTd9yMPL9X+bK4eu0Byrdlu/ar3l2U7ZdcF0m0i5Vw6nYe94OCN2jJqOztzgWRXpRNz6FBdif6xyhjUSt9ZVuYCyao6J+4Mzx7VBCtmhrJUU3/iLDq8oAukw+AWUnTcN8L6W3QoZmMukGyqcmqOnK0rXx1dPaucysqZqaVI2Rfuyf2bhB1CGLJq9nWBlJ3cbXkfP4tQZjZ5lY0jbdW0lzN2BN7VmdXEqpO1zyKB5s0FYr4Kk3Eg/hXJZgiKCySZ/DJPpD6viPFaLCpu2lwgpqsvOfKM8N00p4d1F0hyOWaaUHybNZAnrIJi2lwgpqsvOfK8/eqtiJX5QYwukORyzDwhVmRkZUbscoEVcMyaC8Rs1SVLPF621Pxtlgsk2TwzS2xGzOOloegbYWUck+YCMVltyZNmxiEzDzHGaTVZjDBJp1wgSVaLeVKvy4M9gheM04pfzGPKOReIqeoyQ/Z+MV0S2JqebegCMZNzpojGi8zxjsrTTLGPyLpArNZc2rx5zR4vZcVcIGnXlbObQgRYuvaQcN1ntWX+uknzXxCT1ZY86WViyGv7sMeFxckzXglBF4jVmkubN++7Z04Ixgtcq1+TtFkPYecCMVdlJgjHw00gbDbPzBI3kSblkqTfI17dhNutJyyGwwVisdbS58wbkr+JaJptyXKBpJ9sVhkuF/EtAvlXtN3PoiMuEIu1ZoMz7xHhfSJYX2BuiDlzgZirMjOEeZ1f3LxrMtdMkjaTImUTrT+om8w1k6TLzjsz3h8mpk9GbE3mmknSZlKkbKL1ZYBM5ppJ0mXnnSnv45XfTeaaSdKmUqRssky9nQkhMJlrJkmXnXOmvI/HZJnMtX8B3xHXPikhlB4AAAAASUVORK5CYII='),(68,19,82,'hjhgjg'),(68,19,83,'8jujj'),(68,20,85,'tyftdg'),(68,20,86,'hfhfhg'),(68,20,87,'data:image/png;base64,iVBORw0KGgoAAAANSUhEUgAAAMgAAABrCAYAAAAy0M3eAAAMW0lEQVR4Xu2dCdC21RjHvwqRsWRkGNtbKlu2rC14ImIQSULoa1IZ0ShLMZansZahhTaT6SW+RlLIWBIeZCtLqCSDzzLGEkZk3/4/zuH6bs/7vvf93Os593XNXPOc+3nu+5zr+p/zf+6zn83WpSHby8zdpbtId5TeUHqp9FbS66Rfky4ZVx6u8DXSv0kvC/delYarbuWQENhsSMYUbNlG1xPp6YEIdU29XBG8Xvq+uhH58+NBYIgEgRTPk+4lvXkhKzbq+iLpo6X/lG67QFYRxzulb5Neu8Dz/siIEBgSQSAGhfaec0hBFepFUgp3lFsq8BTpVoEsTw4/fCZ8/jR87qlPdOtCvFS/zpIeOqL8dlcrIjAUgpwiu3lrFOVYfXGy9NcV/Zp3+wH68kjp/Qs//lLXh0u96tUAyLlF0TdBpgL01QVQf6LrDdKjWwIbojxHOinEP9P1QdKNLaXr0SaIQJ8EmffWWA6FtAsoIQhvrf0Kie2ha8ji4gis64MgVHHOkBarOn0VzKlssW8xr3I5Mf6LQNcEeZJSvqCA/6m6pg3Qp/AWodpF71iUpyrg7ZI+c2UAaXdFkNvLV8Ygnm18/r7Cx0g/Jv3dALDAhE9LJ8aWLyv8kIHY5mb0gEBXBLlCvtnu2/N1vW8P/pZJcr1ueqV0O3Mz4y0byzzs9+SFQNsEuZ3gOklqG8JP0PWHBw7jPWTfa6X7GDtPU5g3HlNbXEaCQNsEsVWW40IBSwXaiQxFi93QvAl9XlcquVjTzjYJQsObkXEk5QbvDrKfiY9W3qOLg6V/rom/Pz5wBNoiCLNvvxt8n+mTLtyU5UYy/kKp7eXCHxrwNORdMkWgLYJACqacI3eXXp0Jfs+QH7w9rLxfF8wJc8kQgTYIcoRwomGOTKXMp8pJIPy8NgiTJ3+bk6Puy7rGR9IZ72AuVZRbKJBjr88N5BezhnctFCIGG9/hBSsfBJp+g7BGI8oLzZskH8Q29WQ3XV5ScI4Jj8u5Ojw2v5okyMPCv2rEsMm4h5wvVK1+UzDwq7qmDXb9kA1329ZGoMlCbN8eOynpK9dOPqs7zpE3TzMe/UFhVkT+PSsvR+ZMUwR5s3A7ymDXVLypZcd9ZDBr363cWhe/Ss0Rt/c/CDRRkDcv/EveVtc/HzHAW8j3b0sZYIyypMAPR4xJsq43QZCXyPvjAwJsxfPgZNFoznB6uU6QPt9E6YOKzeHbWUxNEMS2PW4iy//UmfXDT+gBMpGRdt6yCNP9zx6+2W5hRKAuQe6qiOIo+TcVpg7usikCd9Tlj8xXH1KYuWk+jyuBklKXIPw7Pij4yRJatudx+X8E2AHys9K4JoZlvXeQ/sXBGjYCdQhCPfuvwT2qWbEaMWyP+7XuE0qePbqi3FQBuoNdBopAHYLQrUv3LnKg9F0D9XFoZn1UBj3GGEWnBp0bLgNEoA5BbPVqS/nm1YXyGfwK3foaczsDjO8t/7jf2RUCixLkTjIw9uu/2LxJurI7h3T2lhMfNI6cqfAhOTiWkw+LEsSOnLPu/Gc5gdKhL49UWheb9KYK57Y8oEM4m09qEYIw1hEblh9X2Nanm7cw/xh3lotMbowy5B1f8s+NgoeLEIRNDPinQ54rZZdEl3oI0OX7YxPFJxW2vV31YvenF0ZgEYLYkXPWaseu3oWN8Af/jYBdx881XcLFNfAOVccIVCWIbZxjatXnO3YvueQ4Ws72BrLr5OOk/0jOk0wMrlrAWWbKwiiEbspXZYLD0NygukW1C/mO9F5Sf1P3kEtVCWKrVz720W6GzRR93BmGNSb3azc5j30eAlUIUmxIVnnW0V8MAc4v4RwV5HVSBhhdOkSgSiHntNnDgm1MtrtNh3aOOalnyfk4jedchfcfMxhd+16FILZ6xTkfdhS4a7vHlh5r/L8VnObMEqbLu3SAwKIEqfJcB26MIgnWlXxBykAtDXe2HHJpGYGyBZ0jlO1Js2Wfa9n8UUZ/mbxmpeIvpLtIOYjIpSUEyhZ0zvRgJRwyk+7Rkj0ebTkEztNt8QAiBhi/V+4xv6sqAmUJwmq4h4bI99LnRVUT8vsbR4Dp8bEtwog7I+8uDSNQliC2gb6VbPhjw3Z4dIshMNVj8YAfzoBk4NY3qlsMy7lPlSEIA4J2p5IyzzRooke1BgKWJDTeWffuJGmo2JQp7FSpmBOEnCg9sqG0PZrmEKCqZVck0uNld9lvLqWRxVSGIBuEydMDLrRDiruZjwyywbpbXFfyCFnKGZEuNRAoQxDeHrxFkDL31zDHH62JQLE7njaJXfteM/rxPb5WgZ+Yf6GZwt69m0YZiWMlWOvrSmrk2VoEWa+4zwrxsw6dDRpc0kCAY/A4Dg/5kpRBRZeKCKxFEHvOOZsJTCvG77f3i8ATlfwHggmcOrxjv+akl3oVglC9mqXn4ugttj1cHDJ6F6mfV1KyWKxGkG0UB/N9EHbdYP6PS5oIsCKRzcWj3EyB36fpSrdWr0YQNqP+SjDn8/rcvVvTPLWGEWD9TjzYyLdrKgnuagSZKo44jWGmsPdglQR1wLfdWLZdK2XTbM/TEhm1GkHeoufjqDn1WBbquKSPAGfXf0N6ZykN+H3Sd6k9D1YjiO3BurdMiCva2rPGY+4SAcZKlqRsCPGoLhNOKa3VCGJn8K7V25WSz27r/xD4lIKxd9Kr0HNKxkoFf6J74zwer6vmTal4XsnX5SYdMX6gj8nvMgTxEfS8CYJ3LKdmHhddwey/5Ts5hjxfiSD2FCQfIMyfIOyxHA8V/aLCu+bvcjkPVyIIu2fEuTsswLmqXHR+V8II2BOLacDHw1kTdqm+6SsRxDbQ/Q1SH+dUYrCzJ3wwUbk2jyC2gU7Geg9WKsW7GTtpqH8uRPVyfb6hmWjTjGVe4T9Orrw0uLOsz4PSdM2troEAyxreFJ5nDp49AatGtOk9Oo8gnBh1aHDlVH0enp5bbnEDCFDFigf4cC6MPQGrgejTiGIeQZjBS10U4e3BW8RlnAjYtujmgsBejwKReQTxBvoosr6Uk0xujHugcZIxJxqPSooEmch7uxOG92CNqjjMdfaB+vbS8MvodvUvEmS9gIhr0H2RlJMjImBPNj5QX8bzSrJHqEgQu9D/7fI+HpiTPRDu4JoInKw7XhDuGs3s7iJBWEHISkLkNClHgLk4AhGBMxU4OFxsoc/s52xZgizJ4R+YsuDbjDox5iHAICITGvkzneQOkSXIVM7GJbb4fayU71wcgSICcTHdTD9kvY7EEuQjcvaxBgnvwXJirIYAbxBOPqYqzp9plhIJYuffREfvpgDb6bs4AvMQuK++fLeU2d7Z7lkQCcLUEqaYRPEuXidFGQQmuuns8CaZ5vgmiQS5QM4xCBTFu3jLFA+/BwQeL70wQLGsz6wmt0aCFOfYzORo1o0vL9uNIsDbI3bwZPXnuhJBvAer0fIzisiobsVpStlUtyCIdSzmpBNkFGW6cSf3U4znhliZhcHbJGmBIHaZZXTGVxEmna29Gm83HGTYIJ5v2atRiyYOEdicgU0arIx2gcyiQPpzmyDALpw7hW+SXpEIQZhvdUohg30nEy/xdRDYXg9zYA+S9JABBJlK7RQTnPJR9DrFw58FgYk0NtpPUPioFGFZiSDeBkkxN4dns/3zPUTmMRs4KVmJIDTcOUfCxRGoi0AcY7teETGoOKsbYZfPQxDbNRfT9jdIl7mQd1pXyz12bUReJn1jSu5GIlwnozm3Lgos95H0lHJyuLZOZVps43IIExMbk5FIkGNkcXEHvf31XRz0ScYhN3RwCBSHEZKqnURj2SCMjcKsbNDFAYOD2w1KEQFWqi4Fw5MkCLaztQtbvFjJdp5/iqUsYZvtbp3JEgT8z5PuW8gI5tOcI50lnEFuer8IsJXU+tTfIBFCFk8x0WznAqYc9Hhxvzh76okicI3s3iEXguDHltK9pXTJbWcyJel5NYkWrhzMvkRO7JYTQWKmsCifcRLOTEecIDkU1+59SPbE5LINpknAdNY9tp5i4ghMZb+d61e2zA3C7aSMHQRibkRVBIrLuZMqc0kZWzVn/P7eEbCHwWLMsjSpTR2cIL2XoWwNoIPnaOPdRoW3Tc1bJ0hqOZaGvbRZz5dubcxNsqwlaXQaZWSUVkKIPUOjnFWpUZLdBMQJMspy3JrTxR06SSi5GbwWHSdIa2VllBHbHU0A4ErpM6WXp4qGEyTVnBum3cz+ZkNr5K3SI4ZpZnmr/gUlKah74QuOXAAAAABJRU5ErkJggg=='),(68,20,88,'data:image/png;base64,iVBORw0KGgoAAAANSUhEUgAAAMgAAABjCAYAAADeg0+zAAALWklEQVR4Xu2dCaw1NRXHxX1DDXFX4heNqEgUo2JQIlejIhEEd4nbgwQEWRRjREyMj2jigkIiiqIkfjEoIkYi7hteoxAXJIqKiqLPBdwV0Yi7/n9hylcu9707nWl7Z+45JzmZeXfa087/zP9NO21Pd7pJPpk0pv7SHL+Zz7RbcgSWg8BOicXuqfSHS3eV7iMl/++k99/Czsd07R/S70VpNnS+TbqvlPO/NXamTZpwTKyeJ3cE8iLQliATFfsS6bPyFr+pNQjyM+mHpR+vVKYX4wjcCIFFBOG//Gekuy0Ru6tV9pell0ghjr9dlugMa0VvRZBDBMYHFgDyL12/RnqB9C5N2rN1fHhEqr/r/K/S30p3b9Js6Aj5kC9J7xP9PVlQ5rm6HtSav/x+KyMwjyA8oIuaUz9UmlOk50npg+QW3lj3lB4kpd+zGWkep2vT3IW7PUcgIDBLkCN04Ywt4OFhPF96amUIIQj62jnl0vk/xolS2SNGigsEeZ7u93gpTaNZebd++JP00wN5CCHKi6RrMxU9TX8fZ8RvfpuVEIAgkOLimfJo439eCjmGKhDl7dIHz1TQm11D9dgI6zVLEPoUl0rXR3QvR6quR0kfEtX5/TqnOXbFiO7DqzpABEITi//GyHSAdWxbpc8p4ROixFfqnGYjb0MXR6ATAovGQToZXWIm+lLHSh8V1YE34ktHTv4lQmq76FUjSPAmX+NeLn1A5F7eJM+27W6/+1QEVpUgAYeTdXKYdJcImJN0vp4KlKe3icCqEwSvTqTMCuCtEsS/dNl83pPv2gJBAii8NeKBxtP199HJiHkGUwhYIgiOPUDK9Psg9En8K5epRz7tZq0RJDS5GCdhrhfy1BnSpCHoqVcaAYsEwaF8Bv5q5Nn9dc5UGhdH4AYIWCXIvObWXvrxGwnPB1N0IBqrIZkbdgvpD6Q3k06kn5XesrGH3Q9K/5hg35MOAAHLBAF+BhbPivxwD53/WnonKdPsmXa/d3OdJtm10ltJn9zBd89XHpp2LiNCwDpBcNU50ngAkaW+LODKLU6Q3IhWsGeZIDSRDpTOW2OSAj3RW24t/bf0Qultm8z/1NGbWClIDjCtRYLcW35gNWRqAApWTvJ2+bGUdfoQ4WtSD280wAc7V5WsEWRdwD1JGvoVW+H4S118XUOAP+i4kQt0tzMeBCwRhPEOviTdZo57pvqN4BF8hSLoRJA36OTV43Gn1zQ3ApYI8g6BRzCKIDSZeKMw5SQWPtluj37gS9ei6C65/eL2BoKAJYIQdiiEJvpR89BDkHkCQSBKkPvp5CcD8ZlXoyICVggyEaZfjHBddN83Vdr/zPjhzvqbvoiLIQQWPSirAsWabuS9zc0QiOLFLW7s5kpDYLxYIM7/WuT1JCuCgBWCxG+QQ+W77S39d3el+1WU9j06j9eVtDTjycaKgBWCvFEOOqFxUupiqccr3xciBz9G5xeN1eFe7zQErBCE5tVaA80DdSR0aorwxok77Tvrb+INu6w4AhYJ0vWe474H4U73WPFnw29PCHR9WMYG3ptU4VdKmRbyiI6VZ4CRqe1B9tMJU9pdVhgBKwQJQbmvki/v1cOfBKYjQF0Q/6rVA8wxZLVCECYmfqhxCLF8L+vhHDbzYfs5hPUdTGN3WVEErBAkXmJ7V/myz54mLJhiU6AgxAT+zoo+H+ZvywpB2GT08sbbrAZkunofoZnGbN8gVnDsg9ko81pxbEyQ18tTr8ngLUKbvrWx8yod+RDgsmIIWCHIHeS3Pze+Y8o7kRZzyLdlJGy74GMjORAdmA0rBCHiCEtgkd9Lw6zevu7ADrOEkbdJiSLvskIIWCEILosH+nLe91NkO+zl7h32FSIHt5LzQRk6NKUIwn3z2fhBUvZyn7fP49Cx8fptgoATJM+jEc/69cmMeTAdhBUnSD43EFuLGFusa999pkmXrxS3VBUBqwQpNUWEVYsTKfO+2LzHZeQIWCVIqeWz7GQVluUSN4tQpS4jRsAqQYioGL485XYfe5AQrZHm1ltyG3d7dRGwRBC2Owi7375T53EIoNyonyaDx0gJUhfP/s1djtsrjIAlgsSR3H8jXPnyVEqI1UvzilWHd5PG60hKlel2CyBgiSDE5P1FhGHpe3+ayvqIlPXwJxbwnZusgEDph6TCLSQVUXKwcLYiYEuAOoLO7SqNZ/8mVdoTLw8BywRhQ5w4pE8JL0xklE+/X5eG/k+JctxmIQSsEYTO+ZENlgfpeH4hXGOzX9EfjK4/VspqRJcRIWCNICyW+lTjn6N0fFcFX/GmurIpxxreFeAtW4Q1h4UmD6hOpQSRqyHhLcJWCmyp4DISBKwRBLcQqueJlf+j00n/eVMmu+D+dyTPh/lqWiTIqfL6yxrP941wkvIAfVeJKc+X56agtuS0FgmyLszDxp0n6Zy/a0g8Jd4i7jUwzl6GRUdtE4o/bZCc6lirH0KRYRzG14xkf5TLGLRIEJCMt2OriUH8Fa1muWWeHgNWrTppTb4NG+qwtQEhRWtJeIvcTgX6HK1aqHcsxypBgItmFs0thFFuRrtrSNiKwedo1UC7ZxmWCRK/RXhoD+uJZdvscaggy/i3xWup6aw7KF4jQmd9WskbxPYlxu/DpN+qVKYX0wEB6wSJ14h8X/gRbKGGvECFvE/KqsPn1ijQy+iGgHWCgBor/kIn/VCdb+8GZVIucA+j6aUCSCRVyBPPR8AJch0urNUIG+vUwoTtqA+XPkca9i7x53RgCNR6GAZ22zeqTrzBzum6enSFCj+0eXuxqIqBQ5cBIuAE2eGUMFeKX9alTEMpLSzYYgrKnlIixbsMDAEnyA6HTHTK6r8gNeZphc76J1Qo4YJcBoaAE+SGDuHNESYycqU0Pt5ZHxghZqtT+gEY+O3Prd5Z+pXPvwj7ofOffaPgjXxStveX0mE/s2A5broDAk6Q+aDFkxnptJ8rnXbAt02WfSPb7o82iFVM4w7ZHOw4RNBxSka0xFISynqkCri4VCFuNx0BJ8jWmMUkKTkV5TxV42Apu+8yJd5lIAg4QbZ2BFNP6IcEKYUXe7cTDhXxkfWBkINqlHL4gG6xd1WYln5CY2WqI2+SEhLeVs+QcUKWugwAASfIYicwPZ291Y9okpYaaY+D2rlfFvulSgp3RDuY91ayi6KkJfoj3sxq54uqqZwg7eE+RUmPj5KXwC40s/ZTOcTvclkyAiWcvORbKlo8s26Z2IgwNsLGnTnlAhnj7cTsYoLNuSwZASdIugOuUJb7NtmmzQOdbmV+jkfr5wubS+6bXKj2sONOSAdvoiy8Sei8I7xFeJvkktDMuqMMXpPLqNvphoATpBtu8fqR3CQJBPFA1918kzWXE6Q7nLMkYazkzd3NXZ+TzUWZC8YA5R4Z7LmJHgg4QXqAp6yzJMmxhsRj+PbzSdbcTpD+cPLmYLQ9CGvNGfTrE84nNLNqbBPXH4EVtuAEyePcdZmJF1rRPKLzfllH8+yCxaRFXyPSEcBc2ZwguZC8br/DAyNzV+n8bOkrOhTxTOXhy9gZ0rCnYgcznqUvAk6QvgjuyL9Np3TSw0BiuMLcrZOlGwlFEdj6cil7G+6VkM+TZkbACZIX0InMPV167IxZmly8DVIWXRF1ntH03fJW0a2lIOAESUGrfVr6I+tzkl+q3w6RtumbhCjw7qP2uGdP6eBnh/R6gwR7eKF0tslFgo9KCdZAM4qvXVfPqQYEg2juo3I+WmjZwV8IUa8Euyg3zS1m5zJlfjO5RBfYBZdPxpAGmUiJ0+U+6uWCfpkd/H74peSON+zZKh+DjVMpu+FCLPdRCsqZ0zr4mQFdYG5N1/nsy3bQbcV91BapAukc/AKgtjBJMAiaUOg+0p2lt98kn/uoBaClkvwfaJeNc4xMxxQAAAAASUVORK5CYII=');

/*Table structure for table `users_permissions` */

DROP TABLE IF EXISTS `users_permissions`;

CREATE TABLE `users_permissions` (
  `id` int(11) NOT NULL AUTO_INCREMENT,
  `user_id` int(11) NOT NULL,
  `perm_id` int(11) NOT NULL,
  `value` tinyint(1) NOT NULL DEFAULT '0',
  `created_at` int(11) NOT NULL,
  `updated_at` int(11) NOT NULL,
  PRIMARY KEY (`id`),
  UNIQUE KEY `userID` (`user_id`,`perm_id`),
  CONSTRAINT `users_permissions_ibfk_1` FOREIGN KEY (`user_id`) REFERENCES `users` (`user_id`)
) ENGINE=InnoDB DEFAULT CHARSET=latin1;

/*Data for the table `users_permissions` */

/*Table structure for table `users_role_mapping` */

DROP TABLE IF EXISTS `users_role_mapping`;

CREATE TABLE `users_role_mapping` (
  `users_role_mapping_id` int(11) NOT NULL AUTO_INCREMENT,
  `user_id` int(11) NOT NULL COMMENT 'user_id from users table',
  `role_id` int(20) NOT NULL COMMENT 'role_id from role table',
  PRIMARY KEY (`users_role_mapping_id`),
  KEY `role_id` (`role_id`),
  KEY `user_id` (`user_id`),
  CONSTRAINT `users_role_mapping_ibfk_1` FOREIGN KEY (`role_id`) REFERENCES `role` (`role_id`),
  CONSTRAINT `users_role_mapping_ibfk_2` FOREIGN KEY (`user_id`) REFERENCES `users` (`user_id`)
) ENGINE=InnoDB AUTO_INCREMENT=157 DEFAULT CHARSET=latin1;

/*Data for the table `users_role_mapping` */

insert  into `users_role_mapping`(`users_role_mapping_id`,`user_id`,`role_id`) values (53,1,1),(63,36,2),(64,37,3),(65,38,4),(66,39,4),(68,41,4),(69,42,4),(70,43,4),(71,44,4),(72,45,4),(73,46,4),(74,47,4),(75,48,4),(76,49,4),(77,50,4),(78,51,4),(79,52,4),(80,53,4),(81,54,4),(82,55,4),(83,56,4),(85,58,1),(86,58,2),(87,58,5),(88,59,1),(89,59,2),(90,59,3),(95,35,2),(96,35,3),(97,35,4),(102,61,4),(103,61,5),(105,62,2),(106,62,4),(107,63,4),(108,64,4),(109,65,4),(110,66,4),(111,67,4),(112,68,4),(113,69,2),(117,71,3),(118,72,2),(121,74,4),(122,75,4),(125,76,1),(126,77,4),(127,78,4),(128,79,4),(129,80,4),(130,81,4),(131,82,4),(134,85,4),(135,86,4),(136,87,4),(138,89,4),(142,90,4),(143,91,4),(146,57,1),(147,88,3),(148,92,4),(149,93,4),(150,94,4),(153,95,4),(154,96,1),(155,97,1),(156,97,3);

/*!40101 SET SQL_MODE=@OLD_SQL_MODE */;
/*!40014 SET FOREIGN_KEY_CHECKS=@OLD_FOREIGN_KEY_CHECKS */;
